-- phpMyAdmin SQL Dump
-- version 5.0.1
-- https://www.phpmyadmin.net/
--
-- Host: 127.0.0.1
-- Generation Time: Feb 22, 2021 at 02:07 PM
-- Server version: 10.4.11-MariaDB
-- PHP Version: 7.3.15

SET SQL_MODE = "NO_AUTO_VALUE_ON_ZERO";
SET AUTOCOMMIT = 0;
START TRANSACTION;
SET time_zone = "+00:00";


/*!40101 SET @OLD_CHARACTER_SET_CLIENT=@@CHARACTER_SET_CLIENT */;
/*!40101 SET @OLD_CHARACTER_SET_RESULTS=@@CHARACTER_SET_RESULTS */;
/*!40101 SET @OLD_COLLATION_CONNECTION=@@COLLATION_CONNECTION */;
/*!40101 SET NAMES utf8mb4 */;

--
-- Database: `spardha_vahini`
--

-- --------------------------------------------------------

--
-- Table structure for table `abhyas_sahitya`
--

CREATE TABLE `abhyas_sahitya` (
  `abhyas_sahitya_id` int(11) NOT NULL,
  `abhyas_sahitya_category_id` text DEFAULT NULL,
  `title` text DEFAULT NULL,
  `description` text DEFAULT NULL,
  `image_url` text DEFAULT NULL,
  `pdf_url` text DEFAULT NULL,
  `status` text DEFAULT NULL,
  `created_on` text DEFAULT NULL
) ENGINE=InnoDB DEFAULT CHARSET=utf8mb4;

--
-- Dumping data for table `abhyas_sahitya`
--

INSERT INTO `abhyas_sahitya` (`abhyas_sahitya_id`, `abhyas_sahitya_category_id`, `title`, `description`, `image_url`, `pdf_url`, `status`, `created_on`) VALUES
(1, '9', 'चालू घडामोडी (२८ ऑक्टोबर २०२०)', 'अमेरिकेतील सर्वोच्च न्यायालयात विद्यमान अध्यक्ष डोनाल्ड ट्रम्प यानि शिफारक केलेल्या अमी कोणी ब्रेट यांची नियुक्ती झाली आहे.', 'study1.png', 'pdf1.pdf', 'Active', NULL),
(2, '10', 'चालू घडामोडी (२८ ऑक्टोबर २०२०)', 'अमेरिकेतील सर्वोच्च न्यायालयात विद्यमान अध्यक्ष डोनाल्ड ट्रम्प यानि शिफारक केलेल्या अमी कोणी ब्रेट यांची नियुक्ती झाली आहे.', 'study1.png', 'pdf1.pdf', 'Active', NULL),
(3, '11', 'चालू घडामोडी (२८ ऑक्टोबर २०२०)', 'अमेरिकेतील सर्वोच्च न्यायालयात विद्यमान अध्यक्ष डोनाल्ड ट्रम्प यानि शिफारक केलेल्या अमी कोणी ब्रेट यांची नियुक्ती झाली आहे.', 'study1.png', 'pdf1.pdf', 'Active', NULL),
(4, '12', 'चालू घडामोडी (२८ ऑक्टोबर २०२०)', 'अमेरिकेतील सर्वोच्च न्यायालयात विद्यमान अध्यक्ष डोनाल्ड ट्रम्प यानि शिफारक केलेल्या अमी कोणी ब्रेट यांची नियुक्ती झाली आहे.', 'study1.png', 'pdf1.pdf', 'Active', NULL),
(5, '13', 'चालू घडामोडी (२८ ऑक्टोबर २०२०)', 'अमेरिकेतील सर्वोच्च न्यायालयात विद्यमान अध्यक्ष डोनाल्ड ट्रम्प यानि शिफारक केलेल्या अमी कोणी ब्रेट यांची नियुक्ती झाली आहे.', 'study1.png', 'pdf1.pdf', 'Active', NULL),
(6, '14', 'चालू घडामोडी (२८ ऑक्टोबर २०२०)', 'अमेरिकेतील सर्वोच्च न्यायालयात विद्यमान अध्यक्ष डोनाल्ड ट्रम्प यानि शिफारक केलेल्या अमी कोणी ब्रेट यांची नियुक्ती झाली आहे.', 'study1.png', 'pdf1.pdf', 'Active', NULL),
(7, '15', 'चालू घडामोडी (२८ ऑक्टोबर २०२०)', 'अमेरिकेतील सर्वोच्च न्यायालयात विद्यमान अध्यक्ष डोनाल्ड ट्रम्प यानि शिफारक केलेल्या अमी कोणी ब्रेट यांची नियुक्ती झाली आहे.', 'study1.png', 'pdf1.pdf', 'Active', NULL),
(8, '16', 'चालू घडामोडी (२८ ऑक्टोबर २०२०)', 'अमेरिकेतील सर्वोच्च न्यायालयात विद्यमान अध्यक्ष डोनाल्ड ट्रम्प यानि शिफारक केलेल्या अमी कोणी ब्रेट यांची नियुक्ती झाली आहे.', 'study1.png', 'pdf1.pdf', 'Active', NULL),
(9, '17', 'चालू घडामोडी (२८ ऑक्टोबर २०२०)', 'अमेरिकेतील सर्वोच्च न्यायालयात विद्यमान अध्यक्ष डोनाल्ड ट्रम्प यानि शिफारक केलेल्या अमी कोणी ब्रेट यांची नियुक्ती झाली आहे.', 'study1.png', 'pdf1.pdf', 'Active', NULL),
(10, '18', 'चालू घडामोडी (२८ ऑक्टोबर २०२०)', 'अमेरिकेतील सर्वोच्च न्यायालयात विद्यमान अध्यक्ष डोनाल्ड ट्रम्प यानि शिफारक केलेल्या अमी कोणी ब्रेट यांची नियुक्ती झाली आहे.', 'study1.png', 'pdf1.pdf', 'Active', NULL),
(11, '19', 'चालू घडामोडी (२८ ऑक्टोबर २०२०)', 'अमेरिकेतील सर्वोच्च न्यायालयात विद्यमान अध्यक्ष डोनाल्ड ट्रम्प यानि शिफारक केलेल्या अमी कोणी ब्रेट यांची नियुक्ती झाली आहे.', 'study1.png', 'pdf1.pdf', 'Active', NULL),
(12, '20', 'चालू घडामोडी (२८ ऑक्टोबर २०२०)', 'अमेरिकेतील सर्वोच्च न्यायालयात विद्यमान अध्यक्ष डोनाल्ड ट्रम्प यानि शिफारक केलेल्या अमी कोणी ब्रेट यांची नियुक्ती झाली आहे.', 'study1.png', 'pdf1.pdf', 'Active', NULL),
(13, '21', 'चालू घडामोडी (२८ ऑक्टोबर २०२०)', 'अमेरिकेतील सर्वोच्च न्यायालयात विद्यमान अध्यक्ष डोनाल्ड ट्रम्प यानि शिफारक केलेल्या अमी कोणी ब्रेट यांची नियुक्ती झाली आहे.', 'study1.png', 'pdf1.pdf', 'Active', NULL),
(14, '22', 'चालू घडामोडी (२८ ऑक्टोबर २०२०)', 'अमेरिकेतील सर्वोच्च न्यायालयात विद्यमान अध्यक्ष डोनाल्ड ट्रम्प यानि शिफारक केलेल्या अमी कोणी ब्रेट यांची नियुक्ती झाली आहे.', 'study1.png', 'pdf1.pdf', 'Active', NULL),
(15, '23', 'चालू घडामोडी (२८ ऑक्टोबर २०२०)', 'अमेरिकेतील सर्वोच्च न्यायालयात विद्यमान अध्यक्ष डोनाल्ड ट्रम्प यानि शिफारक केलेल्या अमी कोणी ब्रेट यांची नियुक्ती झाली आहे.', 'study1.png', 'pdf1.pdf', 'Active', NULL),
(16, '24', 'चालू घडामोडी (२८ ऑक्टोबर २०२०)', 'अमेरिकेतील सर्वोच्च न्यायालयात विद्यमान अध्यक्ष डोनाल्ड ट्रम्प यानि शिफारक केलेल्या अमी कोणी ब्रेट यांची नियुक्ती झाली आहे.', 'study1.png', 'pdf1.pdf', 'Active', NULL),
(17, '25', 'चालू घडामोडी (२८ ऑक्टोबर २०२०)', 'अमेरिकेतील सर्वोच्च न्यायालयात विद्यमान अध्यक्ष डोनाल्ड ट्रम्प यानि शिफारक केलेल्या अमी कोणी ब्रेट यांची नियुक्ती झाली आहे.', 'study1.png', 'pdf1.pdf', 'Active', NULL),
(18, '26', 'चालू घडामोडी (२८ ऑक्टोबर २०२०)', 'अमेरिकेतील सर्वोच्च न्यायालयात विद्यमान अध्यक्ष डोनाल्ड ट्रम्प यानि शिफारक केलेल्या अमी कोणी ब्रेट यांची नियुक्ती झाली आहे.', 'study1.png', 'pdf1.pdf', 'Active', NULL),
(19, '27', 'चालू घडामोडी (२८ ऑक्टोबर २०२०)', 'अमेरिकेतील सर्वोच्च न्यायालयात विद्यमान अध्यक्ष डोनाल्ड ट्रम्प यानि शिफारक केलेल्या अमी कोणी ब्रेट यांची नियुक्ती झाली आहे.', 'study1.png', 'pdf1.pdf', 'Active', NULL),
(20, '28', 'चालू घडामोडी (२८ ऑक्टोबर २०२०)', 'अमेरिकेतील सर्वोच्च न्यायालयात विद्यमान अध्यक्ष डोनाल्ड ट्रम्प यानि शिफारक केलेल्या अमी कोणी ब्रेट यांची नियुक्ती झाली आहे.', 'study1.png', 'pdf1.pdf', 'Active', NULL),
(21, '29', 'चालू घडामोडी (२८ ऑक्टोबर २०२०)', 'अमेरिकेतील सर्वोच्च न्यायालयात विद्यमान अध्यक्ष डोनाल्ड ट्रम्प यानि शिफारक केलेल्या अमी कोणी ब्रेट यांची नियुक्ती झाली आहे.', 'study1.png', 'pdf1.pdf', 'Active', NULL),
(22, '30', 'चालू घडामोडी (२८ ऑक्टोबर २०२०)', 'अमेरिकेतील सर्वोच्च न्यायालयात विद्यमान अध्यक्ष डोनाल्ड ट्रम्प यानि शिफारक केलेल्या अमी कोणी ब्रेट यांची नियुक्ती झाली आहे.', 'study1.png', 'pdf1.pdf', 'Active', NULL),
(23, '31', 'चालू घडामोडी (२८ ऑक्टोबर २०२०)', 'अमेरिकेतील सर्वोच्च न्यायालयात विद्यमान अध्यक्ष डोनाल्ड ट्रम्प यानि शिफारक केलेल्या अमी कोणी ब्रेट यांची नियुक्ती झाली आहे.', 'study1.png', 'pdf1.pdf', 'Active', NULL),
(24, '32', 'चालू घडामोडी (२८ ऑक्टोबर २०२०)', 'अमेरिकेतील सर्वोच्च न्यायालयात विद्यमान अध्यक्ष डोनाल्ड ट्रम्प यानि शिफारक केलेल्या अमी कोणी ब्रेट यांची नियुक्ती झाली आहे.', 'study1.png', 'pdf1.pdf', 'Active', NULL),
(25, '33', 'चालू घडामोडी (२८ ऑक्टोबर २०२०)', 'अमेरिकेतील सर्वोच्च न्यायालयात विद्यमान अध्यक्ष डोनाल्ड ट्रम्प यानि शिफारक केलेल्या अमी कोणी ब्रेट यांची नियुक्ती झाली आहे.', 'study1.png', 'pdf1.pdf', 'Active', NULL),
(26, '34', 'चालू घडामोडी (२८ ऑक्टोबर २०२०)', 'अमेरिकेतील सर्वोच्च न्यायालयात विद्यमान अध्यक्ष डोनाल्ड ट्रम्प यानि शिफारक केलेल्या अमी कोणी ब्रेट यांची नियुक्ती झाली आहे.', 'study1.png', 'pdf1.pdf', 'Active', NULL),
(27, '35', 'चालू घडामोडी (२८ ऑक्टोबर २०२०)', 'अमेरिकेतील सर्वोच्च न्यायालयात विद्यमान अध्यक्ष डोनाल्ड ट्रम्प यानि शिफारक केलेल्या अमी कोणी ब्रेट यांची नियुक्ती झाली आहे.', 'study1.png', 'pdf1.pdf', 'Active', NULL),
(28, '36', 'चालू घडामोडी (२८ ऑक्टोबर २०२०)', 'अमेरिकेतील सर्वोच्च न्यायालयात विद्यमान अध्यक्ष डोनाल्ड ट्रम्प यानि शिफारक केलेल्या अमी कोणी ब्रेट यांची नियुक्ती झाली आहे.', 'study1.png', 'pdf1.pdf', 'Active', NULL),
(29, '37', 'चालू घडामोडी (२८ ऑक्टोबर २०२०)', 'अमेरिकेतील सर्वोच्च न्यायालयात विद्यमान अध्यक्ष डोनाल्ड ट्रम्प यानि शिफारक केलेल्या अमी कोणी ब्रेट यांची नियुक्ती झाली आहे.', 'study1.png', 'pdf1.pdf', 'Active', NULL),
(30, '38', 'चालू घडामोडी (२८ ऑक्टोबर २०२०)', 'अमेरिकेतील सर्वोच्च न्यायालयात विद्यमान अध्यक्ष डोनाल्ड ट्रम्प यानि शिफारक केलेल्या अमी कोणी ब्रेट यांची नियुक्ती झाली आहे.', 'study1.png', 'pdf1.pdf', 'Active', NULL),
(31, '39', 'चालू घडामोडी (२८ ऑक्टोबर २०२०)', 'अमेरिकेतील सर्वोच्च न्यायालयात विद्यमान अध्यक्ष डोनाल्ड ट्रम्प यानि शिफारक केलेल्या अमी कोणी ब्रेट यांची नियुक्ती झाली आहे.', 'study1.png', 'pdf1.pdf', 'Active', NULL),
(32, '40', 'चालू घडामोडी (२८ ऑक्टोबर २०२०)', 'अमेरिकेतील सर्वोच्च न्यायालयात विद्यमान अध्यक्ष डोनाल्ड ट्रम्प यानि शिफारक केलेल्या अमी कोणी ब्रेट यांची नियुक्ती झाली आहे.', 'study1.png', 'pdf1.pdf', 'Active', NULL),
(33, '41', 'चालू घडामोडी (२८ ऑक्टोबर २०२०)', 'अमेरिकेतील सर्वोच्च न्यायालयात विद्यमान अध्यक्ष डोनाल्ड ट्रम्प यानि शिफारक केलेल्या अमी कोणी ब्रेट यांची नियुक्ती झाली आहे.', 'study1.png', 'pdf1.pdf', 'Active', NULL),
(34, '42', 'चालू घडामोडी (२८ ऑक्टोबर २०२०)', 'अमेरिकेतील सर्वोच्च न्यायालयात विद्यमान अध्यक्ष डोनाल्ड ट्रम्प यानि शिफारक केलेल्या अमी कोणी ब्रेट यांची नियुक्ती झाली आहे.', 'study1.png', 'pdf1.pdf', 'Active', NULL),
(35, '43', 'चालू घडामोडी (२८ ऑक्टोबर २०२०)', 'अमेरिकेतील सर्वोच्च न्यायालयात विद्यमान अध्यक्ष डोनाल्ड ट्रम्प यानि शिफारक केलेल्या अमी कोणी ब्रेट यांची नियुक्ती झाली आहे.', 'study1.png', 'pdf1.pdf', 'Active', NULL),
(36, '44', 'चालू घडामोडी (२८ ऑक्टोबर २०२०)', 'अमेरिकेतील सर्वोच्च न्यायालयात विद्यमान अध्यक्ष डोनाल्ड ट्रम्प यानि शिफारक केलेल्या अमी कोणी ब्रेट यांची नियुक्ती झाली आहे.', 'study1.png', 'pdf1.pdf', 'Active', NULL),
(37, '45', 'चालू घडामोडी (२८ ऑक्टोबर २०२०)', 'अमेरिकेतील सर्वोच्च न्यायालयात विद्यमान अध्यक्ष डोनाल्ड ट्रम्प यानि शिफारक केलेल्या अमी कोणी ब्रेट यांची नियुक्ती झाली आहे.', 'study1.png', 'pdf1.pdf', 'Active', NULL),
(38, '46', 'चालू घडामोडी (२८ ऑक्टोबर २०२०)', 'अमेरिकेतील सर्वोच्च न्यायालयात विद्यमान अध्यक्ष डोनाल्ड ट्रम्प यानि शिफारक केलेल्या अमी कोणी ब्रेट यांची नियुक्ती झाली आहे.', 'study1.png', 'pdf1.pdf', 'Active', NULL),
(39, '47', 'चालू घडामोडी (२८ ऑक्टोबर २०२०)', 'अमेरिकेतील सर्वोच्च न्यायालयात विद्यमान अध्यक्ष डोनाल्ड ट्रम्प यानि शिफारक केलेल्या अमी कोणी ब्रेट यांची नियुक्ती झाली आहे.', 'study1.png', 'pdf1.pdf', 'Active', NULL),
(40, '48', 'चालू घडामोडी (२८ ऑक्टोबर २०२०)', 'अमेरिकेतील सर्वोच्च न्यायालयात विद्यमान अध्यक्ष डोनाल्ड ट्रम्प यानि शिफारक केलेल्या अमी कोणी ब्रेट यांची नियुक्ती झाली आहे.', 'study1.png', 'pdf1.pdf', 'Active', NULL),
(41, '49', 'चालू घडामोडी (२८ ऑक्टोबर २०२०)', 'अमेरिकेतील सर्वोच्च न्यायालयात विद्यमान अध्यक्ष डोनाल्ड ट्रम्प यानि शिफारक केलेल्या अमी कोणी ब्रेट यांची नियुक्ती झाली आहे.', 'study1.png', 'pdf1.pdf', 'Active', NULL),
(42, '50', 'चालू घडामोडी (२८ ऑक्टोबर २०२०)', 'अमेरिकेतील सर्वोच्च न्यायालयात विद्यमान अध्यक्ष डोनाल्ड ट्रम्प यानि शिफारक केलेल्या अमी कोणी ब्रेट यांची नियुक्ती झाली आहे.', 'study1.png', 'pdf1.pdf', 'Active', NULL),
(43, '51', 'चालू घडामोडी (२८ ऑक्टोबर २०२०)', 'अमेरिकेतील सर्वोच्च न्यायालयात विद्यमान अध्यक्ष डोनाल्ड ट्रम्प यानि शिफारक केलेल्या अमी कोणी ब्रेट यांची नियुक्ती झाली आहे.', 'study1.png', 'pdf1.pdf', 'Active', NULL),
(44, '52', 'चालू घडामोडी (२८ ऑक्टोबर २०२०)', 'अमेरिकेतील सर्वोच्च न्यायालयात विद्यमान अध्यक्ष डोनाल्ड ट्रम्प यानि शिफारक केलेल्या अमी कोणी ब्रेट यांची नियुक्ती झाली आहे.', 'study1.png', 'pdf1.pdf', 'Active', NULL),
(45, '53', 'चालू घडामोडी (२८ ऑक्टोबर २०२०)', 'अमेरिकेतील सर्वोच्च न्यायालयात विद्यमान अध्यक्ष डोनाल्ड ट्रम्प यानि शिफारक केलेल्या अमी कोणी ब्रेट यांची नियुक्ती झाली आहे.', 'study1.png', 'pdf1.pdf', 'Active', NULL),
(46, '54', 'चालू घडामोडी (२८ ऑक्टोबर २०२०)', 'अमेरिकेतील सर्वोच्च न्यायालयात विद्यमान अध्यक्ष डोनाल्ड ट्रम्प यानि शिफारक केलेल्या अमी कोणी ब्रेट यांची नियुक्ती झाली आहे.', 'study1.png', 'pdf1.pdf', 'Active', NULL),
(47, '55', 'चालू घडामोडी (२८ ऑक्टोबर २०२०)', 'अमेरिकेतील सर्वोच्च न्यायालयात विद्यमान अध्यक्ष डोनाल्ड ट्रम्प यानि शिफारक केलेल्या अमी कोणी ब्रेट यांची नियुक्ती झाली आहे.', 'study1.png', 'pdf1.pdf', 'Active', NULL),
(48, '56', 'चालू घडामोडी (२८ ऑक्टोबर २०२०)', 'अमेरिकेतील सर्वोच्च न्यायालयात विद्यमान अध्यक्ष डोनाल्ड ट्रम्प यानि शिफारक केलेल्या अमी कोणी ब्रेट यांची नियुक्ती झाली आहे.', 'study1.png', 'pdf1.pdf', 'Active', NULL),
(49, '57', 'चालू घडामोडी (२८ ऑक्टोबर २०२०)', 'अमेरिकेतील सर्वोच्च न्यायालयात विद्यमान अध्यक्ष डोनाल्ड ट्रम्प यानि शिफारक केलेल्या अमी कोणी ब्रेट यांची नियुक्ती झाली आहे.', 'study1.png', 'pdf1.pdf', 'Active', NULL),
(50, '58', 'चालू घडामोडी (२८ ऑक्टोबर २०२०)', 'अमेरिकेतील सर्वोच्च न्यायालयात विद्यमान अध्यक्ष डोनाल्ड ट्रम्प यानि शिफारक केलेल्या अमी कोणी ब्रेट यांची नियुक्ती झाली आहे.', 'study1.png', 'pdf1.pdf', 'Active', NULL),
(51, '59', 'चालू घडामोडी (२८ ऑक्टोबर २०२०)', 'अमेरिकेतील सर्वोच्च न्यायालयात विद्यमान अध्यक्ष डोनाल्ड ट्रम्प यानि शिफारक केलेल्या अमी कोणी ब्रेट यांची नियुक्ती झाली आहे.', 'study1.png', 'pdf1.pdf', 'Active', NULL),
(52, '60', 'चालू घडामोडी (२८ ऑक्टोबर २०२०)', 'अमेरिकेतील सर्वोच्च न्यायालयात विद्यमान अध्यक्ष डोनाल्ड ट्रम्प यानि शिफारक केलेल्या अमी कोणी ब्रेट यांची नियुक्ती झाली आहे.', 'study1.png', 'pdf1.pdf', 'Active', NULL),
(53, '61', 'चालू घडामोडी (२८ ऑक्टोबर २०२०)', 'अमेरिकेतील सर्वोच्च न्यायालयात विद्यमान अध्यक्ष डोनाल्ड ट्रम्प यानि शिफारक केलेल्या अमी कोणी ब्रेट यांची नियुक्ती झाली आहे.', 'study1.png', 'pdf1.pdf', 'Active', NULL),
(54, '62', 'चालू घडामोडी (२८ ऑक्टोबर २०२०)', 'अमेरिकेतील सर्वोच्च न्यायालयात विद्यमान अध्यक्ष डोनाल्ड ट्रम्प यानि शिफारक केलेल्या अमी कोणी ब्रेट यांची नियुक्ती झाली आहे.', 'study1.png', 'pdf1.pdf', 'Active', NULL);

-- --------------------------------------------------------

--
-- Table structure for table `abhyas_sahitya_category`
--

CREATE TABLE `abhyas_sahitya_category` (
  `abhyas_sahitya_category_id` int(11) NOT NULL,
  `selected_exams_id` text DEFAULT NULL,
  `category_name` text DEFAULT NULL,
  `status` text DEFAULT NULL,
  `created_on` text DEFAULT NULL
) ENGINE=InnoDB DEFAULT CHARSET=utf8mb4;

--
-- Dumping data for table `abhyas_sahitya_category`
--

INSERT INTO `abhyas_sahitya_category` (`abhyas_sahitya_category_id`, `selected_exams_id`, `category_name`, `status`, `created_on`) VALUES
(1, '1', 'विषयानुसार नोट्स ', 'Active', '2020-11-20'),
(2, '1', 'शालेय पुस्तके (State Board)', 'Active', '2020-11-20'),
(3, '1', 'शालेय पुस्तके (CBSE)', 'Active', '2020-11-20'),
(4, '1', 'YCMOU पुस्तके ', 'Active', '2020-11-20'),
(7, '3', 'विषयानुसार नोट्स ', 'Active', '2020-11-20'),
(8, '3', 'शालेय पुस्तके (State Board)', 'Active', '2020-11-20'),
(9, '4', 'विषयानुसार नोट्स ', 'Active', '2020-11-20'),
(10, '4', 'शालेय पुस्तके (State Board)', 'Active', '2020-11-20');

-- --------------------------------------------------------

--
-- Table structure for table `abhyas_sahitya_category_subject`
--

CREATE TABLE `abhyas_sahitya_category_subject` (
  `abhyas_sahitya_category_subject_id` int(11) NOT NULL,
  `abhyas_sahitya_category_id` text DEFAULT NULL,
  `subject_name` text DEFAULT NULL,
  `status` text DEFAULT NULL
) ENGINE=InnoDB DEFAULT CHARSET=utf8mb4;

--
-- Dumping data for table `abhyas_sahitya_category_subject`
--

INSERT INTO `abhyas_sahitya_category_subject` (`abhyas_sahitya_category_subject_id`, `abhyas_sahitya_category_id`, `subject_name`, `status`) VALUES
(9, '1', 'राज्यशास्त्र ', 'Active'),
(10, '1', 'अर्थशास्त्र ', 'Active'),
(11, '1', 'भूगोल ', 'Active'),
(12, '1', 'इतिहास', 'Active'),
(13, '1', 'विज्ञान ', 'Active'),
(14, '1', 'गणित ', 'Active'),
(15, '1', 'बुद्धिमत्ता ', 'Active'),
(16, '1', 'पर्यावरण ', 'Active'),
(17, '1', 'मराठी ', 'Active'),
(18, '1', 'इंग्लिश ', 'Active'),
(19, '2', 'इयत्ता पाचवी', 'Active'),
(20, '2', 'इयत्ता सहावी', 'Active'),
(21, '2', 'इयत्ता सातवी', 'Active'),
(22, '2', 'इयत्ता आठवी', 'Active'),
(23, '2', 'इयत्ता नववी', 'Active'),
(24, '2', 'इयत्ता दहावी', 'Active'),
(25, '3', 'इयत्ता पाचवी', 'Active'),
(26, '3', 'इयत्ता सहावी', 'Active'),
(27, '3', 'इयत्ता सातवी', 'Active'),
(28, '3', 'इयत्ता आठवी', 'Active'),
(29, '3', 'इयत्ता नववी', 'Active'),
(30, '3', 'इयत्ता दहावी', 'Active'),
(31, '7', 'राज्यशास्त्र ', 'Active'),
(32, '7', 'अर्थशास्त्र ', 'Active'),
(33, '7', 'भूगोल ', 'Active'),
(34, '7', 'इतिहास', 'Active'),
(35, '7', 'विज्ञान ', 'Active'),
(36, '7', 'गणित ', 'Active'),
(37, '7', 'बुद्धिमत्ता ', 'Active'),
(38, '7', 'पर्यावरण ', 'Active'),
(39, '7', 'मराठी ', 'Active'),
(40, '7', 'इंग्लिश ', 'Active'),
(41, '8', 'इयत्ता पाचवी', 'Active'),
(42, '8', 'इयत्ता सहावी', 'Active'),
(43, '8', 'इयत्ता सातवी', 'Active'),
(44, '8', 'इयत्ता आठवी', 'Active'),
(45, '8', 'इयत्ता नववी', 'Active'),
(46, '8', 'इयत्ता दहावी', 'Active'),
(47, '9', 'राज्यशास्त्र ', 'Active'),
(48, '9', 'अर्थशास्त्र ', 'Active'),
(49, '9', 'भूगोल ', 'Active'),
(50, '9', 'इतिहास', 'Active'),
(51, '9', 'विज्ञान ', 'Active'),
(52, '9', 'गणित ', 'Active'),
(53, '9', 'बुद्धिमत्ता ', 'Active'),
(54, '9', 'पर्यावरण ', 'Active'),
(55, '9', 'मराठी ', 'Active'),
(56, '9', 'इंग्लिश ', 'Active'),
(57, '10', 'इयत्ता पाचवी', 'Active'),
(58, '10', 'इयत्ता सहावी', 'Active'),
(59, '10', 'इयत्ता सातवी', 'Active'),
(60, '10', 'इयत्ता आठवी', 'Active'),
(61, '10', 'इयत्ता नववी', 'Active'),
(62, '10', 'इयत्ता दहावी', 'Active');

-- --------------------------------------------------------

--
-- Table structure for table `banner`
--

CREATE TABLE `banner` (
  `banner_id` int(11) NOT NULL,
  `banner_image` text DEFAULT NULL,
  `url` text DEFAULT NULL,
  `status` text DEFAULT NULL,
  `created_on` text DEFAULT NULL
) ENGINE=InnoDB DEFAULT CHARSET=utf8mb4;

--
-- Dumping data for table `banner`
--

INSERT INTO `banner` (`banner_id`, `banner_image`, `url`, `status`, `created_on`) VALUES
(1, 'banner1.png', NULL, 'Active', NULL),
(2, 'banner2.jpg', NULL, 'Active', NULL),
(3, 'banner3.jpg', NULL, 'Active', NULL),
(4, 'banner4.jpg', NULL, 'Active', NULL);

-- --------------------------------------------------------

--
-- Table structure for table `ci_sessions`
--

CREATE TABLE `ci_sessions` (
  `id` varchar(128) COLLATE utf8mb4_unicode_ci NOT NULL,
  `ip_address` varchar(45) COLLATE utf8mb4_unicode_ci NOT NULL,
  `timestamp` int(10) UNSIGNED NOT NULL DEFAULT 0,
  `data` blob NOT NULL
) ENGINE=InnoDB DEFAULT CHARSET=utf8mb4 COLLATE=utf8mb4_unicode_ci;

-- --------------------------------------------------------

--
-- Table structure for table `current_affairs`
--

CREATE TABLE `current_affairs` (
  `current_affair_id` int(11) NOT NULL,
  `selected_exams_id` text DEFAULT NULL,
  `category` text DEFAULT NULL,
  `current_affair_image` text DEFAULT NULL,
  `current_affair_title` text DEFAULT NULL,
  `current_affair_description` text DEFAULT NULL,
  `status` text DEFAULT NULL,
  `created_on` text DEFAULT NULL
) ENGINE=InnoDB DEFAULT CHARSET=utf8mb4;

--
-- Dumping data for table `current_affairs`
--

INSERT INTO `current_affairs` (`current_affair_id`, `selected_exams_id`, `category`, `current_affair_image`, `current_affair_title`, `current_affair_description`, `status`, `created_on`) VALUES
(1, '1', 'Political', 'current-affair-1.jpg', 'National Jal Jeevan Missions conducts webinar', 'The Central Government assistance to States for rural water supply began in 1972 with the launch of\r\nAccelerated Rural Water Supply Programme. It was renamed as National Rural Drinking Water\r\nProgramme (NRDWP) in 2009, which is a centrally sponsored scheme with fund sharing between the\r\nCentre and the States. Under NRDWP, one of the objectives was to “enable all households to have\r\naccess to and use safe & adequate drinking water within premises to the extent possible”. It was\r\nproposed to achieve the goal by 2030, coinciding with the United Nation’s Sustainable Development\r\nGoals. But now, it is has been planned to achieve the goal by 2024 through Jal Jeevan Mission (JJM).\r\nAs per the information available with DDWS, as on 31.3.2019, only 18.33% of rural households i.e.,\r\n3.27 Crore out of the total 17.87 Crore rural households in the country, have piped water connection. ', 'Active', NULL),
(2, '1', 'Technology', 'current-affair-2.jpg', 'PM to hold Svanidhi Samvaad with street vendors from Madhya Pradesh on 9 September', 'Prime Minister Narendra Modi is to hold ‘Svanidhi Samvaad’ with street vendors from Madhya Pradesh on 9 September 2020 through video conferencing. The program will be telecasted through webcasts. PM will interact with 3 beneficiaries from the state by connecting virtually with them from their vending locations', 'Active', NULL),
(3, '1', 'Political', 'current-affair-3.jpg', 'ग्रेडेड रिस्पांस एक्शन प्लान दिल्ली में लागू किया जायेगा', 'प्रदूषण रोधी उपाय ग्रेडेड रिस्पांस एक्शन प्लान दिल्ली में लागू किया जायेगा। दिल्ली प्रदूषण नियंत्रण समिति ने बिजली जनरेटर सेट के संचालन पर प्रतिबंध लगा दिया है। पर्यावरण प्रदूषण प्राधिकरण ने पहले पंजाब, दिल्ली, राजस्थान और हरियाणा सरकारों को ग्रेडेड रिस्पांस एक्शन प्लान के तहत वायु प्रदूषण नियंत्रण उपायों को लागू करने का निर्देश दिया था।\r\nग्रेडेड रिस्पांस एक्शन प्लान क्या है?\r\n\r\nग्रेडेड रिस्पांस एक्शन प्लान संस्थागत उपाय हैं जिन्हें वायु की गुणवत्ता बिगड़ने पर अपनाया जाता है। यह एक आपातकालीन उपाय है। इसे पर्यावरण प्रदूषण (रोकथाम और नियंत्रण) प्राधिकरण द्वारा तैयार किया गया था। इसका उद्देश्य पार्टिकुलेट मैटर पीएम 10 और पीएम 2.5 को “मध्यम” वायु गुणवत्ता सूचकांक से अधिक होने से रोकना है।\r\nयोजना के बारे में\r\n\r\nयोजना चार श्रेणियों को सूचीबद्ध करती है और विशेष श्रेणी की स्थिति आने पर अपनाए जाने वाले उपायों को सूचीबद्ध करती है। वे इस प्रकार हैं :\r\nमध्यम से ख़राब\r\n\r\nवायु गुणवत्ता को मध्यम से ख़राब के रूप में वर्गीकृत किया जाता है, जब एंबिएंट पार्टिकुलेट मैटर कंसंट्रेशननिम्नानुसार है:\r\n\r\n    पीएम 5 का सान्द्रण 61 से 120 माइक्रो ग्राम प्रति घन मीटर के बीच होता है\r\n    पीएम 10 की सांद्रता 101 और 350 माइक्रो ग्राम प्रति घन मीटर के बीच है\r\n\r\nइस स्थिति के दौरान किए जाने वाले उपाय इस प्रकार हैं:\r\n\r\n    बिजली संयंत्रों में प्रदूषण नियंत्रण के उपाय लागू किए जाने चाहिए\r\n    पटाखों पर प्रतिबंध\r\n    कचरा जलाना बंद किया जाए\r\n    सड़कों की मशीनीकृत सफाई\r\n\r\nबहुत ख़राब\r\n\r\nवायु गुणवत्ता को बहुत खराब के रूप में वर्गीकृत किया जाता है, जब एंबिएंट पार्टिकुलेट मैटर कंसंट्रेशन निम्नानुसार होता है:\r\n\r\n    पीएम 5 का सान्द्रण 121 से 250 माइक्रो ग्राम प्रति घन मीटर के बीच है\r\n    पीएम 10 की सांद्रता 351 और 430 माइक्रो ग्राम प्रति घन मीटर के बीच है\r\n\r\nइस स्थिति के दौरान किए जाने वाले उपाय इस प्रकार हैं:\r\n\r\n    डीजल जनरेटर सेट का उपयोग बंद कर दिया जाना चाहिए\r\n    बस और मेट्रो सेवाओं की आवृत्ति बढ़ाई जानी चाहिए\r\n    खुले भोजनालयों और होटलों में कोयले और जलाऊ लकड़ी का उपयोग बंद कर दिया जाता है\r\n\r\nगंभीर\r\n\r\nवायु गुणवत्ता को गंभीर रूप से वर्गीकृत किया जाता है, जब एम्बिएंट पार्टिकुलेट मैटर कॉन्संट्रेशन इस प्रकार है:\r\n\r\n    पीएम 5 की सांद्रता 250 माइक्रो ग्राम प्रति क्यूबिक मीटर से अधिक है\r\n    पीएम 10 की सांद्रता 430 माइक्रो ग्राम प्रति क्यूबिक मीटर से अधिक है\r\n\r\nइस स्थिति के दौरान किए जाने वाले उपाय इस प्रकार हैं\r\n\r\n    गर्म मिक्स प्लांट, स्टोन क्रशर और ईंट भट्टे बंद किये जाने चाहिए\r\n    सार्वजनिक परिवहन में ऑफ-पीक यात्रा शुरू की जानी चाहिए\r\n    सड़कों पर पानी का छिड़काव किया जाना चाहिए\r\n\r\nआपातकालीन\r\n\r\nइसे सीवियर प्लस भी कहा जाता है। वायु गुणवत्ता को गंभीर रूप से वर्गीकृत किया जाता है, जब एम्बिएंट पार्टिकुलेट मैटर कॉन्संट्रेशन इस प्रकार है :\r\n\r\n    पीएम 5 का सान्द्रण 300 माइक्रो ग्राम प्रति घन मीटर से अधिक है\r\n    पीएम 10 की सांद्रता 500 माइक्रो ग्राम प्रति घन मीटर से अधिक है\r\n\r\nइस स्थिति के दौरान किए जाने वाले उपाय इस प्रकार हैं :\r\n\r\n    निर्माण गतिविधियाँ रोक दी जाती हैं\r\n    स्कूल बंद किये जाते हैं\r\n    डीजल ट्रकों का प्रवेश निषिद्ध किया जाता है\r\n', 'Active', NULL),
(4, '1', 'Technology', 'current-affair-1.jpg', '15 अक्टूबर : विश्व छात्र दिवस', '15 अक्टूबर को विश्व छात्र दिवस के रूप में मनाया जाता है, इसे भारत के पूर्व राष्ट्रपति व महान वैज्ञानिक डॉ. एपीजे अब्दुल कलाम के जन्म दिवस के उपलक्ष्य पर मनाया जाता है। 2015 में संयुक्त राष्ट्र ने 15 अक्टूबर को “विश्व छात्र दिवस” के रूप में मनाये जाने की घोषणा की थी।\r\nडॉ. एपीजे अब्दुल कलाम\r\n\r\nडॉ. अवुल पाकिर जैनुलब्दीन अब्दुल कलाम का जन्म 15 अक्टूबर, 1931 को रामेश्वरम में हुआ था। वे भारत के 11वें राष्ट्रपति थे, वे 2002 से 2007 तक भारत के राष्ट्रपति रहे। इससे पहले उन्होंने रक्षा अनुसन्धान व विकास संगठन (DRDO) तथा भारतीय अन्तरिक्ष अनुसन्धान संगठन (ISRO) में लगभग 4 दशकों तक वैज्ञानिक तथा साइंस एडमिनिस्ट्रेटर के रूप में कार्य किया। भारत के नागरिक अन्तरिक्ष कार्यक्रम तथा सैन्य मिसाइल विकास कार्यक्रम में उनकी भूमिका काफी महत्वपूर्ण रही। मिसाइल विकास कार्यक्रम में योगदान के लिए उन्हें “मिसाइल मैन ऑफ़ इन्डिया” कहा जाता है।\r\n\r\nइसके अलावा 1998 में किये गये पोखरण-II परमाणु परीक्षण में भी उनकी काफी महत्वपूर्ण भूमिका थी। वर्ष 1997 में उन्हें उनके योगदान के लिए भारत रत्न से सम्मानित किया गया था। वर्ष 2009 में उन्हें हुवर मैडल प्रदान किया गया तथा 2013 में NSS वोन ब्राउन अवार्ड से सम्मानित किया गया।\r\n\r\nडॉ. कलाम एक प्रसिद्ध लेखक भी थे, उनकी पुस्तकें विशेषतः छात्रों में काफी लोकप्रिय हैं। डॉ. कलाम द्वारा रचित प्रमुख पुस्तकें हैं : इंडिया 2020, विंग्स ऑफ़ फायर, इग्नाइटेड माइंडस, द लुमिनस स्पार्क्स, मिशन इंडिया, इंस्पायरिंग थॉट्स, इन्डोमिटेबल स्पिरिट, टर्निंग पॉइंट्स, टारगेट 3 बिलियन, फोर्ज योर फ्यूचर, ट्रांसेंडेंस : माय स्पिरिचुअल एक्सपीरियंस विद प्रमुख स्वामीजी, एडवांटेज इंडिया : फ्रॉम चैलेंज टू अपोर्चुनिटी।', 'Active', NULL),
(5, '1', 'Political', 'current-affair-2.jpg', 'केंद्रीय मंत्रिमंडल ने 5,718 करोड़ रुपये के विश्व बैंक के प्रोजेक्ट स्टार्स को मंजूरी दी', '14 अक्टूबर, 2020 को प्रधानमंत्री श्री नरेंद्र मोदी की अध्यक्षता में केंद्रीय मंत्रिमंडल ने विश्व बैंक द्वारा सहायता प्राप्त प्रोजेक्ट STARS को मंजूरी दी।\r\nमुख्य बिंदु\r\n\r\nकैबिनेट ने प्रोजेक्ट STARS को लागू करने के लिए विश्व बैंक से 5,718 करोड़ रुपये की सहायता को मंजूरी दी है। STARS का पूर्ण स्वरुप Strengthening Teaching Learning and Resources for States है। इस परियोजना को स्कूल शिक्षा विभाग और शिक्षा मंत्रालय के तहत संचालित साक्षरता विभाग द्वारा लागू किया जायेगा। यह परियोजना राष्ट्रीय मूल्यांकन केंद्र, PRAKH की स्थापना और समर्थन भी करेगी।\r\nस्टार्स कार्यक्रम\r\n\r\nस्टार्स का पूर्ण स्वरुप ‘Strengthening Teaching-Learning and Results for States Program’ है। 1994 से इस कार्यक्रम ने भारत और विश्व बैंक के बीच एक लंबी साझेदारी स्थापित करने में मदद की है। इस कार्यक्रम के माध्यम से, विश्व बैंक समूह ने भारत सरकार को ‘सभी के लिए शिक्षा’ प्रदान करने के दृष्टिकोण को अधिक लचीलापन प्रदान किया है। भारत सरकार ने अपने विज़न में पिछले कई वर्षों में महत्वपूर्ण प्रगति की है क्योंकि स्कूल जाने वाले छात्रों की संख्या 2004-05 से 2018-19 की अवधि के बीच 219 मिलियन से बढ़कर 248 मिलियन हो गई है।\r\nलाभ\r\n\r\nइस कार्यक्रम से देश के 250 मिलियन से अधिक छात्रों को लाभ होगा। यह कार्यक्रम सभी के लिए शिक्षा प्रदान करने के अपने लक्ष्य को प्राप्त करने में भारत की सहायता करेगा। इस कार्यक्रम से पहले विश्व बैंक ने भारत के इस लक्ष्य को प्राप्त करने के लिए 3 बिलियन अमरीकी डालर से अधिक की वित्तीय सहायता प्रदान की है।', 'Active', NULL),
(6, '1', 'Technology', 'current-affair-3.jpg', 'सुरक्षा कवच – सेना और पुलिस द्वारा संयुक्त आतंकवाद रोधी अभ्यास आयोजित किया गया', 'अग्निबाज़ डिवीजन जो भारतीय सेना की दक्षिणी कमान के तहत है, ने 9 अक्टूबर, 2020 को लुल्लानगर पुणे में भारतीय सेना और महाराष्ट्र पुलिस के लिए एक संयुक्त अभ्यास का आयोजन किया। अग्निबाज़ डिवीजन का मुख्यालय पुणे में है और इसे 41 आर्टिलरी डिवीज़न  के रूप में भी जाना जाता है।\r\nमुख्य बिंदु\r\n\r\n    इस अभ्यास का प्राथमिक उद्देश्य भारतीय सेना और पुलिस के अभ्यास और प्रक्रियाओं का सामंजस्य बनाना था।\r\n    यहपुणे में किसी भी आतंकवादी कार्रवाई का मुकाबला करने के लिए आतंकवाद-रोधी त्वरित प्रतिक्रिया टीमों (QRTs) को सक्रिय करने के लिए किया गया था ।\r\n\r\nप्रतिभागी\r\n\r\nइस अभ्यास में क्विक रिएक्शन टीम, डॉग स्क्वॉड, सेना की बम डिस्पोजल टीमो, आतंकवाद-रोधी दस्ते (एटीएस) और महाराष्ट्र पुलिस की त्वरित प्रतिक्रिया टीम की भागीदारी शामिल है।\r\nअभ्यास  के बारे में\r\n\r\nलुल्लनगर में पारिवारिक आवास में आतंकवादी की उपस्थिति के संबंध में सिमुलेटेड अभ्यास वातावरण का निर्माण किया गया था। सेट अप के आधार पर, सेना की त्वरित प्रतिक्रिया टीमों ने शुरू में बाहरी घेरा स्थापित किया। आस-पास की सड़कों पर यातायात नियंत्रण महाराष्ट्र यातायात पुलिस और सैन्य पुलिस कोर द्वारा एक साथ किया गया था। फिर, सेना की काउंटर टेररिज्म टास्क फोर्स (CTTF) और महाराष्ट्र पुलिस की क्विक रिएक्शन टीम द्वारा संयुक्त रूप से कार्रवाई की गई, कमरे के प्रवेश की कवायद के माध्यम से आतंकवादियों को बेअसर किया गया, डॉग स्क्वॉड द्वारा किसी अज्ञात वस्तुओं या विस्फोटकों की तलाश की गयी और बम डिस्पोजल यूनिटों द्वारा बमों को डिफ्यूज किया गया।', 'Active', NULL),
(7, '1', 'Political', 'Justice of US SC.jpg', 'Amy Coney Barrett confirmed by Senate to US Supreme Court a week ahead of elections', '<p>The US Senate on October 26, 2020, voted to confirm the conservative jurist Amy Coney Barrett, President Donald Trump&rsquo;s SC nominee judge, as the newest justice of the United States Supreme Court. Barrett was then later sworn in as Justice of Supreme Court on the night of October 27 at a ceremony on the South Lawn of the White House. The vote was 52-48 from a deeply divided chamber largely along partisan lines where no democrat voted to confirm Barrett.</p>\r\n\r\n<ul>\r\n	<li>voted to confirm Barrett.</li>\r\n	<li>voted to confirm Barrett.</li>\r\n	<li>voted to confirm Barrett.</li>\r\n	<li>voted to confirm Barrett.</li>\r\n</ul>\r\n\r\n<ol>\r\n	<li>democrat voted to confirm Barrett.</li>\r\n	<li>democrat voted to confirm Barrett.</li>\r\n	<li>democrat voted to confirm Barrett.</li>\r\n</ol>\r\n', 'Active', NULL),
(8, '1', 'Technology', 'India US meet.jpg', 'India-US starts 2+2 Ministerial Dialogue, bilateral, regional and global issues to be discussed', '<!DOCTYPE html>\r\n<html>\r\n<body>\r\n\r\n<p><b>This text is bold</b></p>\r\n<p><i>This text is italic</i></p>\r\n<p>This is<sub> subscript</sub> and <sup>superscript</sup></p>\r\n\r\n</body>\r\n</html>\r\n\r\nFor the third India-US Ministerial Dialogue, U.S Secretary of Defence, Mark T. Esper, and U.S. Secretary of State, Michael R. Pompeo arrived in India on October 26, 2020, and met the Defence Minister Rajnath Singh and External Affairs Minister S Jaishankar ahead of the ministerial meet. ', 'Active', NULL),
(9, '2', 'Political', 'current-affair-1.jpg', 'National Jal Jeevan Missions conducts webinar', 'The Central Government assistance to States for rural water supply began in 1972 with the launch of', 'Active', NULL),
(10, '2', 'Technology', 'current-affair-2.jpg', 'PM to hold Svanidhi Samvaad with street vendors from Madhya Pradesh on 9 September', 'Prime Minister Narendra Modi is to hold ‘Svanidhi Samvaad’ with street vendors from Madhya Pradesh on 9 September 2020 through video conferencing. The program will be telecasted through webcasts. PM will interact with 3 beneficiaries from the state by connecting virtually with them from their vending locations', 'Active', NULL),
(11, '2', 'Political', 'current-affair-3.jpg', 'ग्रेडेड रिस्पांस एक्शन प्लान दिल्ली में लागू किया जायेगा', 'प्रदूषण रोधी उपाय ग्रेडेड रिस्पांस एक्शन प्लान दिल्ली में लागू किया जायेगा। दिल्ली प्रदूषण नियंत्रण समिति ने बिजली जनरेटर सेट के संचालन पर प्रतिबंध लगा दिया है। पर्यावरण प्रदूषण प्राधिकरण ने पहले पंजाब, दिल्ली, राजस्थान और हरियाणा सरकारों को ग्रेडेड रिस्पांस एक्शन प्लान के तहत वायु प्रदूषण नियंत्रण उपायों को लागू करने का निर्देश दिया था।\r\nग्रेडेड रिस्पांस एक्शन प्लान क्या है?\r\n\r\nग्रेडेड रिस्पांस एक्शन प्लान संस्थागत उपाय हैं जिन्हें वायु की गुणवत्ता बिगड़ने पर अपनाया जाता है। यह एक आपातकालीन उपाय है। इसे पर्यावरण प्रदूषण (रोकथाम और नियंत्रण) प्राधिकरण द्वारा तैयार किया गया था। इसका उद्देश्य पार्टिकुलेट मैटर पीएम 10 और पीएम 2.5 को “मध्यम” वायु गुणवत्ता सूचकांक से अधिक होने से रोकना है।\r\nयोजना के बारे में\r\n\r\nयोजना चार श्रेणियों को सूचीबद्ध करती है और विशेष श्रेणी की स्थिति आने पर अपनाए जाने वाले उपायों को सूचीबद्ध करती है। वे इस प्रकार हैं :\r\nमध्यम से ख़राब\r\n\r\nवायु गुणवत्ता को मध्यम से ख़राब के रूप में वर्गीकृत किया जाता है, जब एंबिएंट पार्टिकुलेट मैटर कंसंट्रेशननिम्नानुसार है:\r\n\r\n    पीएम 5 का सान्द्रण 61 से 120 माइक्रो ग्राम प्रति घन मीटर के बीच होता है\r\n    पीएम 10 की सांद्रता 101 और 350 माइक्रो ग्राम प्रति घन मीटर के बीच है\r\n\r\nइस स्थिति के दौरान किए जाने वाले उपाय इस प्रकार हैं:\r\n\r\n    बिजली संयंत्रों में प्रदूषण नियंत्रण के उपाय लागू किए जाने चाहिए\r\n    पटाखों पर प्रतिबंध\r\n    कचरा जलाना बंद किया जाए\r\n    सड़कों की मशीनीकृत सफाई\r\n\r\nबहुत ख़राब\r\n\r\nवायु गुणवत्ता को बहुत खराब के रूप में वर्गीकृत किया जाता है, जब एंबिएंट पार्टिकुलेट मैटर कंसंट्रेशन निम्नानुसार होता है:\r\n\r\n    पीएम 5 का सान्द्रण 121 से 250 माइक्रो ग्राम प्रति घन मीटर के बीच है\r\n    पीएम 10 की सांद्रता 351 और 430 माइक्रो ग्राम प्रति घन मीटर के बीच है\r\n\r\nइस स्थिति के दौरान किए जाने वाले उपाय इस प्रकार हैं:\r\n\r\n    डीजल जनरेटर सेट का उपयोग बंद कर दिया जाना चाहिए\r\n    बस और मेट्रो सेवाओं की आवृत्ति बढ़ाई जानी चाहिए\r\n    खुले भोजनालयों और होटलों में कोयले और जलाऊ लकड़ी का उपयोग बंद कर दिया जाता है\r\n\r\nगंभीर\r\n\r\nवायु गुणवत्ता को गंभीर रूप से वर्गीकृत किया जाता है, जब एम्बिएंट पार्टिकुलेट मैटर कॉन्संट्रेशन इस प्रकार है:\r\n\r\n    पीएम 5 की सांद्रता 250 माइक्रो ग्राम प्रति क्यूबिक मीटर से अधिक है\r\n    पीएम 10 की सांद्रता 430 माइक्रो ग्राम प्रति क्यूबिक मीटर से अधिक है\r\n\r\nइस स्थिति के दौरान किए जाने वाले उपाय इस प्रकार हैं\r\n\r\n    गर्म मिक्स प्लांट, स्टोन क्रशर और ईंट भट्टे बंद किये जाने चाहिए\r\n    सार्वजनिक परिवहन में ऑफ-पीक यात्रा शुरू की जानी चाहिए\r\n    सड़कों पर पानी का छिड़काव किया जाना चाहिए\r\n\r\nआपातकालीन\r\n\r\nइसे सीवियर प्लस भी कहा जाता है। वायु गुणवत्ता को गंभीर रूप से वर्गीकृत किया जाता है, जब एम्बिएंट पार्टिकुलेट मैटर कॉन्संट्रेशन इस प्रकार है :\r\n\r\n    पीएम 5 का सान्द्रण 300 माइक्रो ग्राम प्रति घन मीटर से अधिक है\r\n    पीएम 10 की सांद्रता 500 माइक्रो ग्राम प्रति घन मीटर से अधिक है\r\n\r\nइस स्थिति के दौरान किए जाने वाले उपाय इस प्रकार हैं :\r\n\r\n    निर्माण गतिविधियाँ रोक दी जाती हैं\r\n    स्कूल बंद किये जाते हैं\r\n    डीजल ट्रकों का प्रवेश निषिद्ध किया जाता है\r\n', 'Active', NULL),
(12, '2', 'Technology', 'Justice of US SC.jpg', 'Amy Coney Barrett confirmed by Senate to US Supreme Court a week ahead of elections', 'The US Senate on October 26, 2020, voted to confirm the conservative jurist Amy Coney Barrett, President Donald Trump’s SC nominee judge, as the newest justice of the United States Supreme Court.\r\n\r\nBarrett was then later sworn in as Justice of Supreme Court on the night of October 27 at a ceremony on the South Lawn of the White House. The vote was 52-48 from a deeply divided chamber largely along partisan lines where no democrat voted to confirm Barrett.', 'Active', NULL),
(13, '2', 'Political', 'current-affair-1.jpg', 'National Jal Jeevan Missions conducts webinar', 'The Central Government assistance to States for rural water supply began in 1972 with the launch of', 'Active', NULL),
(14, '2', 'Technology', 'current-affair-2.jpg', 'PM to hold Svanidhi Samvaad with street vendors from Madhya Pradesh on 9 September', 'Prime Minister Narendra Modi is to hold ‘Svanidhi Samvaad’ with street vendors from Madhya Pradesh on 9 September 2020 through video conferencing. The program will be telecasted through webcasts. PM will interact with 3 beneficiaries from the state by connecting virtually with them from their vending locations', 'Active', NULL),
(15, '2', 'Political', 'current-affair-3.jpg', 'ग्रेडेड रिस्पांस एक्शन प्लान दिल्ली में लागू किया जायेगा', 'प्रदूषण रोधी उपाय ग्रेडेड रिस्पांस एक्शन प्लान दिल्ली में लागू किया जायेगा। दिल्ली प्रदूषण नियंत्रण समिति ने बिजली जनरेटर सेट के संचालन पर प्रतिबंध लगा दिया है। पर्यावरण प्रदूषण प्राधिकरण ने पहले पंजाब, दिल्ली, राजस्थान और हरियाणा सरकारों को ग्रेडेड रिस्पांस एक्शन प्लान के तहत वायु प्रदूषण नियंत्रण उपायों को लागू करने का निर्देश दिया था।\r\nग्रेडेड रिस्पांस एक्शन प्लान क्या है?\r\n\r\nग्रेडेड रिस्पांस एक्शन प्लान संस्थागत उपाय हैं जिन्हें वायु की गुणवत्ता बिगड़ने पर अपनाया जाता है। यह एक आपातकालीन उपाय है। इसे पर्यावरण प्रदूषण (रोकथाम और नियंत्रण) प्राधिकरण द्वारा तैयार किया गया था। इसका उद्देश्य पार्टिकुलेट मैटर पीएम 10 और पीएम 2.5 को “मध्यम” वायु गुणवत्ता सूचकांक से अधिक होने से रोकना है।\r\nयोजना के बारे में\r\n\r\nयोजना चार श्रेणियों को सूचीबद्ध करती है और विशेष श्रेणी की स्थिति आने पर अपनाए जाने वाले उपायों को सूचीबद्ध करती है। वे इस प्रकार हैं :\r\nमध्यम से ख़राब\r\n\r\nवायु गुणवत्ता को मध्यम से ख़राब के रूप में वर्गीकृत किया जाता है, जब एंबिएंट पार्टिकुलेट मैटर कंसंट्रेशननिम्नानुसार है:\r\n\r\n    पीएम 5 का सान्द्रण 61 से 120 माइक्रो ग्राम प्रति घन मीटर के बीच होता है\r\n    पीएम 10 की सांद्रता 101 और 350 माइक्रो ग्राम प्रति घन मीटर के बीच है\r\n\r\nइस स्थिति के दौरान किए जाने वाले उपाय इस प्रकार हैं:\r\n\r\n    बिजली संयंत्रों में प्रदूषण नियंत्रण के उपाय लागू किए जाने चाहिए\r\n    पटाखों पर प्रतिबंध\r\n    कचरा जलाना बंद किया जाए\r\n    सड़कों की मशीनीकृत सफाई\r\n\r\nबहुत ख़राब\r\n\r\nवायु गुणवत्ता को बहुत खराब के रूप में वर्गीकृत किया जाता है, जब एंबिएंट पार्टिकुलेट मैटर कंसंट्रेशन निम्नानुसार होता है:\r\n\r\n    पीएम 5 का सान्द्रण 121 से 250 माइक्रो ग्राम प्रति घन मीटर के बीच है\r\n    पीएम 10 की सांद्रता 351 और 430 माइक्रो ग्राम प्रति घन मीटर के बीच है\r\n\r\nइस स्थिति के दौरान किए जाने वाले उपाय इस प्रकार हैं:\r\n\r\n    डीजल जनरेटर सेट का उपयोग बंद कर दिया जाना चाहिए\r\n    बस और मेट्रो सेवाओं की आवृत्ति बढ़ाई जानी चाहिए\r\n    खुले भोजनालयों और होटलों में कोयले और जलाऊ लकड़ी का उपयोग बंद कर दिया जाता है\r\n\r\nगंभीर\r\n\r\nवायु गुणवत्ता को गंभीर रूप से वर्गीकृत किया जाता है, जब एम्बिएंट पार्टिकुलेट मैटर कॉन्संट्रेशन इस प्रकार है:\r\n\r\n    पीएम 5 की सांद्रता 250 माइक्रो ग्राम प्रति क्यूबिक मीटर से अधिक है\r\n    पीएम 10 की सांद्रता 430 माइक्रो ग्राम प्रति क्यूबिक मीटर से अधिक है\r\n\r\nइस स्थिति के दौरान किए जाने वाले उपाय इस प्रकार हैं\r\n\r\n    गर्म मिक्स प्लांट, स्टोन क्रशर और ईंट भट्टे बंद किये जाने चाहिए\r\n    सार्वजनिक परिवहन में ऑफ-पीक यात्रा शुरू की जानी चाहिए\r\n    सड़कों पर पानी का छिड़काव किया जाना चाहिए\r\n\r\nआपातकालीन\r\n\r\nइसे सीवियर प्लस भी कहा जाता है। वायु गुणवत्ता को गंभीर रूप से वर्गीकृत किया जाता है, जब एम्बिएंट पार्टिकुलेट मैटर कॉन्संट्रेशन इस प्रकार है :\r\n\r\n    पीएम 5 का सान्द्रण 300 माइक्रो ग्राम प्रति घन मीटर से अधिक है\r\n    पीएम 10 की सांद्रता 500 माइक्रो ग्राम प्रति घन मीटर से अधिक है\r\n\r\nइस स्थिति के दौरान किए जाने वाले उपाय इस प्रकार हैं :\r\n\r\n    निर्माण गतिविधियाँ रोक दी जाती हैं\r\n    स्कूल बंद किये जाते हैं\r\n    डीजल ट्रकों का प्रवेश निषिद्ध किया जाता है\r\n', 'Active', NULL),
(16, '2', 'Technology', 'Justice of US SC.jpg', 'Amy Coney Barrett confirmed by Senate to US Supreme Court a week ahead of elections', 'The US Senate on October 26, 2020, voted to confirm the conservative jurist Amy Coney Barrett, President Donald Trump’s SC nominee judge, as the newest justice of the United States Supreme Court.\r\n\r\nBarrett was then later sworn in as Justice of Supreme Court on the night of October 27 at a ceremony on the South Lawn of the White House. The vote was 52-48 from a deeply divided chamber largely along partisan lines where no democrat voted to confirm Barrett.', 'Active', NULL),
(17, '3', 'Political', 'current-affair-1.jpg', 'National Jal Jeevan Missions conducts webinar', 'The Central Government assistance to States for rural water supply began in 1972 with the launch of', 'Active', NULL),
(18, '3', 'Technology', 'current-affair-2.jpg', 'PM to hold Svanidhi Samvaad with street vendors from Madhya Pradesh on 9 September', 'Prime Minister Narendra Modi is to hold ‘Svanidhi Samvaad’ with street vendors from Madhya Pradesh on 9 September 2020 through video conferencing. The program will be telecasted through webcasts. PM will interact with 3 beneficiaries from the state by connecting virtually with them from their vending locations', 'Active', NULL),
(19, '3', 'Political', 'current-affair-3.jpg', 'ग्रेडेड रिस्पांस एक्शन प्लान दिल्ली में लागू किया जायेगा', 'प्रदूषण रोधी उपाय ग्रेडेड रिस्पांस एक्शन प्लान दिल्ली में लागू किया जायेगा। दिल्ली प्रदूषण नियंत्रण समिति ने बिजली जनरेटर सेट के संचालन पर प्रतिबंध लगा दिया है। पर्यावरण प्रदूषण प्राधिकरण ने पहले पंजाब, दिल्ली, राजस्थान और हरियाणा सरकारों को ग्रेडेड रिस्पांस एक्शन प्लान के तहत वायु प्रदूषण नियंत्रण उपायों को लागू करने का निर्देश दिया था।\r\nग्रेडेड रिस्पांस एक्शन प्लान क्या है?\r\n\r\nग्रेडेड रिस्पांस एक्शन प्लान संस्थागत उपाय हैं जिन्हें वायु की गुणवत्ता बिगड़ने पर अपनाया जाता है। यह एक आपातकालीन उपाय है। इसे पर्यावरण प्रदूषण (रोकथाम और नियंत्रण) प्राधिकरण द्वारा तैयार किया गया था। इसका उद्देश्य पार्टिकुलेट मैटर पीएम 10 और पीएम 2.5 को “मध्यम” वायु गुणवत्ता सूचकांक से अधिक होने से रोकना है।\r\nयोजना के बारे में\r\n\r\nयोजना चार श्रेणियों को सूचीबद्ध करती है और विशेष श्रेणी की स्थिति आने पर अपनाए जाने वाले उपायों को सूचीबद्ध करती है। वे इस प्रकार हैं :\r\nमध्यम से ख़राब\r\n\r\nवायु गुणवत्ता को मध्यम से ख़राब के रूप में वर्गीकृत किया जाता है, जब एंबिएंट पार्टिकुलेट मैटर कंसंट्रेशननिम्नानुसार है:\r\n\r\n    पीएम 5 का सान्द्रण 61 से 120 माइक्रो ग्राम प्रति घन मीटर के बीच होता है\r\n    पीएम 10 की सांद्रता 101 और 350 माइक्रो ग्राम प्रति घन मीटर के बीच है\r\n\r\nइस स्थिति के दौरान किए जाने वाले उपाय इस प्रकार हैं:\r\n\r\n    बिजली संयंत्रों में प्रदूषण नियंत्रण के उपाय लागू किए जाने चाहिए\r\n    पटाखों पर प्रतिबंध\r\n    कचरा जलाना बंद किया जाए\r\n    सड़कों की मशीनीकृत सफाई\r\n\r\nबहुत ख़राब\r\n\r\nवायु गुणवत्ता को बहुत खराब के रूप में वर्गीकृत किया जाता है, जब एंबिएंट पार्टिकुलेट मैटर कंसंट्रेशन निम्नानुसार होता है:\r\n\r\n    पीएम 5 का सान्द्रण 121 से 250 माइक्रो ग्राम प्रति घन मीटर के बीच है\r\n    पीएम 10 की सांद्रता 351 और 430 माइक्रो ग्राम प्रति घन मीटर के बीच है\r\n\r\nइस स्थिति के दौरान किए जाने वाले उपाय इस प्रकार हैं:\r\n\r\n    डीजल जनरेटर सेट का उपयोग बंद कर दिया जाना चाहिए\r\n    बस और मेट्रो सेवाओं की आवृत्ति बढ़ाई जानी चाहिए\r\n    खुले भोजनालयों और होटलों में कोयले और जलाऊ लकड़ी का उपयोग बंद कर दिया जाता है\r\n\r\nगंभीर\r\n\r\nवायु गुणवत्ता को गंभीर रूप से वर्गीकृत किया जाता है, जब एम्बिएंट पार्टिकुलेट मैटर कॉन्संट्रेशन इस प्रकार है:\r\n\r\n    पीएम 5 की सांद्रता 250 माइक्रो ग्राम प्रति क्यूबिक मीटर से अधिक है\r\n    पीएम 10 की सांद्रता 430 माइक्रो ग्राम प्रति क्यूबिक मीटर से अधिक है\r\n\r\nइस स्थिति के दौरान किए जाने वाले उपाय इस प्रकार हैं\r\n\r\n    गर्म मिक्स प्लांट, स्टोन क्रशर और ईंट भट्टे बंद किये जाने चाहिए\r\n    सार्वजनिक परिवहन में ऑफ-पीक यात्रा शुरू की जानी चाहिए\r\n    सड़कों पर पानी का छिड़काव किया जाना चाहिए\r\n\r\nआपातकालीन\r\n\r\nइसे सीवियर प्लस भी कहा जाता है। वायु गुणवत्ता को गंभीर रूप से वर्गीकृत किया जाता है, जब एम्बिएंट पार्टिकुलेट मैटर कॉन्संट्रेशन इस प्रकार है :\r\n\r\n    पीएम 5 का सान्द्रण 300 माइक्रो ग्राम प्रति घन मीटर से अधिक है\r\n    पीएम 10 की सांद्रता 500 माइक्रो ग्राम प्रति घन मीटर से अधिक है\r\n\r\nइस स्थिति के दौरान किए जाने वाले उपाय इस प्रकार हैं :\r\n\r\n    निर्माण गतिविधियाँ रोक दी जाती हैं\r\n    स्कूल बंद किये जाते हैं\r\n    डीजल ट्रकों का प्रवेश निषिद्ध किया जाता है\r\n', 'Active', NULL),
(20, '3', 'Technology', 'Justice of US SC.jpg', 'Amy Coney Barrett confirmed by Senate to US Supreme Court a week ahead of elections', 'The US Senate on October 26, 2020, voted to confirm the conservative jurist Amy Coney Barrett, President Donald Trump’s SC nominee judge, as the newest justice of the United States Supreme Court.\r\n\r\nBarrett was then later sworn in as Justice of Supreme Court on the night of October 27 at a ceremony on the South Lawn of the White House. The vote was 52-48 from a deeply divided chamber largely along partisan lines where no democrat voted to confirm Barrett.', 'Active', NULL),
(21, '3', 'Political', 'current-affair-1.jpg', 'National Jal Jeevan Missions conducts webinar', 'The Central Government assistance to States for rural water supply began in 1972 with the launch of', 'Active', NULL),
(22, '3', 'Technology', 'current-affair-2.jpg', 'PM to hold Svanidhi Samvaad with street vendors from Madhya Pradesh on 9 September', 'Prime Minister Narendra Modi is to hold ‘Svanidhi Samvaad’ with street vendors from Madhya Pradesh on 9 September 2020 through video conferencing. The program will be telecasted through webcasts. PM will interact with 3 beneficiaries from the state by connecting virtually with them from their vending locations', 'Active', NULL),
(23, '3', 'Political', 'current-affair-3.jpg', 'ग्रेडेड रिस्पांस एक्शन प्लान दिल्ली में लागू किया जायेगा', 'प्रदूषण रोधी उपाय ग्रेडेड रिस्पांस एक्शन प्लान दिल्ली में लागू किया जायेगा। दिल्ली प्रदूषण नियंत्रण समिति ने बिजली जनरेटर सेट के संचालन पर प्रतिबंध लगा दिया है। पर्यावरण प्रदूषण प्राधिकरण ने पहले पंजाब, दिल्ली, राजस्थान और हरियाणा सरकारों को ग्रेडेड रिस्पांस एक्शन प्लान के तहत वायु प्रदूषण नियंत्रण उपायों को लागू करने का निर्देश दिया था।\r\nग्रेडेड रिस्पांस एक्शन प्लान क्या है?\r\n\r\nग्रेडेड रिस्पांस एक्शन प्लान संस्थागत उपाय हैं जिन्हें वायु की गुणवत्ता बिगड़ने पर अपनाया जाता है। यह एक आपातकालीन उपाय है। इसे पर्यावरण प्रदूषण (रोकथाम और नियंत्रण) प्राधिकरण द्वारा तैयार किया गया था। इसका उद्देश्य पार्टिकुलेट मैटर पीएम 10 और पीएम 2.5 को “मध्यम” वायु गुणवत्ता सूचकांक से अधिक होने से रोकना है।\r\nयोजना के बारे में\r\n\r\nयोजना चार श्रेणियों को सूचीबद्ध करती है और विशेष श्रेणी की स्थिति आने पर अपनाए जाने वाले उपायों को सूचीबद्ध करती है। वे इस प्रकार हैं :\r\nमध्यम से ख़राब\r\n\r\nवायु गुणवत्ता को मध्यम से ख़राब के रूप में वर्गीकृत किया जाता है, जब एंबिएंट पार्टिकुलेट मैटर कंसंट्रेशननिम्नानुसार है:\r\n\r\n    पीएम 5 का सान्द्रण 61 से 120 माइक्रो ग्राम प्रति घन मीटर के बीच होता है\r\n    पीएम 10 की सांद्रता 101 और 350 माइक्रो ग्राम प्रति घन मीटर के बीच है\r\n\r\nइस स्थिति के दौरान किए जाने वाले उपाय इस प्रकार हैं:\r\n\r\n    बिजली संयंत्रों में प्रदूषण नियंत्रण के उपाय लागू किए जाने चाहिए\r\n    पटाखों पर प्रतिबंध\r\n    कचरा जलाना बंद किया जाए\r\n    सड़कों की मशीनीकृत सफाई\r\n\r\nबहुत ख़राब\r\n\r\nवायु गुणवत्ता को बहुत खराब के रूप में वर्गीकृत किया जाता है, जब एंबिएंट पार्टिकुलेट मैटर कंसंट्रेशन निम्नानुसार होता है:\r\n\r\n    पीएम 5 का सान्द्रण 121 से 250 माइक्रो ग्राम प्रति घन मीटर के बीच है\r\n    पीएम 10 की सांद्रता 351 और 430 माइक्रो ग्राम प्रति घन मीटर के बीच है\r\n\r\nइस स्थिति के दौरान किए जाने वाले उपाय इस प्रकार हैं:\r\n\r\n    डीजल जनरेटर सेट का उपयोग बंद कर दिया जाना चाहिए\r\n    बस और मेट्रो सेवाओं की आवृत्ति बढ़ाई जानी चाहिए\r\n    खुले भोजनालयों और होटलों में कोयले और जलाऊ लकड़ी का उपयोग बंद कर दिया जाता है\r\n\r\nगंभीर\r\n\r\nवायु गुणवत्ता को गंभीर रूप से वर्गीकृत किया जाता है, जब एम्बिएंट पार्टिकुलेट मैटर कॉन्संट्रेशन इस प्रकार है:\r\n\r\n    पीएम 5 की सांद्रता 250 माइक्रो ग्राम प्रति क्यूबिक मीटर से अधिक है\r\n    पीएम 10 की सांद्रता 430 माइक्रो ग्राम प्रति क्यूबिक मीटर से अधिक है\r\n\r\nइस स्थिति के दौरान किए जाने वाले उपाय इस प्रकार हैं\r\n\r\n    गर्म मिक्स प्लांट, स्टोन क्रशर और ईंट भट्टे बंद किये जाने चाहिए\r\n    सार्वजनिक परिवहन में ऑफ-पीक यात्रा शुरू की जानी चाहिए\r\n    सड़कों पर पानी का छिड़काव किया जाना चाहिए\r\n\r\nआपातकालीन\r\n\r\nइसे सीवियर प्लस भी कहा जाता है। वायु गुणवत्ता को गंभीर रूप से वर्गीकृत किया जाता है, जब एम्बिएंट पार्टिकुलेट मैटर कॉन्संट्रेशन इस प्रकार है :\r\n\r\n    पीएम 5 का सान्द्रण 300 माइक्रो ग्राम प्रति घन मीटर से अधिक है\r\n    पीएम 10 की सांद्रता 500 माइक्रो ग्राम प्रति घन मीटर से अधिक है\r\n\r\nइस स्थिति के दौरान किए जाने वाले उपाय इस प्रकार हैं :\r\n\r\n    निर्माण गतिविधियाँ रोक दी जाती हैं\r\n    स्कूल बंद किये जाते हैं\r\n    डीजल ट्रकों का प्रवेश निषिद्ध किया जाता है\r\n', 'Active', NULL),
(24, '3', 'Technology', 'Justice of US SC.jpg', 'Amy Coney Barrett confirmed by Senate to US Supreme Court a week ahead of elections', 'The US Senate on October 26, 2020, voted to confirm the conservative jurist Amy Coney Barrett, President Donald Trump’s SC nominee judge, as the newest justice of the United States Supreme Court.\r\n\r\nBarrett was then later sworn in as Justice of Supreme Court on the night of October 27 at a ceremony on the South Lawn of the White House. The vote was 52-48 from a deeply divided chamber largely along partisan lines where no democrat voted to confirm Barrett.', 'Active', NULL),
(25, '4', 'Political', 'current-affair-1.jpg', 'National Jal Jeevan Missions conducts webinar', 'The Central Government assistance to States for rural water supply began in 1972 with the launch of', 'Active', NULL),
(26, '4', 'Political', 'current-affair-2.jpg', 'PM to hold Svanidhi Samvaad with street vendors from Madhya Pradesh on 9 September', 'Prime Minister Narendra Modi is to hold ‘Svanidhi Samvaad’ with street vendors from Madhya Pradesh on 9 September 2020 through video conferencing. The program will be telecasted through webcasts. PM will interact with 3 beneficiaries from the state by connecting virtually with them from their vending locations', 'Active', NULL),
(27, '4', 'Technology', 'current-affair-3.jpg', 'ग्रेडेड रिस्पांस एक्शन प्लान दिल्ली में लागू किया जायेगा', 'प्रदूषण रोधी उपाय ग्रेडेड रिस्पांस एक्शन प्लान दिल्ली में लागू किया जायेगा। दिल्ली प्रदूषण नियंत्रण समिति ने बिजली जनरेटर सेट के संचालन पर प्रतिबंध लगा दिया है। पर्यावरण प्रदूषण प्राधिकरण ने पहले पंजाब, दिल्ली, राजस्थान और हरियाणा सरकारों को ग्रेडेड रिस्पांस एक्शन प्लान के तहत वायु प्रदूषण नियंत्रण उपायों को लागू करने का निर्देश दिया था।\r\nग्रेडेड रिस्पांस एक्शन प्लान क्या है?\r\n\r\nग्रेडेड रिस्पांस एक्शन प्लान संस्थागत उपाय हैं जिन्हें वायु की गुणवत्ता बिगड़ने पर अपनाया जाता है। यह एक आपातकालीन उपाय है। इसे पर्यावरण प्रदूषण (रोकथाम और नियंत्रण) प्राधिकरण द्वारा तैयार किया गया था। इसका उद्देश्य पार्टिकुलेट मैटर पीएम 10 और पीएम 2.5 को “मध्यम” वायु गुणवत्ता सूचकांक से अधिक होने से रोकना है।\r\nयोजना के बारे में\r\n\r\nयोजना चार श्रेणियों को सूचीबद्ध करती है और विशेष श्रेणी की स्थिति आने पर अपनाए जाने वाले उपायों को सूचीबद्ध करती है। वे इस प्रकार हैं :\r\nमध्यम से ख़राब\r\n\r\nवायु गुणवत्ता को मध्यम से ख़राब के रूप में वर्गीकृत किया जाता है, जब एंबिएंट पार्टिकुलेट मैटर कंसंट्रेशननिम्नानुसार है:\r\n\r\n    पीएम 5 का सान्द्रण 61 से 120 माइक्रो ग्राम प्रति घन मीटर के बीच होता है\r\n    पीएम 10 की सांद्रता 101 और 350 माइक्रो ग्राम प्रति घन मीटर के बीच है\r\n\r\nइस स्थिति के दौरान किए जाने वाले उपाय इस प्रकार हैं:\r\n\r\n    बिजली संयंत्रों में प्रदूषण नियंत्रण के उपाय लागू किए जाने चाहिए\r\n    पटाखों पर प्रतिबंध\r\n    कचरा जलाना बंद किया जाए\r\n    सड़कों की मशीनीकृत सफाई\r\n\r\nबहुत ख़राब\r\n\r\nवायु गुणवत्ता को बहुत खराब के रूप में वर्गीकृत किया जाता है, जब एंबिएंट पार्टिकुलेट मैटर कंसंट्रेशन निम्नानुसार होता है:\r\n\r\n    पीएम 5 का सान्द्रण 121 से 250 माइक्रो ग्राम प्रति घन मीटर के बीच है\r\n    पीएम 10 की सांद्रता 351 और 430 माइक्रो ग्राम प्रति घन मीटर के बीच है\r\n\r\nइस स्थिति के दौरान किए जाने वाले उपाय इस प्रकार हैं:\r\n\r\n    डीजल जनरेटर सेट का उपयोग बंद कर दिया जाना चाहिए\r\n    बस और मेट्रो सेवाओं की आवृत्ति बढ़ाई जानी चाहिए\r\n    खुले भोजनालयों और होटलों में कोयले और जलाऊ लकड़ी का उपयोग बंद कर दिया जाता है\r\n\r\nगंभीर\r\n\r\nवायु गुणवत्ता को गंभीर रूप से वर्गीकृत किया जाता है, जब एम्बिएंट पार्टिकुलेट मैटर कॉन्संट्रेशन इस प्रकार है:\r\n\r\n    पीएम 5 की सांद्रता 250 माइक्रो ग्राम प्रति क्यूबिक मीटर से अधिक है\r\n    पीएम 10 की सांद्रता 430 माइक्रो ग्राम प्रति क्यूबिक मीटर से अधिक है\r\n\r\nइस स्थिति के दौरान किए जाने वाले उपाय इस प्रकार हैं\r\n\r\n    गर्म मिक्स प्लांट, स्टोन क्रशर और ईंट भट्टे बंद किये जाने चाहिए\r\n    सार्वजनिक परिवहन में ऑफ-पीक यात्रा शुरू की जानी चाहिए\r\n    सड़कों पर पानी का छिड़काव किया जाना चाहिए\r\n\r\nआपातकालीन\r\n\r\nइसे सीवियर प्लस भी कहा जाता है। वायु गुणवत्ता को गंभीर रूप से वर्गीकृत किया जाता है, जब एम्बिएंट पार्टिकुलेट मैटर कॉन्संट्रेशन इस प्रकार है :\r\n\r\n    पीएम 5 का सान्द्रण 300 माइक्रो ग्राम प्रति घन मीटर से अधिक है\r\n    पीएम 10 की सांद्रता 500 माइक्रो ग्राम प्रति घन मीटर से अधिक है\r\n\r\nइस स्थिति के दौरान किए जाने वाले उपाय इस प्रकार हैं :\r\n\r\n    निर्माण गतिविधियाँ रोक दी जाती हैं\r\n    स्कूल बंद किये जाते हैं\r\n    डीजल ट्रकों का प्रवेश निषिद्ध किया जाता है\r\n', 'Active', NULL),
(28, '4', 'Political', 'Justice of US SC.jpg', 'Amy Coney Barrett confirmed by Senate to US Supreme Court a week ahead of elections', 'The US Senate on October 26, 2020, voted to confirm the conservative jurist Amy Coney Barrett, President Donald Trump’s SC nominee judge, as the newest justice of the United States Supreme Court.\r\n\r\nBarrett was then later sworn in as Justice of Supreme Court on the night of October 27 at a ceremony on the South Lawn of the White House. The vote was 52-48 from a deeply divided chamber largely along partisan lines where no democrat voted to confirm Barrett.', 'Active', NULL),
(29, '4', 'Technology', 'current-affair-1.jpg', 'National Jal Jeevan Missions conducts webinar', 'The Central Government assistance to States for rural water supply began in 1972 with the launch of', 'Active', NULL),
(30, '4', 'Political', 'current-affair-2.jpg', 'PM to hold Svanidhi Samvaad with street vendors from Madhya Pradesh on 9 September', 'Prime Minister Narendra Modi is to hold ‘Svanidhi Samvaad’ with street vendors from Madhya Pradesh on 9 September 2020 through video conferencing. The program will be telecasted through webcasts. PM will interact with 3 beneficiaries from the state by connecting virtually with them from their vending locations', 'Active', NULL),
(31, '4', 'Technology', 'current-affair-3.jpg', 'ग्रेडेड रिस्पांस एक्शन प्लान दिल्ली में लागू किया जायेगा', 'प्रदूषण रोधी उपाय ग्रेडेड रिस्पांस एक्शन प्लान दिल्ली में लागू किया जायेगा। दिल्ली प्रदूषण नियंत्रण समिति ने बिजली जनरेटर सेट के संचालन पर प्रतिबंध लगा दिया है। पर्यावरण प्रदूषण प्राधिकरण ने पहले पंजाब, दिल्ली, राजस्थान और हरियाणा सरकारों को ग्रेडेड रिस्पांस एक्शन प्लान के तहत वायु प्रदूषण नियंत्रण उपायों को लागू करने का निर्देश दिया था।\r\nग्रेडेड रिस्पांस एक्शन प्लान क्या है?\r\n\r\nग्रेडेड रिस्पांस एक्शन प्लान संस्थागत उपाय हैं जिन्हें वायु की गुणवत्ता बिगड़ने पर अपनाया जाता है। यह एक आपातकालीन उपाय है। इसे पर्यावरण प्रदूषण (रोकथाम और नियंत्रण) प्राधिकरण द्वारा तैयार किया गया था। इसका उद्देश्य पार्टिकुलेट मैटर पीएम 10 और पीएम 2.5 को “मध्यम” वायु गुणवत्ता सूचकांक से अधिक होने से रोकना है।\r\nयोजना के बारे में\r\n\r\nयोजना चार श्रेणियों को सूचीबद्ध करती है और विशेष श्रेणी की स्थिति आने पर अपनाए जाने वाले उपायों को सूचीबद्ध करती है। वे इस प्रकार हैं :\r\nमध्यम से ख़राब\r\n\r\nवायु गुणवत्ता को मध्यम से ख़राब के रूप में वर्गीकृत किया जाता है, जब एंबिएंट पार्टिकुलेट मैटर कंसंट्रेशननिम्नानुसार है:\r\n\r\n    पीएम 5 का सान्द्रण 61 से 120 माइक्रो ग्राम प्रति घन मीटर के बीच होता है\r\n    पीएम 10 की सांद्रता 101 और 350 माइक्रो ग्राम प्रति घन मीटर के बीच है\r\n\r\nइस स्थिति के दौरान किए जाने वाले उपाय इस प्रकार हैं:\r\n\r\n    बिजली संयंत्रों में प्रदूषण नियंत्रण के उपाय लागू किए जाने चाहिए\r\n    पटाखों पर प्रतिबंध\r\n    कचरा जलाना बंद किया जाए\r\n    सड़कों की मशीनीकृत सफाई\r\n\r\nबहुत ख़राब\r\n\r\nवायु गुणवत्ता को बहुत खराब के रूप में वर्गीकृत किया जाता है, जब एंबिएंट पार्टिकुलेट मैटर कंसंट्रेशन निम्नानुसार होता है:\r\n\r\n    पीएम 5 का सान्द्रण 121 से 250 माइक्रो ग्राम प्रति घन मीटर के बीच है\r\n    पीएम 10 की सांद्रता 351 और 430 माइक्रो ग्राम प्रति घन मीटर के बीच है\r\n\r\nइस स्थिति के दौरान किए जाने वाले उपाय इस प्रकार हैं:\r\n\r\n    डीजल जनरेटर सेट का उपयोग बंद कर दिया जाना चाहिए\r\n    बस और मेट्रो सेवाओं की आवृत्ति बढ़ाई जानी चाहिए\r\n    खुले भोजनालयों और होटलों में कोयले और जलाऊ लकड़ी का उपयोग बंद कर दिया जाता है\r\n\r\nगंभीर\r\n\r\nवायु गुणवत्ता को गंभीर रूप से वर्गीकृत किया जाता है, जब एम्बिएंट पार्टिकुलेट मैटर कॉन्संट्रेशन इस प्रकार है:\r\n\r\n    पीएम 5 की सांद्रता 250 माइक्रो ग्राम प्रति क्यूबिक मीटर से अधिक है\r\n    पीएम 10 की सांद्रता 430 माइक्रो ग्राम प्रति क्यूबिक मीटर से अधिक है\r\n\r\nइस स्थिति के दौरान किए जाने वाले उपाय इस प्रकार हैं\r\n\r\n    गर्म मिक्स प्लांट, स्टोन क्रशर और ईंट भट्टे बंद किये जाने चाहिए\r\n    सार्वजनिक परिवहन में ऑफ-पीक यात्रा शुरू की जानी चाहिए\r\n    सड़कों पर पानी का छिड़काव किया जाना चाहिए\r\n\r\nआपातकालीन\r\n\r\nइसे सीवियर प्लस भी कहा जाता है। वायु गुणवत्ता को गंभीर रूप से वर्गीकृत किया जाता है, जब एम्बिएंट पार्टिकुलेट मैटर कॉन्संट्रेशन इस प्रकार है :\r\n\r\n    पीएम 5 का सान्द्रण 300 माइक्रो ग्राम प्रति घन मीटर से अधिक है\r\n    पीएम 10 की सांद्रता 500 माइक्रो ग्राम प्रति घन मीटर से अधिक है\r\n\r\nइस स्थिति के दौरान किए जाने वाले उपाय इस प्रकार हैं :\r\n\r\n    निर्माण गतिविधियाँ रोक दी जाती हैं\r\n    स्कूल बंद किये जाते हैं\r\n    डीजल ट्रकों का प्रवेश निषिद्ध किया जाता है\r\n', 'Active', NULL),
(32, '4', 'Political', 'Justice of US SC.jpg', 'Amy Coney Barrett confirmed by Senate to US Supreme Court a week ahead of elections', 'The US Senate on October 26, 2020, voted to confirm the conservative jurist Amy Coney Barrett, President Donald Trump’s SC nominee judge, as the newest justice of the United States Supreme Court.\r\n\r\nBarrett was then later sworn in as Justice of Supreme Court on the night of October 27 at a ceremony on the South Lawn of the White House. The vote was 52-48 from a deeply divided chamber largely along partisan lines where no democrat voted to confirm Barrett.', 'Active', NULL);

-- --------------------------------------------------------

--
-- Table structure for table `current_affairs_comments`
--

CREATE TABLE `current_affairs_comments` (
  `current_affairs_comments_id` int(11) NOT NULL,
  `current_affair_id` text DEFAULT NULL,
  `login_id` text DEFAULT NULL,
  `comment_body` text DEFAULT NULL,
  `comment_status` text DEFAULT NULL,
  `date` text DEFAULT NULL,
  `time` text DEFAULT NULL,
  `status` text DEFAULT NULL,
  `created_on` text DEFAULT NULL,
  `updated_on` text DEFAULT NULL
) ENGINE=InnoDB DEFAULT CHARSET=utf8mb4;

--
-- Dumping data for table `current_affairs_comments`
--

INSERT INTO `current_affairs_comments` (`current_affairs_comments_id`, `current_affair_id`, `login_id`, `comment_body`, `comment_status`, `date`, `time`, `status`, `created_on`, `updated_on`) VALUES
(1, '1', '1', 'Nice content.', 'Reported', 'today', 'asflas', 'Active', '2020-09-24', '2020-09-24'),
(2, '2', '1', 'hello', 'Reported', '24-09-2020', '12:14:55', 'Active', '2020-09-24', '2020-09-24'),
(3, '1', '1', 'great', 'Approved', '24-09-2020', '12:15:13', 'Active', '2020-09-24', NULL),
(4, '1', '1', 'hey', 'Approved', '13-10-2020', '11:30:29', 'Active', '2020-10-13', NULL),
(5, '6', '1', 'hello', 'Approved', '22-10-2020', '11:45:21', 'Active', '2020-10-22', NULL),
(6, '7', '1', 'hhh', 'Approved', '30-10-2020', '15:43:32', 'Active', '2020-10-30', NULL),
(7, '15', '1', 'gfjgfjfgj', 'Approved', '09-11-2020', '17:43:21', 'Active', '2020-11-09', NULL),
(8, '8', '1', 'test', 'Approved', '24-11-2020', '13:18:58', 'Active', '2020-11-24', NULL);

-- --------------------------------------------------------

--
-- Table structure for table `current_affairs_likes`
--

CREATE TABLE `current_affairs_likes` (
  `current_affairs_likes_id` int(11) NOT NULL,
  `current_affair_id` text DEFAULT NULL,
  `login_id` text DEFAULT NULL,
  `status` text DEFAULT NULL,
  `created_on` text DEFAULT NULL
) ENGINE=InnoDB DEFAULT CHARSET=utf8mb4;

--
-- Dumping data for table `current_affairs_likes`
--

INSERT INTO `current_affairs_likes` (`current_affairs_likes_id`, `current_affair_id`, `login_id`, `status`, `created_on`) VALUES
(1, '1', '1', 'Inactive', '2020-09-17'),
(2, '1', '1', 'Inactive', '2020-09-17'),
(3, '2', '1', 'Inactive', '2020-09-17'),
(4, '2', '1', 'Inactive', '2020-09-17'),
(5, '1', '1', 'Inactive', '2020-09-17'),
(6, '1', '1', 'Inactive', '2020-09-17'),
(7, '2', '1', 'Inactive', '2020-09-24'),
(8, '2', '1', 'Inactive', '2020-09-24'),
(9, '2', '1', 'Inactive', '2020-10-13'),
(10, '2', '1', 'Inactive', '2020-10-15'),
(11, '6', '1', 'Inactive', '2020-10-15'),
(12, '5', '1', 'Inactive', '2020-10-21'),
(13, '6', '1', 'Inactive', '2020-10-22'),
(14, '6', '1', 'Inactive', '2020-10-22'),
(15, '6', '1', 'Inactive', '2020-10-22'),
(16, '6', '1', 'Inactive', '2020-10-22'),
(17, '6', '1', 'Inactive', '2020-10-22'),
(18, '5', '1', 'Active', '2020-10-24'),
(19, '16', '1', 'Inactive', '2020-10-28'),
(20, '15', '1', 'Active', '2020-10-28'),
(21, '8', '1', 'Inactive', '2020-10-30'),
(22, '8', '1', 'Inactive', '2020-10-30'),
(23, '7', '1', 'Inactive', '2020-10-30'),
(24, '7', '1', 'Inactive', '2020-10-30'),
(25, '7', '1', 'Inactive', '2020-10-30'),
(26, '7', '1', 'Inactive', '2020-10-30'),
(27, '7', '1', 'Inactive', '2020-10-30'),
(28, '7', '1', 'Inactive', '2020-11-07'),
(29, '7', '1', 'Inactive', '2020-11-07'),
(30, '7', '1', 'Inactive', '2020-11-07'),
(31, '7', '1', 'Active', '2020-11-07'),
(32, '6', '1', 'Active', '2020-11-10'),
(33, '7', '10', 'Active', '2020-12-04'),
(34, '8', '1', 'Active', '2020-12-05'),
(35, '7', '3', 'Inactive', '2020-12-05'),
(36, '7', '3', 'Inactive', '2020-12-05'),
(37, '7', '2', 'Active', '2021-01-04');

-- --------------------------------------------------------

--
-- Table structure for table `current_affairs_saved`
--

CREATE TABLE `current_affairs_saved` (
  `current_affairs_saved_id` int(11) NOT NULL,
  `current_affair_id` text DEFAULT NULL,
  `login_id` text DEFAULT NULL,
  `status` text DEFAULT NULL,
  `created_on` text DEFAULT NULL,
  `updated_on` text DEFAULT NULL
) ENGINE=InnoDB DEFAULT CHARSET=utf8mb4;

--
-- Dumping data for table `current_affairs_saved`
--

INSERT INTO `current_affairs_saved` (`current_affairs_saved_id`, `current_affair_id`, `login_id`, `status`, `created_on`, `updated_on`) VALUES
(1, '6', '1', 'Inactive', '2020-10-21', NULL),
(2, '6', '1', 'Inactive', '2020-10-22', NULL),
(3, '2', '1', 'Inactive', '2020-10-23', NULL),
(4, '48', '1', 'Inactive', '2020-10-28', NULL),
(5, '16', '1', 'Inactive', '2020-10-28', NULL),
(6, '8', '1', 'Inactive', '2020-10-30', NULL),
(7, '8', '1', 'Inactive', '2020-10-30', NULL),
(8, '7', '1', 'Inactive', '2020-10-30', NULL),
(9, '7', '1', 'Inactive', '2020-10-30', NULL),
(10, '8', '1', 'Inactive', '2020-10-30', NULL),
(11, '8', '1', 'Inactive', '2020-10-30', NULL),
(12, '8', '1', 'Inactive', '2020-11-07', NULL),
(13, '8', '1', 'Inactive', '2020-11-07', NULL),
(14, '8', '1', 'Inactive', '2020-11-07', NULL),
(15, '7', '1', 'Inactive', '2020-11-07', NULL),
(16, '7', '1', 'Inactive', '2020-11-07', NULL),
(17, '7', '1', 'Inactive', '2020-11-07', NULL),
(18, '7', '1', 'Inactive', '2020-11-07', NULL),
(19, '16', '1', 'Active', '2020-11-09', NULL),
(20, '15', '1', 'Active', '2020-11-09', NULL),
(21, '8', '1', 'Inactive', '2020-11-10', NULL),
(22, '8', '1', 'Inactive', '2020-11-10', NULL),
(23, '6', '1', 'Inactive', '2020-11-10', NULL),
(24, '8', '1', 'Inactive', '2020-11-10', NULL),
(25, '8', '1', 'Inactive', '2020-11-10', NULL),
(26, '16', '9', 'Active', '2020-11-11', NULL),
(27, '7', '1', 'Active', '2020-11-19', NULL),
(28, '7', '10', 'Inactive', '2020-12-04', NULL),
(29, '7', '10', 'Active', '2020-12-04', NULL),
(30, '16', '3', 'Active', '2020-12-05', NULL),
(31, '7', '3', 'Inactive', '2020-12-05', NULL),
(32, '7', '2', 'Inactive', '2021-01-04', NULL),
(33, '8', '2', 'Inactive', '2021-01-04', NULL),
(34, '7', '2', 'Inactive', '2021-01-04', NULL),
(35, '8', '2', 'Inactive', '2021-01-04', NULL),
(36, '8', '2', 'Inactive', '2021-01-04', NULL),
(37, '8', '2', 'Inactive', '2021-01-07', NULL),
(38, '8', '2', 'Inactive', '2021-01-07', NULL),
(39, '7', '2', 'Inactive', '2021-01-11', NULL),
(40, '7', '4', 'Inactive', '2021-01-28', NULL);

-- --------------------------------------------------------

--
-- Table structure for table `daily_quiz`
--

CREATE TABLE `daily_quiz` (
  `quiz_id` int(11) NOT NULL,
  `selected_exams_id` text DEFAULT NULL,
  `quiz_title` text DEFAULT NULL,
  `quiz_questions` text DEFAULT NULL,
  `quiz_duration` text DEFAULT NULL,
  `instructions` text DEFAULT NULL,
  `correct_answer_mark` decimal(10,2) NOT NULL DEFAULT 0.00,
  `wrong_answer_mark` decimal(10,2) NOT NULL DEFAULT 0.00,
  `status` text DEFAULT NULL,
  `created_on` text DEFAULT NULL
) ENGINE=InnoDB DEFAULT CHARSET=utf8mb4;

--
-- Dumping data for table `daily_quiz`
--

INSERT INTO `daily_quiz` (`quiz_id`, `selected_exams_id`, `quiz_title`, `quiz_questions`, `quiz_duration`, `instructions`, `correct_answer_mark`, `wrong_answer_mark`, `status`, `created_on`) VALUES
(1, '2', 'सामायान Objective Q&A for MPSC STI', '3', '2', '1) Before beginning the exam Log out of\r\nBlackboard and then back in to Blackboard\r\nbefore you begin.\r\n2) If you are taking the exam late in the day.\r\n3) It is recommended that you reboot your\r\ncomputer before beginning to free up memory\r\nresources from other programs on your\r\ncomputer.', '0.00', '0.00', 'Active', NULL),
(2, '2', 'Practice Test 1', '3', '2', NULL, '0.00', '0.00', 'Active', NULL),
(3, '1', 'सामायान Objective Q&A for MPSC STI', '3', '2', '1) Before beginning the exam Log out of\r\nBlackboard and then back in to Blackboard\r\nbefore you begin.\r\n2) If you are taking the exam late in the day.\r\n3) It is recommended that you reboot your\r\ncomputer before beginning to free up memory\r\nresources from other programs on your\r\ncomputer.', '4.00', '1.00', 'Active', NULL),
(4, '1', 'Practice Test 1', '3', '2', NULL, '0.00', '0.00', 'Active', NULL),
(5, '3', 'सामायान Objective Q&A for MPSC STI', '3', '2', NULL, '0.00', '0.00', 'Active', NULL),
(6, '3', 'Practice Test 1', '3', '2', NULL, '0.00', '0.00', 'Active', NULL),
(7, '4', 'सामायान Objective Q&A for MPSC STI', '3', '2', NULL, '0.00', '0.00', 'Active', NULL),
(8, '4', 'Practice Test 1', '3', '2', NULL, '0.00', '0.00', 'Active', NULL);

-- --------------------------------------------------------

--
-- Table structure for table `daily_quiz_questions`
--

CREATE TABLE `daily_quiz_questions` (
  `daily_quiz_questions_id` int(11) NOT NULL,
  `subject_id` text DEFAULT NULL,
  `quiz_id` text DEFAULT NULL,
  `question` text DEFAULT NULL,
  `question_image` text DEFAULT NULL,
  `question_type` text DEFAULT NULL,
  `option1` text DEFAULT NULL,
  `option2` text DEFAULT NULL,
  `option3` text DEFAULT NULL,
  `option4` text DEFAULT NULL,
  `answer` text DEFAULT NULL,
  `explanation` text DEFAULT NULL,
  `status` text DEFAULT NULL,
  `created_on` text DEFAULT NULL
) ENGINE=InnoDB DEFAULT CHARSET=utf8mb4;

--
-- Dumping data for table `daily_quiz_questions`
--

INSERT INTO `daily_quiz_questions` (`daily_quiz_questions_id`, `subject_id`, `quiz_id`, `question`, `question_image`, `question_type`, `option1`, `option2`, `option3`, `option4`, `answer`, `explanation`, `status`, `created_on`) VALUES
(1, '1', '1', 'What is the scientific name of a butterfly?', NULL, 'text', 'Apis', 'Coleoptera', 'Formicidae', 'Rhopalocera', 'Formicidae', NULL, 'Active', NULL),
(2, '1', '1', 'How hot is the surface of the sun?', NULL, 'text', '1,233 K', '5,778 K', '12,130 K', '101,300 K', '1,233 K', NULL, 'Active', NULL),
(3, '2', '1', 'Who are the actors in The Internship?', NULL, 'text', 'Ben Stiller, Jonah Hill', 'Courteney Cox, Matt LeBlanc', 'Kaley Cuoco, Jim Parsons', 'Vince Vaughn, Owen Wilson', 'Kaley Cuoco, Jim Parsons', 'dsvdsv', 'Active', NULL),
(4, '2', '2', 'What is the capital of Spain?', NULL, 'text', 'Berlin', 'Buenos Aires', 'Madrid', 'San Juan', 'San Juan', NULL, 'Active', NULL),
(5, '2', '2', 'When did The Avengers come out?', NULL, 'text', 'May 2, 2008', 'May 4, 2012', 'May 3, 2013', 'April 4, 2014', 'May 2, 2008', NULL, 'Active', NULL),
(6, '1', '2', 'Which technology company has partnered with AICTE to train students in new-age technologies?', NULL, 'text', 'Google', 'Microsoft', 'IBM', 'Facebook', 'Microsoft', NULL, 'Active', NULL),
(7, '1', '3', 'Which state has become the first to have high-tech classrooms in all its public schools?', NULL, 'text', 'Tamil Nadu', 'Kerala', 'Andhra Pradesh', 'Telangana', 'Tamil Nadu', NULL, 'Active', NULL),
(8, '1', '3', 'What is the scientific name of a butterfly?', NULL, 'text', 'Apis', 'Coleoptera', 'Formicidae', 'Rhopalocera', 'Formicidae', NULL, 'Active', NULL),
(9, '2', '3', 'How hot is the surface of the sun?', NULL, 'text', '1,233 K', '5,778 K', '12,130 K', '101,300 K', '1,233 K', NULL, 'Active', NULL),
(10, '1', '4', 'Who are the actors in The Internship?', NULL, 'text', 'Ben Stiller, Jonah Hill', 'Courteney Cox, Matt LeBlanc', 'Kaley Cuoco, Jim Parsons', 'Vince Vaughn, Owen Wilson', 'Kaley Cuoco, Jim Parsons', NULL, 'Active', NULL),
(11, '2', '4', 'What is the capital of Spain?', NULL, 'text', 'Berlin', 'Buenos Aires', 'Madrid', 'San Juan', 'San Juan', NULL, 'Active', NULL),
(12, '2', '4', 'When did The Avengers come out?', NULL, 'text', 'May 2, 2008', 'May 4, 2012', 'May 3, 2013', 'April 4, 2014', 'May 2, 2008', NULL, 'Active', NULL),
(13, '1', '5', 'Which technology company has partnered with AICTE to train students in new-age technologies?', NULL, 'text', 'Google', 'Microsoft', 'IBM', 'Facebook', 'Microsoft', NULL, 'Active', NULL),
(14, '1', '5', 'Which state has become the first to have high-tech classrooms in all its public schools?', NULL, 'text', 'Tamil Nadu', 'Kerala', 'Andhra Pradesh', 'Telangana', 'Tamil Nadu', NULL, 'Active', NULL),
(15, '2', '5', 'What is the scientific name of a butterfly?', 'job1.png', 'image', 'Apis', 'Coleoptera', 'Formicidae', 'Rhopalocera', 'Formicidae', NULL, 'Active', NULL),
(16, '1', '6', 'How hot is the surface of the sun?', NULL, 'text', '1,233 K', '5,778 K', '12,130 K', '101,300 K', '1,233 K', NULL, 'Active', NULL),
(17, '1', '6', 'Who are the actors in The Internship?', NULL, 'text', 'Ben Stiller, Jonah Hill', 'Courteney Cox, Matt LeBlanc', 'Kaley Cuoco, Jim Parsons', 'Vince Vaughn, Owen Wilson', 'Kaley Cuoco, Jim Parsons', NULL, 'Active', NULL),
(18, '2', '6', 'What is the capital of Spain?', NULL, 'text', 'Berlin', 'Buenos Aires', 'Madrid', 'San Juan', 'San Juan', NULL, 'Active', NULL),
(19, '2', '7', 'When did The Avengers come out?', NULL, 'text', 'May 2, 2008', 'May 4, 2012', 'May 3, 2013', 'April 4, 2014', 'May 2, 2008', NULL, 'Active', NULL),
(20, '1', '7', 'Which state has become the first to have high-tech classrooms in all its public schools?', NULL, 'text', 'Tamil Nadu', 'Kerala', 'Andhra Pradesh', 'Telangana', 'Tamil Nadu', NULL, 'Active', NULL),
(21, '1', '7', 'What is the scientific name of a butterfly?', NULL, 'text', 'Apis', 'Coleoptera', 'Formicidae', 'Rhopalocera', 'Formicidae', NULL, 'Active', NULL),
(22, '1', '8', 'How hot is the surface of the sun?', NULL, 'text', '1,233 K', '5,778 K', '12,130 K', '101,300 K', '1,233 K', NULL, 'Active', NULL),
(23, '1', '8', 'Who are the actors in The Internship?', NULL, 'text', 'Ben Stiller, Jonah Hill', 'Courteney Cox, Matt LeBlanc', 'Kaley Cuoco, Jim Parsons', 'Vince Vaughn, Owen Wilson', 'Kaley Cuoco, Jim Parsons', NULL, 'Active', NULL),
(24, '2', '8', 'What is the capital of Spain?', NULL, 'text', 'Berlin', 'Buenos Aires', 'Madrid', 'San Juan', 'San Juan', NULL, 'Active', NULL);

-- --------------------------------------------------------

--
-- Table structure for table `doubts`
--

CREATE TABLE `doubts` (
  `doubt_id` int(11) NOT NULL,
  `user_id` text DEFAULT NULL,
  `doubt_question` text DEFAULT NULL,
  `doubt_image` text DEFAULT NULL,
  `status` text DEFAULT NULL,
  `created_on` text DEFAULT NULL
) ENGINE=InnoDB DEFAULT CHARSET=utf8mb4;

--
-- Dumping data for table `doubts`
--

INSERT INTO `doubts` (`doubt_id`, `user_id`, `doubt_question`, `doubt_image`, `status`, `created_on`) VALUES
(1, '1', 'I want this kind of application in android', './user-doubts/1-1600412235.png', 'Active', '2020-09-18'),
(2, '1', 'test', './user-doubts/1-1600678001.png', 'Active', '2020-09-21'),
(3, '1', 'ohcoyyoxy9', './user-doubts/1-1600941675.png', 'Active', '2020-09-24'),
(4, '1', 'sjsjjsjsjjsjsj', './user-doubts/1-1602741574.png', 'Active', '2020-10-15'),
(5, '1', 'sjsjjsjsjjsjsj', './user-doubts/1-1602741577.png', 'Active', '2020-10-15'),
(6, '1', 'gi gocxto', './user-doubts/1-1603102692.png', 'Active', '2020-10-19'),
(7, '1', 'gi gocxto', './user-doubts/1-1603102699.png', 'Active', '2020-10-19'),
(8, '1', 'gi gocxto', './user-doubts/1-1603102799.png', 'Active', '2020-10-19'),
(9, '1', 'gi gocxto', './user-doubts/1-1603102837.png', 'Active', '2020-10-19');

-- --------------------------------------------------------

--
-- Table structure for table `doubts_comment`
--

CREATE TABLE `doubts_comment` (
  `doubts_comment_id` int(11) NOT NULL,
  `doubt_id` text DEFAULT NULL,
  `login_id` text DEFAULT NULL,
  `comment_body` text DEFAULT NULL,
  `comment_status` text DEFAULT NULL,
  `date` text DEFAULT NULL,
  `time` text DEFAULT NULL,
  `status` text DEFAULT NULL,
  `created_on` text DEFAULT NULL,
  `updated_on` text DEFAULT NULL
) ENGINE=InnoDB DEFAULT CHARSET=utf8mb4;

--
-- Dumping data for table `doubts_comment`
--

INSERT INTO `doubts_comment` (`doubts_comment_id`, `doubt_id`, `login_id`, `comment_body`, `comment_status`, `date`, `time`, `status`, `created_on`, `updated_on`) VALUES
(1, '9', '1', 'test', 'Approved', '21-11-2020', '17:11:18', 'Active', '2020-11-21', NULL),
(2, '9', '1', 'hey', 'Approved', '21-11-2020', '17:37:06', 'Active', '2020-11-21', NULL);

-- --------------------------------------------------------

--
-- Table structure for table `exams`
--

CREATE TABLE `exams` (
  `exam_id` int(11) NOT NULL,
  `exam_name` text DEFAULT NULL,
  `status` text DEFAULT NULL,
  `created_on` text DEFAULT NULL
) ENGINE=InnoDB DEFAULT CHARSET=utf8mb4;

--
-- Dumping data for table `exams`
--

INSERT INTO `exams` (`exam_id`, `exam_name`, `status`, `created_on`) VALUES
(1, 'MPSC', 'Active', '2020-11-19'),
(2, 'स्कॉलरशिप, नवोदय, प्रज्ञाशोध', 'Active', '2020-11-19'),
(3, 'पोलीस भरती', 'Active', '2020-11-19'),
(4, 'इतर स्पर्धा परीक्षा', 'Active', '2020-11-19');

-- --------------------------------------------------------

--
-- Table structure for table `gatavarshichya_prashna_patrika`
--

CREATE TABLE `gatavarshichya_prashna_patrika` (
  `gatavarshichya_prashna_patrika_id` int(11) NOT NULL,
  `selected_exam_id` text DEFAULT NULL,
  `exam_name` text DEFAULT NULL,
  `status` text DEFAULT NULL,
  `created_on` text DEFAULT NULL,
  `updated_on` text DEFAULT NULL
) ENGINE=InnoDB DEFAULT CHARSET=utf8mb4;

--
-- Dumping data for table `gatavarshichya_prashna_patrika`
--

INSERT INTO `gatavarshichya_prashna_patrika` (`gatavarshichya_prashna_patrika_id`, `selected_exam_id`, `exam_name`, `status`, `created_on`, `updated_on`) VALUES
(26, '1', 'राज्यसेवा', 'Active', NULL, NULL),
(27, '1', 'राज्यकर निरीक्षक (STI)', 'Active', NULL, NULL),
(28, '1', 'सहायक कक्ष अधिकारी (ASO)', 'Active', NULL, NULL),
(29, '1', 'पोलीस उपनिरीक्षक (PSI)', 'Active', NULL, NULL),
(30, '1', 'कर सहायक', 'Active', NULL, NULL),
(31, '1', 'लिपिक', 'Active', NULL, NULL),
(32, '1', 'दुय्यम निरीक्षक (राज्य उत्पादक शुल्क)', 'Active', NULL, NULL),
(33, '1', 'सहायक मोटार वाहन निरीक्षक ', 'Active', NULL, NULL),
(34, '1', 'महाराष्ट्र वन सेवा ', 'Active', NULL, NULL),
(35, '1', 'महाराष्ट्र अभियांत्रिकी सेवा ', 'Active', NULL, NULL),
(36, '1', 'महाराष्ट्र कृषी सेवा ', 'Active', NULL, NULL),
(37, '1', 'महिला व बालविकास अधिकारी (CDPO)', 'Active', NULL, NULL),
(38, '1', 'इतर ', 'Active', NULL, NULL),
(39, '2', 'स्कॉलरशिप (पाचवी)', 'Active', NULL, NULL),
(40, '2', 'स्कॉलरशिप (आठवी)', 'Active', NULL, NULL),
(41, '2', 'नवोदय ', 'Active', NULL, NULL),
(42, '2', 'प्रज्ञाशोध ', 'Active', NULL, NULL),
(43, '4', 'तलाठी', 'Active', NULL, NULL),
(44, '4', 'ग्रामसेवक', 'Active', NULL, NULL),
(45, '4', 'इतर', 'Active', NULL, NULL);

-- --------------------------------------------------------

--
-- Table structure for table `gatavarshichya_prashna_patrika_live_test`
--

CREATE TABLE `gatavarshichya_prashna_patrika_live_test` (
  `live_test_id` int(11) NOT NULL,
  `question_papers_id` text DEFAULT NULL,
  `subject_id` text DEFAULT NULL,
  `question` text DEFAULT NULL,
  `question_image` text DEFAULT NULL,
  `question_type` text DEFAULT NULL,
  `option1` text DEFAULT NULL,
  `option2` text DEFAULT NULL,
  `option3` text DEFAULT NULL,
  `option4` text DEFAULT NULL,
  `answer` text DEFAULT NULL,
  `explanation` text DEFAULT NULL,
  `status` text DEFAULT NULL
) ENGINE=InnoDB DEFAULT CHARSET=utf8mb4;

--
-- Dumping data for table `gatavarshichya_prashna_patrika_live_test`
--

INSERT INTO `gatavarshichya_prashna_patrika_live_test` (`live_test_id`, `question_papers_id`, `subject_id`, `question`, `question_image`, `question_type`, `option1`, `option2`, `option3`, `option4`, `answer`, `explanation`, `status`) VALUES
(1, '1', '1', 'Entomology is the science that studies', NULL, 'text', 'Behavior of human beings', 'Insects', 'The origin and history of technical and scientific terms', ' The formation of rocks', 'Insects', 'Entomology: The branch of zoology concerned with the study of insects. ', 'Active'),
(2, '1', '1', 'First human heart transplant operation conducted by Dr. Christiaan Barnard on Louis Washkansky, was conducted in', 'study1.png', 'image', '1967', '1968', '1958', '1922', '1967', 'Louis Washkansky (1913 - 21 December 1967) was the recipient of the world\'s first human heart transplant.\r\n\r\nWashkansky died of double pneumonia eighteen days after the transplant because of a weakened immune system.\r\n', 'Active'),
(3, '1', '2', 'Gulf cooperation council was originally formed by', NULL, 'text', 'Bahrain, Kuwait, Oman, Qatar, Saudi Arabia and United Arab Emirates', 'Second World Nations', 'Third World Nations', 'Fourth World Nations', 'Bahrain, Kuwait, Oman, Qatar, Saudi Arabia and United Arab Emirates', 'Gulf cooperation council was created on May 25, 1981, the 630-million-acre (2,500,000 km2) Council comprises the Persian Gulf states of Bahrain, Kuwait, Oman, Qatar, Saudi Arabia and the United Arab Emirates.\r\n\r\nThe unified economic agreement between the countries of the Gulf Cooperation Council was signed on November 11, 1981 in Abu Dhabi. These countries are often referred to as The GCC States.\r\n', 'Active'),
(4, '2', '1', 'Entomology is the science that studies', NULL, 'text', 'Behavior of human beings', 'Insects', 'The origin and history of technical and scientific terms', ' The formation of rocks', 'Insects', 'Entomology: The branch of zoology concerned with the study of insects. ', 'Active'),
(5, '2', '1', 'First human heart transplant operation conducted by Dr. Christiaan Barnard on Louis Washkansky, was conducted in', 'study1.png', 'image', '1967', '1968', '1958', '1922', '1967', 'Louis Washkansky (1913 - 21 December 1967) was the recipient of the world\'s first human heart transplant.\r\n\r\nWashkansky died of double pneumonia eighteen days after the transplant because of a weakened immune system.\r\n', 'Active'),
(6, '2', '2', 'Gulf cooperation council was originally formed by', NULL, 'text', 'Bahrain, Kuwait, Oman, Qatar, Saudi Arabia and United Arab Emirates', 'Second World Nations', 'Third World Nations', 'Fourth World Nations', 'Bahrain, Kuwait, Oman, Qatar, Saudi Arabia and United Arab Emirates', 'Gulf cooperation council was created on May 25, 1981, the 630-million-acre (2,500,000 km2) Council comprises the Persian Gulf states of Bahrain, Kuwait, Oman, Qatar, Saudi Arabia and the United Arab Emirates.\r\n\r\nThe unified economic agreement between the countries of the Gulf Cooperation Council was signed on November 11, 1981 in Abu Dhabi. These countries are often referred to as The GCC States.\r\n', 'Active'),
(7, '3', '1', 'Entomology is the science that studies', NULL, 'text', 'Behavior of human beings', 'Insects', 'The origin and history of technical and scientific terms', ' The formation of rocks', 'Insects', 'Entomology: The branch of zoology concerned with the study of insects. ', 'Active'),
(8, '3', '1', 'First human heart transplant operation conducted by Dr. Christiaan Barnard on Louis Washkansky, was conducted in', 'study1.png', 'image', '1967', '1968', '1958', '1922', '1967', 'Louis Washkansky (1913 - 21 December 1967) was the recipient of the world\'s first human heart transplant.\r\n\r\nWashkansky died of double pneumonia eighteen days after the transplant because of a weakened immune system.\r\n', 'Active'),
(9, '3', '2', 'Gulf cooperation council was originally formed by', NULL, 'text', 'Bahrain, Kuwait, Oman, Qatar, Saudi Arabia and United Arab Emirates', 'Second World Nations', 'Third World Nations', 'Fourth World Nations', 'Bahrain, Kuwait, Oman, Qatar, Saudi Arabia and United Arab Emirates', 'Gulf cooperation council was created on May 25, 1981, the 630-million-acre (2,500,000 km2) Council comprises the Persian Gulf states of Bahrain, Kuwait, Oman, Qatar, Saudi Arabia and the United Arab Emirates.\r\n\r\nThe unified economic agreement between the countries of the Gulf Cooperation Council was signed on November 11, 1981 in Abu Dhabi. These countries are often referred to as The GCC States.\r\n', 'Active'),
(10, '4', '1', 'Entomology is the science that studies', NULL, 'text', 'Behavior of human beings', 'Insects', 'The origin and history of technical and scientific terms', ' The formation of rocks', 'Insects', 'Entomology: The branch of zoology concerned with the study of insects. ', 'Active'),
(11, '4', '1', 'First human heart transplant operation conducted by Dr. Christiaan Barnard on Louis Washkansky, was conducted in', 'study1.png', 'image', '1967', '1968', '1958', '1922', '1967', 'Louis Washkansky (1913 - 21 December 1967) was the recipient of the world\'s first human heart transplant.\r\n\r\nWashkansky died of double pneumonia eighteen days after the transplant because of a weakened immune system.\r\n', 'Active'),
(12, '4', '2', 'Gulf cooperation council was originally formed by', NULL, 'text', 'Bahrain, Kuwait, Oman, Qatar, Saudi Arabia and United Arab Emirates', 'Second World Nations', 'Third World Nations', 'Fourth World Nations', 'Bahrain, Kuwait, Oman, Qatar, Saudi Arabia and United Arab Emirates', 'Gulf cooperation council was created on May 25, 1981, the 630-million-acre (2,500,000 km2) Council comprises the Persian Gulf states of Bahrain, Kuwait, Oman, Qatar, Saudi Arabia and the United Arab Emirates.\r\n\r\nThe unified economic agreement between the countries of the Gulf Cooperation Council was signed on November 11, 1981 in Abu Dhabi. These countries are often referred to as The GCC States.\r\n', 'Active'),
(13, '5', '1', 'Entomology is the science that studies', NULL, 'text', 'Behavior of human beings', 'Insects', 'The origin and history of technical and scientific terms', ' The formation of rocks', 'Insects', 'Entomology: The branch of zoology concerned with the study of insects. ', 'Active'),
(14, '5', '1', 'First human heart transplant operation conducted by Dr. Christiaan Barnard on Louis Washkansky, was conducted in', 'study1.png', 'image', '1967', '1968', '1958', '1922', '1967', 'Louis Washkansky (1913 - 21 December 1967) was the recipient of the world\'s first human heart transplant.\r\n\r\nWashkansky died of double pneumonia eighteen days after the transplant because of a weakened immune system.\r\n', 'Active'),
(15, '5', '2', 'Gulf cooperation council was originally formed by', NULL, 'text', 'Bahrain, Kuwait, Oman, Qatar, Saudi Arabia and United Arab Emirates', 'Second World Nations', 'Third World Nations', 'Fourth World Nations', 'Bahrain, Kuwait, Oman, Qatar, Saudi Arabia and United Arab Emirates', 'Gulf cooperation council was created on May 25, 1981, the 630-million-acre (2,500,000 km2) Council comprises the Persian Gulf states of Bahrain, Kuwait, Oman, Qatar, Saudi Arabia and the United Arab Emirates.\r\n\r\nThe unified economic agreement between the countries of the Gulf Cooperation Council was signed on November 11, 1981 in Abu Dhabi. These countries are often referred to as The GCC States.\r\n', 'Active'),
(16, '6', '1', 'Entomology is the science that studies', NULL, 'text', 'Behavior of human beings', 'Insects', 'The origin and history of technical and scientific terms', ' The formation of rocks', 'Insects', 'Entomology: The branch of zoology concerned with the study of insects. ', 'Active'),
(17, '6', '1', 'First human heart transplant operation conducted by Dr. Christiaan Barnard on Louis Washkansky, was conducted in', 'study1.png', 'image', '1967', '1968', '1958', '1922', '1967', 'Louis Washkansky (1913 - 21 December 1967) was the recipient of the world\'s first human heart transplant.\r\n\r\nWashkansky died of double pneumonia eighteen days after the transplant because of a weakened immune system.\r\n', 'Active'),
(18, '6', '2', 'Gulf cooperation council was originally formed by', NULL, 'text', 'Bahrain, Kuwait, Oman, Qatar, Saudi Arabia and United Arab Emirates', 'Second World Nations', 'Third World Nations', 'Fourth World Nations', 'Bahrain, Kuwait, Oman, Qatar, Saudi Arabia and United Arab Emirates', 'Gulf cooperation council was created on May 25, 1981, the 630-million-acre (2,500,000 km2) Council comprises the Persian Gulf states of Bahrain, Kuwait, Oman, Qatar, Saudi Arabia and the United Arab Emirates.\r\n\r\nThe unified economic agreement between the countries of the Gulf Cooperation Council was signed on November 11, 1981 in Abu Dhabi. These countries are often referred to as The GCC States.\r\n', 'Active'),
(19, '7', '1', 'Entomology is the science that studies', NULL, 'text', 'Behavior of human beings', 'Insects', 'The origin and history of technical and scientific terms', ' The formation of rocks', 'Insects', 'Entomology: The branch of zoology concerned with the study of insects. ', 'Active'),
(20, '7', '1', 'First human heart transplant operation conducted by Dr. Christiaan Barnard on Louis Washkansky, was conducted in', 'study1.png', 'image', '1967', '1968', '1958', '1922', '1967', 'Louis Washkansky (1913 - 21 December 1967) was the recipient of the world\'s first human heart transplant.\r\n\r\nWashkansky died of double pneumonia eighteen days after the transplant because of a weakened immune system.\r\n', 'Active'),
(21, '7', '2', 'Gulf cooperation council was originally formed by', NULL, 'text', 'Bahrain, Kuwait, Oman, Qatar, Saudi Arabia and United Arab Emirates', 'Second World Nations', 'Third World Nations', 'Fourth World Nations', 'Bahrain, Kuwait, Oman, Qatar, Saudi Arabia and United Arab Emirates', 'Gulf cooperation council was created on May 25, 1981, the 630-million-acre (2,500,000 km2) Council comprises the Persian Gulf states of Bahrain, Kuwait, Oman, Qatar, Saudi Arabia and the United Arab Emirates.\r\n\r\nThe unified economic agreement between the countries of the Gulf Cooperation Council was signed on November 11, 1981 in Abu Dhabi. These countries are often referred to as The GCC States.\r\n', 'Active'),
(22, '8', '1', 'Entomology is the science that studies', NULL, 'text', 'Behavior of human beings', 'Insects', 'The origin and history of technical and scientific terms', ' The formation of rocks', 'Insects', 'Entomology: The branch of zoology concerned with the study of insects. ', 'Active'),
(23, '8', '1', 'First human heart transplant operation conducted by Dr. Christiaan Barnard on Louis Washkansky, was conducted in', 'study1.png', 'image', '1967', '1968', '1958', '1922', '1967', 'Louis Washkansky (1913 - 21 December 1967) was the recipient of the world\'s first human heart transplant.\r\n\r\nWashkansky died of double pneumonia eighteen days after the transplant because of a weakened immune system.\r\n', 'Active'),
(24, '8', '2', 'Gulf cooperation council was originally formed by', NULL, 'text', 'Bahrain, Kuwait, Oman, Qatar, Saudi Arabia and United Arab Emirates', 'Second World Nations', 'Third World Nations', 'Fourth World Nations', 'Bahrain, Kuwait, Oman, Qatar, Saudi Arabia and United Arab Emirates', 'Gulf cooperation council was created on May 25, 1981, the 630-million-acre (2,500,000 km2) Council comprises the Persian Gulf states of Bahrain, Kuwait, Oman, Qatar, Saudi Arabia and the United Arab Emirates.\r\n\r\nThe unified economic agreement between the countries of the Gulf Cooperation Council was signed on November 11, 1981 in Abu Dhabi. These countries are often referred to as The GCC States.\r\n', 'Active'),
(25, '9', '1', 'Entomology is the science that studies', NULL, 'text', 'Behavior of human beings', 'Insects', 'The origin and history of technical and scientific terms', ' The formation of rocks', 'Insects', 'Entomology: The branch of zoology concerned with the study of insects. ', 'Active'),
(26, '9', '1', 'First human heart transplant operation conducted by Dr. Christiaan Barnard on Louis Washkansky, was conducted in', 'study1.png', 'image', '1967', '1968', '1958', '1922', '1967', 'Louis Washkansky (1913 - 21 December 1967) was the recipient of the world\'s first human heart transplant.\r\n\r\nWashkansky died of double pneumonia eighteen days after the transplant because of a weakened immune system.\r\n', 'Active'),
(27, '9', '2', 'Gulf cooperation council was originally formed by', NULL, 'text', 'Bahrain, Kuwait, Oman, Qatar, Saudi Arabia and United Arab Emirates', 'Second World Nations', 'Third World Nations', 'Fourth World Nations', 'Bahrain, Kuwait, Oman, Qatar, Saudi Arabia and United Arab Emirates', 'Gulf cooperation council was created on May 25, 1981, the 630-million-acre (2,500,000 km2) Council comprises the Persian Gulf states of Bahrain, Kuwait, Oman, Qatar, Saudi Arabia and the United Arab Emirates.\r\n\r\nThe unified economic agreement between the countries of the Gulf Cooperation Council was signed on November 11, 1981 in Abu Dhabi. These countries are often referred to as The GCC States.\r\n', 'Active'),
(28, '10', '1', 'Entomology is the science that studies', NULL, 'text', 'Behavior of human beings', 'Insects', 'The origin and history of technical and scientific terms', ' The formation of rocks', 'Insects', 'Entomology: The branch of zoology concerned with the study of insects. ', 'Active'),
(29, '10', '1', 'First human heart transplant operation conducted by Dr. Christiaan Barnard on Louis Washkansky, was conducted in', 'study1.png', 'image', '1967', '1968', '1958', '1922', '1967', 'Louis Washkansky (1913 - 21 December 1967) was the recipient of the world\'s first human heart transplant.\r\n\r\nWashkansky died of double pneumonia eighteen days after the transplant because of a weakened immune system.\r\n', 'Active'),
(30, '10', '2', 'Gulf cooperation council was originally formed by', NULL, 'text', 'Bahrain, Kuwait, Oman, Qatar, Saudi Arabia and United Arab Emirates', 'Second World Nations', 'Third World Nations', 'Fourth World Nations', 'Bahrain, Kuwait, Oman, Qatar, Saudi Arabia and United Arab Emirates', 'Gulf cooperation council was created on May 25, 1981, the 630-million-acre (2,500,000 km2) Council comprises the Persian Gulf states of Bahrain, Kuwait, Oman, Qatar, Saudi Arabia and the United Arab Emirates.\r\n\r\nThe unified economic agreement between the countries of the Gulf Cooperation Council was signed on November 11, 1981 in Abu Dhabi. These countries are often referred to as The GCC States.\r\n', 'Active'),
(31, '11', '1', 'Entomology is the science that studies', NULL, 'text', 'Behavior of human beings', 'Insects', 'The origin and history of technical and scientific terms', ' The formation of rocks', 'Insects', 'Entomology: The branch of zoology concerned with the study of insects. ', 'Active'),
(32, '11', '1', 'First human heart transplant operation conducted by Dr. Christiaan Barnard on Louis Washkansky, was conducted in', 'study1.png', 'image', '1967', '1968', '1958', '1922', '1967', 'Louis Washkansky (1913 - 21 December 1967) was the recipient of the world\'s first human heart transplant.\r\n\r\nWashkansky died of double pneumonia eighteen days after the transplant because of a weakened immune system.\r\n', 'Active'),
(33, '11', '2', 'Gulf cooperation council was originally formed by', NULL, 'text', 'Bahrain, Kuwait, Oman, Qatar, Saudi Arabia and United Arab Emirates', 'Second World Nations', 'Third World Nations', 'Fourth World Nations', 'Bahrain, Kuwait, Oman, Qatar, Saudi Arabia and United Arab Emirates', 'Gulf cooperation council was created on May 25, 1981, the 630-million-acre (2,500,000 km2) Council comprises the Persian Gulf states of Bahrain, Kuwait, Oman, Qatar, Saudi Arabia and the United Arab Emirates.\r\n\r\nThe unified economic agreement between the countries of the Gulf Cooperation Council was signed on November 11, 1981 in Abu Dhabi. These countries are often referred to as The GCC States.\r\n', 'Active'),
(34, '12', '1', 'Entomology is the science that studies', NULL, 'text', 'Behavior of human beings', 'Insects', 'The origin and history of technical and scientific terms', ' The formation of rocks', 'Insects', 'Entomology: The branch of zoology concerned with the study of insects. ', 'Active'),
(35, '12', '1', 'First human heart transplant operation conducted by Dr. Christiaan Barnard on Louis Washkansky, was conducted in', 'study1.png', 'image', '1967', '1968', '1958', '1922', '1967', 'Louis Washkansky (1913 - 21 December 1967) was the recipient of the world\'s first human heart transplant.\r\n\r\nWashkansky died of double pneumonia eighteen days after the transplant because of a weakened immune system.\r\n', 'Active'),
(36, '12', '2', 'Gulf cooperation council was originally formed by', NULL, 'text', 'Bahrain, Kuwait, Oman, Qatar, Saudi Arabia and United Arab Emirates', 'Second World Nations', 'Third World Nations', 'Fourth World Nations', 'Bahrain, Kuwait, Oman, Qatar, Saudi Arabia and United Arab Emirates', 'Gulf cooperation council was created on May 25, 1981, the 630-million-acre (2,500,000 km2) Council comprises the Persian Gulf states of Bahrain, Kuwait, Oman, Qatar, Saudi Arabia and the United Arab Emirates.\r\n\r\nThe unified economic agreement between the countries of the Gulf Cooperation Council was signed on November 11, 1981 in Abu Dhabi. These countries are often referred to as The GCC States.\r\n', 'Active'),
(37, '13', '1', 'Entomology is the science that studies', NULL, 'text', 'Behavior of human beings', 'Insects', 'The origin and history of technical and scientific terms', ' The formation of rocks', 'Insects', 'Entomology: The branch of zoology concerned with the study of insects. ', 'Active'),
(38, '13', '1', 'First human heart transplant operation conducted by Dr. Christiaan Barnard on Louis Washkansky, was conducted in', 'study1.png', 'image', '1967', '1968', '1958', '1922', '1967', 'Louis Washkansky (1913 - 21 December 1967) was the recipient of the world\'s first human heart transplant.\r\n\r\nWashkansky died of double pneumonia eighteen days after the transplant because of a weakened immune system.\r\n', 'Active'),
(39, '13', '2', 'Gulf cooperation council was originally formed by', NULL, 'text', 'Bahrain, Kuwait, Oman, Qatar, Saudi Arabia and United Arab Emirates', 'Second World Nations', 'Third World Nations', 'Fourth World Nations', 'Bahrain, Kuwait, Oman, Qatar, Saudi Arabia and United Arab Emirates', 'Gulf cooperation council was created on May 25, 1981, the 630-million-acre (2,500,000 km2) Council comprises the Persian Gulf states of Bahrain, Kuwait, Oman, Qatar, Saudi Arabia and the United Arab Emirates.\r\n\r\nThe unified economic agreement between the countries of the Gulf Cooperation Council was signed on November 11, 1981 in Abu Dhabi. These countries are often referred to as The GCC States.\r\n', 'Active'),
(40, '14', '1', 'Entomology is the science that studies', NULL, 'text', 'Behavior of human beings', 'Insects', 'The origin and history of technical and scientific terms', ' The formation of rocks', 'Insects', 'Entomology: The branch of zoology concerned with the study of insects. ', 'Active'),
(41, '14', '1', 'First human heart transplant operation conducted by Dr. Christiaan Barnard on Louis Washkansky, was conducted in', 'study1.png', 'image', '1967', '1968', '1958', '1922', '1967', 'Louis Washkansky (1913 - 21 December 1967) was the recipient of the world\'s first human heart transplant.\r\n\r\nWashkansky died of double pneumonia eighteen days after the transplant because of a weakened immune system.\r\n', 'Active'),
(42, '14', '2', 'Gulf cooperation council was originally formed by', NULL, 'text', 'Bahrain, Kuwait, Oman, Qatar, Saudi Arabia and United Arab Emirates', 'Second World Nations', 'Third World Nations', 'Fourth World Nations', 'Bahrain, Kuwait, Oman, Qatar, Saudi Arabia and United Arab Emirates', 'Gulf cooperation council was created on May 25, 1981, the 630-million-acre (2,500,000 km2) Council comprises the Persian Gulf states of Bahrain, Kuwait, Oman, Qatar, Saudi Arabia and the United Arab Emirates.\r\n\r\nThe unified economic agreement between the countries of the Gulf Cooperation Council was signed on November 11, 1981 in Abu Dhabi. These countries are often referred to as The GCC States.\r\n', 'Active'),
(43, '15', '1', 'Entomology is the science that studies', NULL, 'text', 'Behavior of human beings', 'Insects', 'The origin and history of technical and scientific terms', ' The formation of rocks', 'Insects', 'Entomology: The branch of zoology concerned with the study of insects. ', 'Active'),
(44, '15', '1', 'First human heart transplant operation conducted by Dr. Christiaan Barnard on Louis Washkansky, was conducted in', 'study1.png', 'image', '1967', '1968', '1958', '1922', '1967', 'Louis Washkansky (1913 - 21 December 1967) was the recipient of the world\'s first human heart transplant.\r\n\r\nWashkansky died of double pneumonia eighteen days after the transplant because of a weakened immune system.\r\n', 'Active'),
(45, '15', '2', 'Gulf cooperation council was originally formed by', NULL, 'text', 'Bahrain, Kuwait, Oman, Qatar, Saudi Arabia and United Arab Emirates', 'Second World Nations', 'Third World Nations', 'Fourth World Nations', 'Bahrain, Kuwait, Oman, Qatar, Saudi Arabia and United Arab Emirates', 'Gulf cooperation council was created on May 25, 1981, the 630-million-acre (2,500,000 km2) Council comprises the Persian Gulf states of Bahrain, Kuwait, Oman, Qatar, Saudi Arabia and the United Arab Emirates.\r\n\r\nThe unified economic agreement between the countries of the Gulf Cooperation Council was signed on November 11, 1981 in Abu Dhabi. These countries are often referred to as The GCC States.\r\n', 'Active'),
(46, '16', '1', 'Entomology is the science that studies', NULL, 'text', 'Behavior of human beings', 'Insects', 'The origin and history of technical and scientific terms', ' The formation of rocks', 'Insects', 'Entomology: The branch of zoology concerned with the study of insects. ', 'Active'),
(47, '16', '1', 'First human heart transplant operation conducted by Dr. Christiaan Barnard on Louis Washkansky, was conducted in', 'study1.png', 'image', '1967', '1968', '1958', '1922', '1967', 'Louis Washkansky (1913 - 21 December 1967) was the recipient of the world\'s first human heart transplant.\r\n\r\nWashkansky died of double pneumonia eighteen days after the transplant because of a weakened immune system.\r\n', 'Active'),
(48, '16', '2', 'Gulf cooperation council was originally formed by', NULL, 'text', 'Bahrain, Kuwait, Oman, Qatar, Saudi Arabia and United Arab Emirates', 'Second World Nations', 'Third World Nations', 'Fourth World Nations', 'Bahrain, Kuwait, Oman, Qatar, Saudi Arabia and United Arab Emirates', 'Gulf cooperation council was created on May 25, 1981, the 630-million-acre (2,500,000 km2) Council comprises the Persian Gulf states of Bahrain, Kuwait, Oman, Qatar, Saudi Arabia and the United Arab Emirates.\r\n\r\nThe unified economic agreement between the countries of the Gulf Cooperation Council was signed on November 11, 1981 in Abu Dhabi. These countries are often referred to as The GCC States.\r\n', 'Active'),
(49, '17', '1', 'Entomology is the science that studies', NULL, 'text', 'Behavior of human beings', 'Insects', 'The origin and history of technical and scientific terms', ' The formation of rocks', 'Insects', 'Entomology: The branch of zoology concerned with the study of insects. ', 'Active'),
(50, '17', '1', 'First human heart transplant operation conducted by Dr. Christiaan Barnard on Louis Washkansky, was conducted in', 'study1.png', 'image', '1967', '1968', '1958', '1922', '1967', 'Louis Washkansky (1913 - 21 December 1967) was the recipient of the world\'s first human heart transplant.\r\n\r\nWashkansky died of double pneumonia eighteen days after the transplant because of a weakened immune system.\r\n', 'Active'),
(51, '17', '2', 'Gulf cooperation council was originally formed by', NULL, 'text', 'Bahrain, Kuwait, Oman, Qatar, Saudi Arabia and United Arab Emirates', 'Second World Nations', 'Third World Nations', 'Fourth World Nations', 'Bahrain, Kuwait, Oman, Qatar, Saudi Arabia and United Arab Emirates', 'Gulf cooperation council was created on May 25, 1981, the 630-million-acre (2,500,000 km2) Council comprises the Persian Gulf states of Bahrain, Kuwait, Oman, Qatar, Saudi Arabia and the United Arab Emirates.\r\n\r\nThe unified economic agreement between the countries of the Gulf Cooperation Council was signed on November 11, 1981 in Abu Dhabi. These countries are often referred to as The GCC States.\r\n', 'Active'),
(52, '18', '1', 'Entomology is the science that studies', NULL, 'text', 'Behavior of human beings', 'Insects', 'The origin and history of technical and scientific terms', ' The formation of rocks', 'Insects', 'Entomology: The branch of zoology concerned with the study of insects. ', 'Active'),
(53, '18', '1', 'First human heart transplant operation conducted by Dr. Christiaan Barnard on Louis Washkansky, was conducted in', 'study1.png', 'image', '1967', '1968', '1958', '1922', '1967', 'Louis Washkansky (1913 - 21 December 1967) was the recipient of the world\'s first human heart transplant.\r\n\r\nWashkansky died of double pneumonia eighteen days after the transplant because of a weakened immune system.\r\n', 'Active'),
(54, '18', '2', 'Gulf cooperation council was originally formed by', NULL, 'text', 'Bahrain, Kuwait, Oman, Qatar, Saudi Arabia and United Arab Emirates', 'Second World Nations', 'Third World Nations', 'Fourth World Nations', 'Bahrain, Kuwait, Oman, Qatar, Saudi Arabia and United Arab Emirates', 'Gulf cooperation council was created on May 25, 1981, the 630-million-acre (2,500,000 km2) Council comprises the Persian Gulf states of Bahrain, Kuwait, Oman, Qatar, Saudi Arabia and the United Arab Emirates.\r\n\r\nThe unified economic agreement between the countries of the Gulf Cooperation Council was signed on November 11, 1981 in Abu Dhabi. These countries are often referred to as The GCC States.\r\n', 'Active'),
(55, '19', '1', 'Entomology is the science that studies', NULL, 'text', 'Behavior of human beings', 'Insects', 'The origin and history of technical and scientific terms', ' The formation of rocks', 'Insects', 'Entomology: The branch of zoology concerned with the study of insects. ', 'Active'),
(56, '19', '1', 'First human heart transplant operation conducted by Dr. Christiaan Barnard on Louis Washkansky, was conducted in', 'study1.png', 'image', '1967', '1968', '1958', '1922', '1967', 'Louis Washkansky (1913 - 21 December 1967) was the recipient of the world\'s first human heart transplant.\r\n\r\nWashkansky died of double pneumonia eighteen days after the transplant because of a weakened immune system.\r\n', 'Active'),
(57, '19', '2', 'Gulf cooperation council was originally formed by', NULL, 'text', 'Bahrain, Kuwait, Oman, Qatar, Saudi Arabia and United Arab Emirates', 'Second World Nations', 'Third World Nations', 'Fourth World Nations', 'Bahrain, Kuwait, Oman, Qatar, Saudi Arabia and United Arab Emirates', 'Gulf cooperation council was created on May 25, 1981, the 630-million-acre (2,500,000 km2) Council comprises the Persian Gulf states of Bahrain, Kuwait, Oman, Qatar, Saudi Arabia and the United Arab Emirates.\r\n\r\nThe unified economic agreement between the countries of the Gulf Cooperation Council was signed on November 11, 1981 in Abu Dhabi. These countries are often referred to as The GCC States.\r\n', 'Active'),
(58, '20', '1', 'Entomology is the science that studies', NULL, 'text', 'Behavior of human beings', 'Insects', 'The origin and history of technical and scientific terms', ' The formation of rocks', 'Insects', 'Entomology: The branch of zoology concerned with the study of insects. ', 'Active'),
(59, '20', '1', 'First human heart transplant operation conducted by Dr. Christiaan Barnard on Louis Washkansky, was conducted in', 'study1.png', 'image', '1967', '1968', '1958', '1922', '1967', 'Louis Washkansky (1913 - 21 December 1967) was the recipient of the world\'s first human heart transplant.\r\n\r\nWashkansky died of double pneumonia eighteen days after the transplant because of a weakened immune system.\r\n', 'Active'),
(60, '20', '2', 'Gulf cooperation council was originally formed by', NULL, 'text', 'Bahrain, Kuwait, Oman, Qatar, Saudi Arabia and United Arab Emirates', 'Second World Nations', 'Third World Nations', 'Fourth World Nations', 'Bahrain, Kuwait, Oman, Qatar, Saudi Arabia and United Arab Emirates', 'Gulf cooperation council was created on May 25, 1981, the 630-million-acre (2,500,000 km2) Council comprises the Persian Gulf states of Bahrain, Kuwait, Oman, Qatar, Saudi Arabia and the United Arab Emirates.\r\n\r\nThe unified economic agreement between the countries of the Gulf Cooperation Council was signed on November 11, 1981 in Abu Dhabi. These countries are often referred to as The GCC States.\r\n', 'Active'),
(61, '21', '1', 'Entomology is the science that studies', NULL, 'text', 'Behavior of human beings', 'Insects', 'The origin and history of technical and scientific terms', ' The formation of rocks', 'Insects', 'Entomology: The branch of zoology concerned with the study of insects. ', 'Active'),
(62, '21', '1', 'First human heart transplant operation conducted by Dr. Christiaan Barnard on Louis Washkansky, was conducted in', 'study1.png', 'image', '1967', '1968', '1958', '1922', '1967', 'Louis Washkansky (1913 - 21 December 1967) was the recipient of the world\'s first human heart transplant.\r\n\r\nWashkansky died of double pneumonia eighteen days after the transplant because of a weakened immune system.\r\n', 'Active'),
(63, '21', '2', 'Gulf cooperation council was originally formed by', NULL, 'text', 'Bahrain, Kuwait, Oman, Qatar, Saudi Arabia and United Arab Emirates', 'Second World Nations', 'Third World Nations', 'Fourth World Nations', 'Bahrain, Kuwait, Oman, Qatar, Saudi Arabia and United Arab Emirates', 'Gulf cooperation council was created on May 25, 1981, the 630-million-acre (2,500,000 km2) Council comprises the Persian Gulf states of Bahrain, Kuwait, Oman, Qatar, Saudi Arabia and the United Arab Emirates.\r\n\r\nThe unified economic agreement between the countries of the Gulf Cooperation Council was signed on November 11, 1981 in Abu Dhabi. These countries are often referred to as The GCC States.\r\n', 'Active'),
(64, '22', '1', 'Entomology is the science that studies', NULL, 'text', 'Behavior of human beings', 'Insects', 'The origin and history of technical and scientific terms', ' The formation of rocks', 'Insects', 'Entomology: The branch of zoology concerned with the study of insects. ', 'Active'),
(65, '22', '1', 'First human heart transplant operation conducted by Dr. Christiaan Barnard on Louis Washkansky, was conducted in', 'study1.png', 'image', '1967', '1968', '1958', '1922', '1967', 'Louis Washkansky (1913 - 21 December 1967) was the recipient of the world\'s first human heart transplant.\r\n\r\nWashkansky died of double pneumonia eighteen days after the transplant because of a weakened immune system.\r\n', 'Active'),
(66, '22', '2', 'Gulf cooperation council was originally formed by', NULL, 'text', 'Bahrain, Kuwait, Oman, Qatar, Saudi Arabia and United Arab Emirates', 'Second World Nations', 'Third World Nations', 'Fourth World Nations', 'Bahrain, Kuwait, Oman, Qatar, Saudi Arabia and United Arab Emirates', 'Gulf cooperation council was created on May 25, 1981, the 630-million-acre (2,500,000 km2) Council comprises the Persian Gulf states of Bahrain, Kuwait, Oman, Qatar, Saudi Arabia and the United Arab Emirates.\r\n\r\nThe unified economic agreement between the countries of the Gulf Cooperation Council was signed on November 11, 1981 in Abu Dhabi. These countries are often referred to as The GCC States.\r\n', 'Active'),
(67, '23', '1', 'Entomology is the science that studies', NULL, 'text', 'Behavior of human beings', 'Insects', 'The origin and history of technical and scientific terms', ' The formation of rocks', 'Insects', 'Entomology: The branch of zoology concerned with the study of insects. ', 'Active'),
(68, '23', '1', 'First human heart transplant operation conducted by Dr. Christiaan Barnard on Louis Washkansky, was conducted in', 'study1.png', 'image', '1967', '1968', '1958', '1922', '1967', 'Louis Washkansky (1913 - 21 December 1967) was the recipient of the world\'s first human heart transplant.\r\n\r\nWashkansky died of double pneumonia eighteen days after the transplant because of a weakened immune system.\r\n', 'Active'),
(69, '23', '2', 'Gulf cooperation council was originally formed by', NULL, 'text', 'Bahrain, Kuwait, Oman, Qatar, Saudi Arabia and United Arab Emirates', 'Second World Nations', 'Third World Nations', 'Fourth World Nations', 'Bahrain, Kuwait, Oman, Qatar, Saudi Arabia and United Arab Emirates', 'Gulf cooperation council was created on May 25, 1981, the 630-million-acre (2,500,000 km2) Council comprises the Persian Gulf states of Bahrain, Kuwait, Oman, Qatar, Saudi Arabia and the United Arab Emirates.\r\n\r\nThe unified economic agreement between the countries of the Gulf Cooperation Council was signed on November 11, 1981 in Abu Dhabi. These countries are often referred to as The GCC States.\r\n', 'Active'),
(70, '24', '1', 'Entomology is the science that studies', NULL, 'text', 'Behavior of human beings', 'Insects', 'The origin and history of technical and scientific terms', ' The formation of rocks', 'Insects', 'Entomology: The branch of zoology concerned with the study of insects. ', 'Active'),
(71, '24', '1', 'First human heart transplant operation conducted by Dr. Christiaan Barnard on Louis Washkansky, was conducted in', 'study1.png', 'image', '1967', '1968', '1958', '1922', '1967', 'Louis Washkansky (1913 - 21 December 1967) was the recipient of the world\'s first human heart transplant.\r\n\r\nWashkansky died of double pneumonia eighteen days after the transplant because of a weakened immune system.\r\n', 'Active'),
(72, '24', '2', 'Gulf cooperation council was originally formed by', NULL, 'text', 'Bahrain, Kuwait, Oman, Qatar, Saudi Arabia and United Arab Emirates', 'Second World Nations', 'Third World Nations', 'Fourth World Nations', 'Bahrain, Kuwait, Oman, Qatar, Saudi Arabia and United Arab Emirates', 'Gulf cooperation council was created on May 25, 1981, the 630-million-acre (2,500,000 km2) Council comprises the Persian Gulf states of Bahrain, Kuwait, Oman, Qatar, Saudi Arabia and the United Arab Emirates.\r\n\r\nThe unified economic agreement between the countries of the Gulf Cooperation Council was signed on November 11, 1981 in Abu Dhabi. These countries are often referred to as The GCC States.\r\n', 'Active'),
(73, '25', '1', 'Entomology is the science that studies', NULL, 'text', 'Behavior of human beings', 'Insects', 'The origin and history of technical and scientific terms', ' The formation of rocks', 'Insects', 'Entomology: The branch of zoology concerned with the study of insects. ', 'Active'),
(74, '25', '1', 'First human heart transplant operation conducted by Dr. Christiaan Barnard on Louis Washkansky, was conducted in', 'study1.png', 'image', '1967', '1968', '1958', '1922', '1967', 'Louis Washkansky (1913 - 21 December 1967) was the recipient of the world\'s first human heart transplant.\r\n\r\nWashkansky died of double pneumonia eighteen days after the transplant because of a weakened immune system.\r\n', 'Active'),
(75, '25', '2', 'Gulf cooperation council was originally formed by', NULL, 'text', 'Bahrain, Kuwait, Oman, Qatar, Saudi Arabia and United Arab Emirates', 'Second World Nations', 'Third World Nations', 'Fourth World Nations', 'Bahrain, Kuwait, Oman, Qatar, Saudi Arabia and United Arab Emirates', 'Gulf cooperation council was created on May 25, 1981, the 630-million-acre (2,500,000 km2) Council comprises the Persian Gulf states of Bahrain, Kuwait, Oman, Qatar, Saudi Arabia and the United Arab Emirates.\r\n\r\nThe unified economic agreement between the countries of the Gulf Cooperation Council was signed on November 11, 1981 in Abu Dhabi. These countries are often referred to as The GCC States.\r\n', 'Active'),
(76, '26', '1', 'Entomology is the science that studies', NULL, 'text', 'Behavior of human beings', 'Insects', 'The origin and history of technical and scientific terms', ' The formation of rocks', 'Insects', 'Entomology: The branch of zoology concerned with the study of insects. ', 'Active'),
(77, '26', '1', 'First human heart transplant operation conducted by Dr. Christiaan Barnard on Louis Washkansky, was conducted in', 'study1.png', 'image', '1967', '1968', '1958', '1922', '1967', 'Louis Washkansky (1913 - 21 December 1967) was the recipient of the world\'s first human heart transplant.\r\n\r\nWashkansky died of double pneumonia eighteen days after the transplant because of a weakened immune system.\r\n', 'Active'),
(78, '26', '2', 'Gulf cooperation council was originally formed by', NULL, 'text', 'Bahrain, Kuwait, Oman, Qatar, Saudi Arabia and United Arab Emirates', 'Second World Nations', 'Third World Nations', 'Fourth World Nations', 'Bahrain, Kuwait, Oman, Qatar, Saudi Arabia and United Arab Emirates', 'Gulf cooperation council was created on May 25, 1981, the 630-million-acre (2,500,000 km2) Council comprises the Persian Gulf states of Bahrain, Kuwait, Oman, Qatar, Saudi Arabia and the United Arab Emirates.\r\n\r\nThe unified economic agreement between the countries of the Gulf Cooperation Council was signed on November 11, 1981 in Abu Dhabi. These countries are often referred to as The GCC States.\r\n', 'Active'),
(79, '27', '1', 'Entomology is the science that studies', NULL, 'text', 'Behavior of human beings', 'Insects', 'The origin and history of technical and scientific terms', ' The formation of rocks', 'Insects', 'Entomology: The branch of zoology concerned with the study of insects. ', 'Active'),
(80, '27', '1', 'First human heart transplant operation conducted by Dr. Christiaan Barnard on Louis Washkansky, was conducted in', 'study1.png', 'image', '1967', '1968', '1958', '1922', '1967', 'Louis Washkansky (1913 - 21 December 1967) was the recipient of the world\'s first human heart transplant.\r\n\r\nWashkansky died of double pneumonia eighteen days after the transplant because of a weakened immune system.\r\n', 'Active'),
(81, '27', '2', 'Gulf cooperation council was originally formed by', NULL, 'text', 'Bahrain, Kuwait, Oman, Qatar, Saudi Arabia and United Arab Emirates', 'Second World Nations', 'Third World Nations', 'Fourth World Nations', 'Bahrain, Kuwait, Oman, Qatar, Saudi Arabia and United Arab Emirates', 'Gulf cooperation council was created on May 25, 1981, the 630-million-acre (2,500,000 km2) Council comprises the Persian Gulf states of Bahrain, Kuwait, Oman, Qatar, Saudi Arabia and the United Arab Emirates.\r\n\r\nThe unified economic agreement between the countries of the Gulf Cooperation Council was signed on November 11, 1981 in Abu Dhabi. These countries are often referred to as The GCC States.\r\n', 'Active'),
(82, '28', '1', 'Entomology is the science that studies', NULL, 'text', 'Behavior of human beings', 'Insects', 'The origin and history of technical and scientific terms', ' The formation of rocks', 'Insects', 'Entomology: The branch of zoology concerned with the study of insects. ', 'Active'),
(83, '28', '1', 'First human heart transplant operation conducted by Dr. Christiaan Barnard on Louis Washkansky, was conducted in', 'study1.png', 'image', '1967', '1968', '1958', '1922', '1967', 'Louis Washkansky (1913 - 21 December 1967) was the recipient of the world\'s first human heart transplant.\r\n\r\nWashkansky died of double pneumonia eighteen days after the transplant because of a weakened immune system.\r\n', 'Active'),
(84, '28', '2', 'Gulf cooperation council was originally formed by', NULL, 'text', 'Bahrain, Kuwait, Oman, Qatar, Saudi Arabia and United Arab Emirates', 'Second World Nations', 'Third World Nations', 'Fourth World Nations', 'Bahrain, Kuwait, Oman, Qatar, Saudi Arabia and United Arab Emirates', 'Gulf cooperation council was created on May 25, 1981, the 630-million-acre (2,500,000 km2) Council comprises the Persian Gulf states of Bahrain, Kuwait, Oman, Qatar, Saudi Arabia and the United Arab Emirates.\r\n\r\nThe unified economic agreement between the countries of the Gulf Cooperation Council was signed on November 11, 1981 in Abu Dhabi. These countries are often referred to as The GCC States.\r\n', 'Active'),
(85, '29', '1', 'Entomology is the science that studies', NULL, 'text', 'Behavior of human beings', 'Insects', 'The origin and history of technical and scientific terms', ' The formation of rocks', 'Insects', 'Entomology: The branch of zoology concerned with the study of insects. ', 'Active'),
(86, '29', '1', 'First human heart transplant operation conducted by Dr. Christiaan Barnard on Louis Washkansky, was conducted in', 'study1.png', 'image', '1967', '1968', '1958', '1922', '1967', 'Louis Washkansky (1913 - 21 December 1967) was the recipient of the world\'s first human heart transplant.\r\n\r\nWashkansky died of double pneumonia eighteen days after the transplant because of a weakened immune system.\r\n', 'Active'),
(87, '29', '2', 'Gulf cooperation council was originally formed by', NULL, 'text', 'Bahrain, Kuwait, Oman, Qatar, Saudi Arabia and United Arab Emirates', 'Second World Nations', 'Third World Nations', 'Fourth World Nations', 'Bahrain, Kuwait, Oman, Qatar, Saudi Arabia and United Arab Emirates', 'Gulf cooperation council was created on May 25, 1981, the 630-million-acre (2,500,000 km2) Council comprises the Persian Gulf states of Bahrain, Kuwait, Oman, Qatar, Saudi Arabia and the United Arab Emirates.\r\n\r\nThe unified economic agreement between the countries of the Gulf Cooperation Council was signed on November 11, 1981 in Abu Dhabi. These countries are often referred to as The GCC States.\r\n', 'Active'),
(88, '30', '1', 'Entomology is the science that studies', NULL, 'text', 'Behavior of human beings', 'Insects', 'The origin and history of technical and scientific terms', ' The formation of rocks', 'Insects', 'Entomology: The branch of zoology concerned with the study of insects. ', 'Active'),
(89, '30', '1', 'First human heart transplant operation conducted by Dr. Christiaan Barnard on Louis Washkansky, was conducted in', 'study1.png', 'image', '1967', '1968', '1958', '1922', '1967', 'Louis Washkansky (1913 - 21 December 1967) was the recipient of the world\'s first human heart transplant.\r\n\r\nWashkansky died of double pneumonia eighteen days after the transplant because of a weakened immune system.\r\n', 'Active'),
(90, '30', '2', 'Gulf cooperation council was originally formed by', NULL, 'text', 'Bahrain, Kuwait, Oman, Qatar, Saudi Arabia and United Arab Emirates', 'Second World Nations', 'Third World Nations', 'Fourth World Nations', 'Bahrain, Kuwait, Oman, Qatar, Saudi Arabia and United Arab Emirates', 'Gulf cooperation council was created on May 25, 1981, the 630-million-acre (2,500,000 km2) Council comprises the Persian Gulf states of Bahrain, Kuwait, Oman, Qatar, Saudi Arabia and the United Arab Emirates.\r\n\r\nThe unified economic agreement between the countries of the Gulf Cooperation Council was signed on November 11, 1981 in Abu Dhabi. These countries are often referred to as The GCC States.\r\n', 'Active'),
(91, '31', '1', 'Entomology is the science that studies', NULL, 'text', 'Behavior of human beings', 'Insects', 'The origin and history of technical and scientific terms', ' The formation of rocks', 'Insects', 'Entomology: The branch of zoology concerned with the study of insects. ', 'Active'),
(92, '31', '1', 'First human heart transplant operation conducted by Dr. Christiaan Barnard on Louis Washkansky, was conducted in', 'study1.png', 'image', '1967', '1968', '1958', '1922', '1967', 'Louis Washkansky (1913 - 21 December 1967) was the recipient of the world\'s first human heart transplant.\r\n\r\nWashkansky died of double pneumonia eighteen days after the transplant because of a weakened immune system.\r\n', 'Active'),
(93, '31', '2', 'Gulf cooperation council was originally formed by', NULL, 'text', 'Bahrain, Kuwait, Oman, Qatar, Saudi Arabia and United Arab Emirates', 'Second World Nations', 'Third World Nations', 'Fourth World Nations', 'Bahrain, Kuwait, Oman, Qatar, Saudi Arabia and United Arab Emirates', 'Gulf cooperation council was created on May 25, 1981, the 630-million-acre (2,500,000 km2) Council comprises the Persian Gulf states of Bahrain, Kuwait, Oman, Qatar, Saudi Arabia and the United Arab Emirates.\r\n\r\nThe unified economic agreement between the countries of the Gulf Cooperation Council was signed on November 11, 1981 in Abu Dhabi. These countries are often referred to as The GCC States.\r\n', 'Active'),
(94, '32', '1', 'Entomology is the science that studies', NULL, 'text', 'Behavior of human beings', 'Insects', 'The origin and history of technical and scientific terms', ' The formation of rocks', 'Insects', 'Entomology: The branch of zoology concerned with the study of insects. ', 'Active'),
(95, '32', '1', 'First human heart transplant operation conducted by Dr. Christiaan Barnard on Louis Washkansky, was conducted in', 'study1.png', 'image', '1967', '1968', '1958', '1922', '1967', 'Louis Washkansky (1913 - 21 December 1967) was the recipient of the world\'s first human heart transplant.\r\n\r\nWashkansky died of double pneumonia eighteen days after the transplant because of a weakened immune system.\r\n', 'Active'),
(96, '32', '2', 'Gulf cooperation council was originally formed by', NULL, 'text', 'Bahrain, Kuwait, Oman, Qatar, Saudi Arabia and United Arab Emirates', 'Second World Nations', 'Third World Nations', 'Fourth World Nations', 'Bahrain, Kuwait, Oman, Qatar, Saudi Arabia and United Arab Emirates', 'Gulf cooperation council was created on May 25, 1981, the 630-million-acre (2,500,000 km2) Council comprises the Persian Gulf states of Bahrain, Kuwait, Oman, Qatar, Saudi Arabia and the United Arab Emirates.\r\n\r\nThe unified economic agreement between the countries of the Gulf Cooperation Council was signed on November 11, 1981 in Abu Dhabi. These countries are often referred to as The GCC States.\r\n', 'Active'),
(97, '33', '1', 'Entomology is the science that studies', NULL, 'text', 'Behavior of human beings', 'Insects', 'The origin and history of technical and scientific terms', ' The formation of rocks', 'Insects', 'Entomology: The branch of zoology concerned with the study of insects. ', 'Active'),
(98, '33', '1', 'First human heart transplant operation conducted by Dr. Christiaan Barnard on Louis Washkansky, was conducted in', 'study1.png', 'image', '1967', '1968', '1958', '1922', '1967', 'Louis Washkansky (1913 - 21 December 1967) was the recipient of the world\'s first human heart transplant.\r\n\r\nWashkansky died of double pneumonia eighteen days after the transplant because of a weakened immune system.\r\n', 'Active'),
(99, '33', '2', 'Gulf cooperation council was originally formed by', NULL, 'text', 'Bahrain, Kuwait, Oman, Qatar, Saudi Arabia and United Arab Emirates', 'Second World Nations', 'Third World Nations', 'Fourth World Nations', 'Bahrain, Kuwait, Oman, Qatar, Saudi Arabia and United Arab Emirates', 'Gulf cooperation council was created on May 25, 1981, the 630-million-acre (2,500,000 km2) Council comprises the Persian Gulf states of Bahrain, Kuwait, Oman, Qatar, Saudi Arabia and the United Arab Emirates.\r\n\r\nThe unified economic agreement between the countries of the Gulf Cooperation Council was signed on November 11, 1981 in Abu Dhabi. These countries are often referred to as The GCC States.\r\n', 'Active'),
(100, '34', '1', 'Entomology is the science that studies', NULL, 'text', 'Behavior of human beings', 'Insects', 'The origin and history of technical and scientific terms', ' The formation of rocks', 'Insects', 'Entomology: The branch of zoology concerned with the study of insects. ', 'Active'),
(101, '34', '1', 'First human heart transplant operation conducted by Dr. Christiaan Barnard on Louis Washkansky, was conducted in', 'study1.png', 'image', '1967', '1968', '1958', '1922', '1967', 'Louis Washkansky (1913 - 21 December 1967) was the recipient of the world\'s first human heart transplant.\r\n\r\nWashkansky died of double pneumonia eighteen days after the transplant because of a weakened immune system.\r\n', 'Active'),
(102, '34', '2', 'Gulf cooperation council was originally formed by', NULL, 'text', 'Bahrain, Kuwait, Oman, Qatar, Saudi Arabia and United Arab Emirates', 'Second World Nations', 'Third World Nations', 'Fourth World Nations', 'Bahrain, Kuwait, Oman, Qatar, Saudi Arabia and United Arab Emirates', 'Gulf cooperation council was created on May 25, 1981, the 630-million-acre (2,500,000 km2) Council comprises the Persian Gulf states of Bahrain, Kuwait, Oman, Qatar, Saudi Arabia and the United Arab Emirates.\r\n\r\nThe unified economic agreement between the countries of the Gulf Cooperation Council was signed on November 11, 1981 in Abu Dhabi. These countries are often referred to as The GCC States.\r\n', 'Active'),
(103, '35', '1', 'Entomology is the science that studies', NULL, 'text', 'Behavior of human beings', 'Insects', 'The origin and history of technical and scientific terms', ' The formation of rocks', 'Insects', 'Entomology: The branch of zoology concerned with the study of insects. ', 'Active'),
(104, '35', '1', 'First human heart transplant operation conducted by Dr. Christiaan Barnard on Louis Washkansky, was conducted in', 'study1.png', 'image', '1967', '1968', '1958', '1922', '1967', 'Louis Washkansky (1913 - 21 December 1967) was the recipient of the world\'s first human heart transplant.\r\n\r\nWashkansky died of double pneumonia eighteen days after the transplant because of a weakened immune system.\r\n', 'Active');
INSERT INTO `gatavarshichya_prashna_patrika_live_test` (`live_test_id`, `question_papers_id`, `subject_id`, `question`, `question_image`, `question_type`, `option1`, `option2`, `option3`, `option4`, `answer`, `explanation`, `status`) VALUES
(105, '35', '2', 'Gulf cooperation council was originally formed by', NULL, 'text', 'Bahrain, Kuwait, Oman, Qatar, Saudi Arabia and United Arab Emirates', 'Second World Nations', 'Third World Nations', 'Fourth World Nations', 'Bahrain, Kuwait, Oman, Qatar, Saudi Arabia and United Arab Emirates', 'Gulf cooperation council was created on May 25, 1981, the 630-million-acre (2,500,000 km2) Council comprises the Persian Gulf states of Bahrain, Kuwait, Oman, Qatar, Saudi Arabia and the United Arab Emirates.\r\n\r\nThe unified economic agreement between the countries of the Gulf Cooperation Council was signed on November 11, 1981 in Abu Dhabi. These countries are often referred to as The GCC States.\r\n', 'Active'),
(106, '36', '1', 'Entomology is the science that studies', NULL, 'text', 'Behavior of human beings', 'Insects', 'The origin and history of technical and scientific terms', ' The formation of rocks', 'Insects', 'Entomology: The branch of zoology concerned with the study of insects. ', 'Active'),
(107, '36', '1', 'First human heart transplant operation conducted by Dr. Christiaan Barnard on Louis Washkansky, was conducted in', 'study1.png', 'image', '1967', '1968', '1958', '1922', '1967', 'Louis Washkansky (1913 - 21 December 1967) was the recipient of the world\'s first human heart transplant.\r\n\r\nWashkansky died of double pneumonia eighteen days after the transplant because of a weakened immune system.\r\n', 'Active'),
(108, '36', '2', 'Gulf cooperation council was originally formed by', NULL, 'text', 'Bahrain, Kuwait, Oman, Qatar, Saudi Arabia and United Arab Emirates', 'Second World Nations', 'Third World Nations', 'Fourth World Nations', 'Bahrain, Kuwait, Oman, Qatar, Saudi Arabia and United Arab Emirates', 'Gulf cooperation council was created on May 25, 1981, the 630-million-acre (2,500,000 km2) Council comprises the Persian Gulf states of Bahrain, Kuwait, Oman, Qatar, Saudi Arabia and the United Arab Emirates.\r\n\r\nThe unified economic agreement between the countries of the Gulf Cooperation Council was signed on November 11, 1981 in Abu Dhabi. These countries are often referred to as The GCC States.\r\n', 'Active'),
(109, '37', '1', 'Entomology is the science that studies', NULL, 'text', 'Behavior of human beings', 'Insects', 'The origin and history of technical and scientific terms', ' The formation of rocks', 'Insects', 'Entomology: The branch of zoology concerned with the study of insects. ', 'Active'),
(110, '37', '1', 'First human heart transplant operation conducted by Dr. Christiaan Barnard on Louis Washkansky, was conducted in', 'study1.png', 'image', '1967', '1968', '1958', '1922', '1967', 'Louis Washkansky (1913 - 21 December 1967) was the recipient of the world\'s first human heart transplant.\r\n\r\nWashkansky died of double pneumonia eighteen days after the transplant because of a weakened immune system.\r\n', 'Active'),
(111, '37', '2', 'Gulf cooperation council was originally formed by', NULL, 'text', 'Bahrain, Kuwait, Oman, Qatar, Saudi Arabia and United Arab Emirates', 'Second World Nations', 'Third World Nations', 'Fourth World Nations', 'Bahrain, Kuwait, Oman, Qatar, Saudi Arabia and United Arab Emirates', 'Gulf cooperation council was created on May 25, 1981, the 630-million-acre (2,500,000 km2) Council comprises the Persian Gulf states of Bahrain, Kuwait, Oman, Qatar, Saudi Arabia and the United Arab Emirates.\r\n\r\nThe unified economic agreement between the countries of the Gulf Cooperation Council was signed on November 11, 1981 in Abu Dhabi. These countries are often referred to as The GCC States.\r\n', 'Active'),
(112, '38', '1', 'Entomology is the science that studies', NULL, 'text', 'Behavior of human beings', 'Insects', 'The origin and history of technical and scientific terms', ' The formation of rocks', 'Insects', 'Entomology: The branch of zoology concerned with the study of insects. ', 'Active'),
(113, '38', '1', 'First human heart transplant operation conducted by Dr. Christiaan Barnard on Louis Washkansky, was conducted in', 'study1.png', 'image', '1967', '1968', '1958', '1922', '1967', 'Louis Washkansky (1913 - 21 December 1967) was the recipient of the world\'s first human heart transplant.\r\n\r\nWashkansky died of double pneumonia eighteen days after the transplant because of a weakened immune system.\r\n', 'Active'),
(114, '38', '2', 'Gulf cooperation council was originally formed by', NULL, 'text', 'Bahrain, Kuwait, Oman, Qatar, Saudi Arabia and United Arab Emirates', 'Second World Nations', 'Third World Nations', 'Fourth World Nations', 'Bahrain, Kuwait, Oman, Qatar, Saudi Arabia and United Arab Emirates', 'Gulf cooperation council was created on May 25, 1981, the 630-million-acre (2,500,000 km2) Council comprises the Persian Gulf states of Bahrain, Kuwait, Oman, Qatar, Saudi Arabia and the United Arab Emirates.\r\n\r\nThe unified economic agreement between the countries of the Gulf Cooperation Council was signed on November 11, 1981 in Abu Dhabi. These countries are often referred to as The GCC States.\r\n', 'Active'),
(115, '39', '1', 'Entomology is the science that studies', NULL, 'text', 'Behavior of human beings', 'Insects', 'The origin and history of technical and scientific terms', ' The formation of rocks', 'Insects', 'Entomology: The branch of zoology concerned with the study of insects. ', 'Active'),
(116, '39', '1', 'First human heart transplant operation conducted by Dr. Christiaan Barnard on Louis Washkansky, was conducted in', 'study1.png', 'image', '1967', '1968', '1958', '1922', '1967', 'Louis Washkansky (1913 - 21 December 1967) was the recipient of the world\'s first human heart transplant.\r\n\r\nWashkansky died of double pneumonia eighteen days after the transplant because of a weakened immune system.\r\n', 'Active'),
(117, '39', '2', 'Gulf cooperation council was originally formed by', NULL, 'text', 'Bahrain, Kuwait, Oman, Qatar, Saudi Arabia and United Arab Emirates', 'Second World Nations', 'Third World Nations', 'Fourth World Nations', 'Bahrain, Kuwait, Oman, Qatar, Saudi Arabia and United Arab Emirates', 'Gulf cooperation council was created on May 25, 1981, the 630-million-acre (2,500,000 km2) Council comprises the Persian Gulf states of Bahrain, Kuwait, Oman, Qatar, Saudi Arabia and the United Arab Emirates.\r\n\r\nThe unified economic agreement between the countries of the Gulf Cooperation Council was signed on November 11, 1981 in Abu Dhabi. These countries are often referred to as The GCC States.\r\n', 'Active'),
(118, '40', '1', 'Entomology is the science that studies', NULL, 'text', 'Behavior of human beings', 'Insects', 'The origin and history of technical and scientific terms', ' The formation of rocks', 'Insects', 'Entomology: The branch of zoology concerned with the study of insects. ', 'Active'),
(119, '40', '1', 'First human heart transplant operation conducted by Dr. Christiaan Barnard on Louis Washkansky, was conducted in', 'study1.png', 'image', '1967', '1968', '1958', '1922', '1967', 'Louis Washkansky (1913 - 21 December 1967) was the recipient of the world\'s first human heart transplant.\r\n\r\nWashkansky died of double pneumonia eighteen days after the transplant because of a weakened immune system.\r\n', 'Active'),
(120, '40', '2', 'Gulf cooperation council was originally formed by', NULL, 'text', 'Bahrain, Kuwait, Oman, Qatar, Saudi Arabia and United Arab Emirates', 'Second World Nations', 'Third World Nations', 'Fourth World Nations', 'Bahrain, Kuwait, Oman, Qatar, Saudi Arabia and United Arab Emirates', 'Gulf cooperation council was created on May 25, 1981, the 630-million-acre (2,500,000 km2) Council comprises the Persian Gulf states of Bahrain, Kuwait, Oman, Qatar, Saudi Arabia and the United Arab Emirates.\r\n\r\nThe unified economic agreement between the countries of the Gulf Cooperation Council was signed on November 11, 1981 in Abu Dhabi. These countries are often referred to as The GCC States.\r\n', 'Active'),
(121, '41', '1', 'Entomology is the science that studies', NULL, 'text', 'Behavior of human beings', 'Insects', 'The origin and history of technical and scientific terms', ' The formation of rocks', 'Insects', 'Entomology: The branch of zoology concerned with the study of insects. ', 'Active'),
(122, '41', '1', 'First human heart transplant operation conducted by Dr. Christiaan Barnard on Louis Washkansky, was conducted in', 'study1.png', 'image', '1967', '1968', '1958', '1922', '1967', 'Louis Washkansky (1913 - 21 December 1967) was the recipient of the world\'s first human heart transplant.\r\n\r\nWashkansky died of double pneumonia eighteen days after the transplant because of a weakened immune system.\r\n', 'Active'),
(123, '41', '2', 'Gulf cooperation council was originally formed by', NULL, 'text', 'Bahrain, Kuwait, Oman, Qatar, Saudi Arabia and United Arab Emirates', 'Second World Nations', 'Third World Nations', 'Fourth World Nations', 'Bahrain, Kuwait, Oman, Qatar, Saudi Arabia and United Arab Emirates', 'Gulf cooperation council was created on May 25, 1981, the 630-million-acre (2,500,000 km2) Council comprises the Persian Gulf states of Bahrain, Kuwait, Oman, Qatar, Saudi Arabia and the United Arab Emirates.\r\n\r\nThe unified economic agreement between the countries of the Gulf Cooperation Council was signed on November 11, 1981 in Abu Dhabi. These countries are often referred to as The GCC States.\r\n', 'Active'),
(124, '42', '1', 'Entomology is the science that studies', NULL, 'text', 'Behavior of human beings', 'Insects', 'The origin and history of technical and scientific terms', ' The formation of rocks', 'Insects', 'Entomology: The branch of zoology concerned with the study of insects. ', 'Active'),
(125, '42', '1', 'First human heart transplant operation conducted by Dr. Christiaan Barnard on Louis Washkansky, was conducted in', 'study1.png', 'image', '1967', '1968', '1958', '1922', '1967', 'Louis Washkansky (1913 - 21 December 1967) was the recipient of the world\'s first human heart transplant.\r\n\r\nWashkansky died of double pneumonia eighteen days after the transplant because of a weakened immune system.\r\n', 'Active'),
(126, '42', '2', 'Gulf cooperation council was originally formed by', NULL, 'text', 'Bahrain, Kuwait, Oman, Qatar, Saudi Arabia and United Arab Emirates', 'Second World Nations', 'Third World Nations', 'Fourth World Nations', 'Bahrain, Kuwait, Oman, Qatar, Saudi Arabia and United Arab Emirates', 'Gulf cooperation council was created on May 25, 1981, the 630-million-acre (2,500,000 km2) Council comprises the Persian Gulf states of Bahrain, Kuwait, Oman, Qatar, Saudi Arabia and the United Arab Emirates.\r\n\r\nThe unified economic agreement between the countries of the Gulf Cooperation Council was signed on November 11, 1981 in Abu Dhabi. These countries are often referred to as The GCC States.\r\n', 'Active'),
(127, '43', '1', 'Entomology is the science that studies', NULL, 'text', 'Behavior of human beings', 'Insects', 'The origin and history of technical and scientific terms', ' The formation of rocks', 'Insects', 'Entomology: The branch of zoology concerned with the study of insects. ', 'Active'),
(128, '43', '1', 'First human heart transplant operation conducted by Dr. Christiaan Barnard on Louis Washkansky, was conducted in', 'study1.png', 'image', '1967', '1968', '1958', '1922', '1967', 'Louis Washkansky (1913 - 21 December 1967) was the recipient of the world\'s first human heart transplant.\r\n\r\nWashkansky died of double pneumonia eighteen days after the transplant because of a weakened immune system.\r\n', 'Active'),
(129, '43', '2', 'Gulf cooperation council was originally formed by', NULL, 'text', 'Bahrain, Kuwait, Oman, Qatar, Saudi Arabia and United Arab Emirates', 'Second World Nations', 'Third World Nations', 'Fourth World Nations', 'Bahrain, Kuwait, Oman, Qatar, Saudi Arabia and United Arab Emirates', 'Gulf cooperation council was created on May 25, 1981, the 630-million-acre (2,500,000 km2) Council comprises the Persian Gulf states of Bahrain, Kuwait, Oman, Qatar, Saudi Arabia and the United Arab Emirates.\r\n\r\nThe unified economic agreement between the countries of the Gulf Cooperation Council was signed on November 11, 1981 in Abu Dhabi. These countries are often referred to as The GCC States.\r\n', 'Active'),
(130, '44', '1', 'Entomology is the science that studies', NULL, 'text', 'Behavior of human beings', 'Insects', 'The origin and history of technical and scientific terms', ' The formation of rocks', 'Insects', 'Entomology: The branch of zoology concerned with the study of insects. ', 'Active'),
(131, '44', '1', 'First human heart transplant operation conducted by Dr. Christiaan Barnard on Louis Washkansky, was conducted in', 'study1.png', 'image', '1967', '1968', '1958', '1922', '1967', 'Louis Washkansky (1913 - 21 December 1967) was the recipient of the world\'s first human heart transplant.\r\n\r\nWashkansky died of double pneumonia eighteen days after the transplant because of a weakened immune system.\r\n', 'Active'),
(132, '44', '2', 'Gulf cooperation council was originally formed by', NULL, 'text', 'Bahrain, Kuwait, Oman, Qatar, Saudi Arabia and United Arab Emirates', 'Second World Nations', 'Third World Nations', 'Fourth World Nations', 'Bahrain, Kuwait, Oman, Qatar, Saudi Arabia and United Arab Emirates', 'Gulf cooperation council was created on May 25, 1981, the 630-million-acre (2,500,000 km2) Council comprises the Persian Gulf states of Bahrain, Kuwait, Oman, Qatar, Saudi Arabia and the United Arab Emirates.\r\n\r\nThe unified economic agreement between the countries of the Gulf Cooperation Council was signed on November 11, 1981 in Abu Dhabi. These countries are often referred to as The GCC States.\r\n', 'Active'),
(133, '45', '1', 'Entomology is the science that studies', NULL, 'text', 'Behavior of human beings', 'Insects', 'The origin and history of technical and scientific terms', ' The formation of rocks', 'Insects', 'Entomology: The branch of zoology concerned with the study of insects. ', 'Active'),
(134, '45', '1', 'First human heart transplant operation conducted by Dr. Christiaan Barnard on Louis Washkansky, was conducted in', 'study1.png', 'image', '1967', '1968', '1958', '1922', '1967', 'Louis Washkansky (1913 - 21 December 1967) was the recipient of the world\'s first human heart transplant.\r\n\r\nWashkansky died of double pneumonia eighteen days after the transplant because of a weakened immune system.\r\n', 'Active'),
(135, '45', '2', 'Gulf cooperation council was originally formed by', NULL, 'text', 'Bahrain, Kuwait, Oman, Qatar, Saudi Arabia and United Arab Emirates', 'Second World Nations', 'Third World Nations', 'Fourth World Nations', 'Bahrain, Kuwait, Oman, Qatar, Saudi Arabia and United Arab Emirates', 'Gulf cooperation council was created on May 25, 1981, the 630-million-acre (2,500,000 km2) Council comprises the Persian Gulf states of Bahrain, Kuwait, Oman, Qatar, Saudi Arabia and the United Arab Emirates.\r\n\r\nThe unified economic agreement between the countries of the Gulf Cooperation Council was signed on November 11, 1981 in Abu Dhabi. These countries are often referred to as The GCC States.\r\n', 'Active'),
(136, '46', '1', 'Entomology is the science that studies', NULL, 'text', 'Behavior of human beings', 'Insects', 'The origin and history of technical and scientific terms', ' The formation of rocks', 'Insects', 'Entomology: The branch of zoology concerned with the study of insects. ', 'Active'),
(137, '46', '1', 'First human heart transplant operation conducted by Dr. Christiaan Barnard on Louis Washkansky, was conducted in', 'study1.png', 'image', '1967', '1968', '1958', '1922', '1967', 'Louis Washkansky (1913 - 21 December 1967) was the recipient of the world\'s first human heart transplant.\r\n\r\nWashkansky died of double pneumonia eighteen days after the transplant because of a weakened immune system.\r\n', 'Active'),
(138, '46', '2', 'Gulf cooperation council was originally formed by', NULL, 'text', 'Bahrain, Kuwait, Oman, Qatar, Saudi Arabia and United Arab Emirates', 'Second World Nations', 'Third World Nations', 'Fourth World Nations', 'Bahrain, Kuwait, Oman, Qatar, Saudi Arabia and United Arab Emirates', 'Gulf cooperation council was created on May 25, 1981, the 630-million-acre (2,500,000 km2) Council comprises the Persian Gulf states of Bahrain, Kuwait, Oman, Qatar, Saudi Arabia and the United Arab Emirates.\r\n\r\nThe unified economic agreement between the countries of the Gulf Cooperation Council was signed on November 11, 1981 in Abu Dhabi. These countries are often referred to as The GCC States.\r\n', 'Active'),
(139, '47', '1', 'Entomology is the science that studies', NULL, 'text', 'Behavior of human beings', 'Insects', 'The origin and history of technical and scientific terms', ' The formation of rocks', 'Insects', 'Entomology: The branch of zoology concerned with the study of insects. ', 'Active'),
(140, '47', '1', 'First human heart transplant operation conducted by Dr. Christiaan Barnard on Louis Washkansky, was conducted in', 'study1.png', 'image', '1967', '1968', '1958', '1922', '1967', 'Louis Washkansky (1913 - 21 December 1967) was the recipient of the world\'s first human heart transplant.\r\n\r\nWashkansky died of double pneumonia eighteen days after the transplant because of a weakened immune system.\r\n', 'Active'),
(141, '47', '2', 'Gulf cooperation council was originally formed by', NULL, 'text', 'Bahrain, Kuwait, Oman, Qatar, Saudi Arabia and United Arab Emirates', 'Second World Nations', 'Third World Nations', 'Fourth World Nations', 'Bahrain, Kuwait, Oman, Qatar, Saudi Arabia and United Arab Emirates', 'Gulf cooperation council was created on May 25, 1981, the 630-million-acre (2,500,000 km2) Council comprises the Persian Gulf states of Bahrain, Kuwait, Oman, Qatar, Saudi Arabia and the United Arab Emirates.\r\n\r\nThe unified economic agreement between the countries of the Gulf Cooperation Council was signed on November 11, 1981 in Abu Dhabi. These countries are often referred to as The GCC States.\r\n', 'Active'),
(142, '48', '1', 'Entomology is the science that studies', NULL, 'text', 'Behavior of human beings', 'Insects', 'The origin and history of technical and scientific terms', ' The formation of rocks', 'Insects', 'Entomology: The branch of zoology concerned with the study of insects. ', 'Active'),
(143, '48', '1', 'First human heart transplant operation conducted by Dr. Christiaan Barnard on Louis Washkansky, was conducted in', 'study1.png', 'image', '1967', '1968', '1958', '1922', '1967', 'Louis Washkansky (1913 - 21 December 1967) was the recipient of the world\'s first human heart transplant.\r\n\r\nWashkansky died of double pneumonia eighteen days after the transplant because of a weakened immune system.\r\n', 'Active'),
(144, '48', '2', 'Gulf cooperation council was originally formed by', NULL, 'text', 'Bahrain, Kuwait, Oman, Qatar, Saudi Arabia and United Arab Emirates', 'Second World Nations', 'Third World Nations', 'Fourth World Nations', 'Bahrain, Kuwait, Oman, Qatar, Saudi Arabia and United Arab Emirates', 'Gulf cooperation council was created on May 25, 1981, the 630-million-acre (2,500,000 km2) Council comprises the Persian Gulf states of Bahrain, Kuwait, Oman, Qatar, Saudi Arabia and the United Arab Emirates.\r\n\r\nThe unified economic agreement between the countries of the Gulf Cooperation Council was signed on November 11, 1981 in Abu Dhabi. These countries are often referred to as The GCC States.\r\n', 'Active'),
(145, '49', '1', 'Entomology is the science that studies', NULL, 'text', 'Behavior of human beings', 'Insects', 'The origin and history of technical and scientific terms', ' The formation of rocks', 'Insects', 'Entomology: The branch of zoology concerned with the study of insects. ', 'Active'),
(146, '49', '1', 'First human heart transplant operation conducted by Dr. Christiaan Barnard on Louis Washkansky, was conducted in', 'study1.png', 'image', '1967', '1968', '1958', '1922', '1967', 'Louis Washkansky (1913 - 21 December 1967) was the recipient of the world\'s first human heart transplant.\r\n\r\nWashkansky died of double pneumonia eighteen days after the transplant because of a weakened immune system.\r\n', 'Active'),
(147, '49', '2', 'Gulf cooperation council was originally formed by', NULL, 'text', 'Bahrain, Kuwait, Oman, Qatar, Saudi Arabia and United Arab Emirates', 'Second World Nations', 'Third World Nations', 'Fourth World Nations', 'Bahrain, Kuwait, Oman, Qatar, Saudi Arabia and United Arab Emirates', 'Gulf cooperation council was created on May 25, 1981, the 630-million-acre (2,500,000 km2) Council comprises the Persian Gulf states of Bahrain, Kuwait, Oman, Qatar, Saudi Arabia and the United Arab Emirates.\r\n\r\nThe unified economic agreement between the countries of the Gulf Cooperation Council was signed on November 11, 1981 in Abu Dhabi. These countries are often referred to as The GCC States.\r\n', 'Active'),
(148, '50', '1', 'Entomology is the science that studies', NULL, 'text', 'Behavior of human beings', 'Insects', 'The origin and history of technical and scientific terms', ' The formation of rocks', 'Insects', 'Entomology: The branch of zoology concerned with the study of insects. ', 'Active'),
(149, '50', '1', 'First human heart transplant operation conducted by Dr. Christiaan Barnard on Louis Washkansky, was conducted in', 'study1.png', 'image', '1967', '1968', '1958', '1922', '1967', 'Louis Washkansky (1913 - 21 December 1967) was the recipient of the world\'s first human heart transplant.\r\n\r\nWashkansky died of double pneumonia eighteen days after the transplant because of a weakened immune system.\r\n', 'Active'),
(150, '50', '2', 'Gulf cooperation council was originally formed by', NULL, 'text', 'Bahrain, Kuwait, Oman, Qatar, Saudi Arabia and United Arab Emirates', 'Second World Nations', 'Third World Nations', 'Fourth World Nations', 'Bahrain, Kuwait, Oman, Qatar, Saudi Arabia and United Arab Emirates', 'Gulf cooperation council was created on May 25, 1981, the 630-million-acre (2,500,000 km2) Council comprises the Persian Gulf states of Bahrain, Kuwait, Oman, Qatar, Saudi Arabia and the United Arab Emirates.\r\n\r\nThe unified economic agreement between the countries of the Gulf Cooperation Council was signed on November 11, 1981 in Abu Dhabi. These countries are often referred to as The GCC States.\r\n', 'Active'),
(151, '51', '1', 'Entomology is the science that studies', NULL, 'text', 'Behavior of human beings', 'Insects', 'The origin and history of technical and scientific terms', ' The formation of rocks', 'Insects', 'Entomology: The branch of zoology concerned with the study of insects. ', 'Active'),
(152, '51', '1', 'First human heart transplant operation conducted by Dr. Christiaan Barnard on Louis Washkansky, was conducted in', 'study1.png', 'image', '1967', '1968', '1958', '1922', '1967', 'Louis Washkansky (1913 - 21 December 1967) was the recipient of the world\'s first human heart transplant.\r\n\r\nWashkansky died of double pneumonia eighteen days after the transplant because of a weakened immune system.\r\n', 'Active'),
(153, '51', '2', 'Gulf cooperation council was originally formed by', NULL, 'text', 'Bahrain, Kuwait, Oman, Qatar, Saudi Arabia and United Arab Emirates', 'Second World Nations', 'Third World Nations', 'Fourth World Nations', 'Bahrain, Kuwait, Oman, Qatar, Saudi Arabia and United Arab Emirates', 'Gulf cooperation council was created on May 25, 1981, the 630-million-acre (2,500,000 km2) Council comprises the Persian Gulf states of Bahrain, Kuwait, Oman, Qatar, Saudi Arabia and the United Arab Emirates.\r\n\r\nThe unified economic agreement between the countries of the Gulf Cooperation Council was signed on November 11, 1981 in Abu Dhabi. These countries are often referred to as The GCC States.\r\n', 'Active'),
(154, '52', '1', 'Entomology is the science that studies', NULL, 'text', 'Behavior of human beings', 'Insects', 'The origin and history of technical and scientific terms', ' The formation of rocks', 'Insects', 'Entomology: The branch of zoology concerned with the study of insects. ', 'Active'),
(155, '52', '1', 'First human heart transplant operation conducted by Dr. Christiaan Barnard on Louis Washkansky, was conducted in', 'study1.png', 'image', '1967', '1968', '1958', '1922', '1967', 'Louis Washkansky (1913 - 21 December 1967) was the recipient of the world\'s first human heart transplant.\r\n\r\nWashkansky died of double pneumonia eighteen days after the transplant because of a weakened immune system.\r\n', 'Active'),
(156, '52', '2', 'Gulf cooperation council was originally formed by', NULL, 'text', 'Bahrain, Kuwait, Oman, Qatar, Saudi Arabia and United Arab Emirates', 'Second World Nations', 'Third World Nations', 'Fourth World Nations', 'Bahrain, Kuwait, Oman, Qatar, Saudi Arabia and United Arab Emirates', 'Gulf cooperation council was created on May 25, 1981, the 630-million-acre (2,500,000 km2) Council comprises the Persian Gulf states of Bahrain, Kuwait, Oman, Qatar, Saudi Arabia and the United Arab Emirates.\r\n\r\nThe unified economic agreement between the countries of the Gulf Cooperation Council was signed on November 11, 1981 in Abu Dhabi. These countries are often referred to as The GCC States.\r\n', 'Active'),
(157, '53', '1', 'Entomology is the science that studies', NULL, 'text', 'Behavior of human beings', 'Insects', 'The origin and history of technical and scientific terms', ' The formation of rocks', 'Insects', 'Entomology: The branch of zoology concerned with the study of insects. ', 'Active'),
(158, '53', '1', 'First human heart transplant operation conducted by Dr. Christiaan Barnard on Louis Washkansky, was conducted in', 'study1.png', 'image', '1967', '1968', '1958', '1922', '1967', 'Louis Washkansky (1913 - 21 December 1967) was the recipient of the world\'s first human heart transplant.\r\n\r\nWashkansky died of double pneumonia eighteen days after the transplant because of a weakened immune system.\r\n', 'Active'),
(159, '53', '2', 'Gulf cooperation council was originally formed by', NULL, 'text', 'Bahrain, Kuwait, Oman, Qatar, Saudi Arabia and United Arab Emirates', 'Second World Nations', 'Third World Nations', 'Fourth World Nations', 'Bahrain, Kuwait, Oman, Qatar, Saudi Arabia and United Arab Emirates', 'Gulf cooperation council was created on May 25, 1981, the 630-million-acre (2,500,000 km2) Council comprises the Persian Gulf states of Bahrain, Kuwait, Oman, Qatar, Saudi Arabia and the United Arab Emirates.\r\n\r\nThe unified economic agreement between the countries of the Gulf Cooperation Council was signed on November 11, 1981 in Abu Dhabi. These countries are often referred to as The GCC States.\r\n', 'Active'),
(160, '54', '1', 'Entomology is the science that studies', NULL, 'text', 'Behavior of human beings', 'Insects', 'The origin and history of technical and scientific terms', ' The formation of rocks', 'Insects', 'Entomology: The branch of zoology concerned with the study of insects. ', 'Active'),
(161, '54', '1', 'First human heart transplant operation conducted by Dr. Christiaan Barnard on Louis Washkansky, was conducted in', 'study1.png', 'image', '1967', '1968', '1958', '1922', '1967', 'Louis Washkansky (1913 - 21 December 1967) was the recipient of the world\'s first human heart transplant.\r\n\r\nWashkansky died of double pneumonia eighteen days after the transplant because of a weakened immune system.\r\n', 'Active'),
(162, '54', '2', 'Gulf cooperation council was originally formed by', NULL, 'text', 'Bahrain, Kuwait, Oman, Qatar, Saudi Arabia and United Arab Emirates', 'Second World Nations', 'Third World Nations', 'Fourth World Nations', 'Bahrain, Kuwait, Oman, Qatar, Saudi Arabia and United Arab Emirates', 'Gulf cooperation council was created on May 25, 1981, the 630-million-acre (2,500,000 km2) Council comprises the Persian Gulf states of Bahrain, Kuwait, Oman, Qatar, Saudi Arabia and the United Arab Emirates.\r\n\r\nThe unified economic agreement between the countries of the Gulf Cooperation Council was signed on November 11, 1981 in Abu Dhabi. These countries are often referred to as The GCC States.\r\n', 'Active'),
(163, '55', '1', 'Entomology is the science that studies', NULL, 'text', 'Behavior of human beings', 'Insects', 'The origin and history of technical and scientific terms', ' The formation of rocks', 'Insects', 'Entomology: The branch of zoology concerned with the study of insects. ', 'Active'),
(164, '55', '1', 'First human heart transplant operation conducted by Dr. Christiaan Barnard on Louis Washkansky, was conducted in', 'study1.png', 'image', '1967', '1968', '1958', '1922', '1967', 'Louis Washkansky (1913 - 21 December 1967) was the recipient of the world\'s first human heart transplant.\r\n\r\nWashkansky died of double pneumonia eighteen days after the transplant because of a weakened immune system.\r\n', 'Active'),
(165, '55', '2', 'Gulf cooperation council was originally formed by', NULL, 'text', 'Bahrain, Kuwait, Oman, Qatar, Saudi Arabia and United Arab Emirates', 'Second World Nations', 'Third World Nations', 'Fourth World Nations', 'Bahrain, Kuwait, Oman, Qatar, Saudi Arabia and United Arab Emirates', 'Gulf cooperation council was created on May 25, 1981, the 630-million-acre (2,500,000 km2) Council comprises the Persian Gulf states of Bahrain, Kuwait, Oman, Qatar, Saudi Arabia and the United Arab Emirates.\r\n\r\nThe unified economic agreement between the countries of the Gulf Cooperation Council was signed on November 11, 1981 in Abu Dhabi. These countries are often referred to as The GCC States.\r\n', 'Active'),
(166, '56', '1', 'Entomology is the science that studies', NULL, 'text', 'Behavior of human beings', 'Insects', 'The origin and history of technical and scientific terms', ' The formation of rocks', 'Insects', 'Entomology: The branch of zoology concerned with the study of insects. ', 'Active'),
(167, '56', '1', 'First human heart transplant operation conducted by Dr. Christiaan Barnard on Louis Washkansky, was conducted in', 'study1.png', 'image', '1967', '1968', '1958', '1922', '1967', 'Louis Washkansky (1913 - 21 December 1967) was the recipient of the world\'s first human heart transplant.\r\n\r\nWashkansky died of double pneumonia eighteen days after the transplant because of a weakened immune system.\r\n', 'Active'),
(168, '56', '2', 'Gulf cooperation council was originally formed by', NULL, 'text', 'Bahrain, Kuwait, Oman, Qatar, Saudi Arabia and United Arab Emirates', 'Second World Nations', 'Third World Nations', 'Fourth World Nations', 'Bahrain, Kuwait, Oman, Qatar, Saudi Arabia and United Arab Emirates', 'Gulf cooperation council was created on May 25, 1981, the 630-million-acre (2,500,000 km2) Council comprises the Persian Gulf states of Bahrain, Kuwait, Oman, Qatar, Saudi Arabia and the United Arab Emirates.\r\n\r\nThe unified economic agreement between the countries of the Gulf Cooperation Council was signed on November 11, 1981 in Abu Dhabi. These countries are often referred to as The GCC States.\r\n', 'Active'),
(169, '57', '1', 'Entomology is the science that studies', NULL, 'text', 'Behavior of human beings', 'Insects', 'The origin and history of technical and scientific terms', ' The formation of rocks', 'Insects', 'Entomology: The branch of zoology concerned with the study of insects. ', 'Active'),
(170, '57', '1', 'First human heart transplant operation conducted by Dr. Christiaan Barnard on Louis Washkansky, was conducted in', 'study1.png', 'image', '1967', '1968', '1958', '1922', '1967', 'Louis Washkansky (1913 - 21 December 1967) was the recipient of the world\'s first human heart transplant.\r\n\r\nWashkansky died of double pneumonia eighteen days after the transplant because of a weakened immune system.\r\n', 'Active'),
(171, '57', '2', 'Gulf cooperation council was originally formed by', NULL, 'text', 'Bahrain, Kuwait, Oman, Qatar, Saudi Arabia and United Arab Emirates', 'Second World Nations', 'Third World Nations', 'Fourth World Nations', 'Bahrain, Kuwait, Oman, Qatar, Saudi Arabia and United Arab Emirates', 'Gulf cooperation council was created on May 25, 1981, the 630-million-acre (2,500,000 km2) Council comprises the Persian Gulf states of Bahrain, Kuwait, Oman, Qatar, Saudi Arabia and the United Arab Emirates.\r\n\r\nThe unified economic agreement between the countries of the Gulf Cooperation Council was signed on November 11, 1981 in Abu Dhabi. These countries are often referred to as The GCC States.\r\n', 'Active'),
(172, '58', '1', 'Entomology is the science that studies', NULL, 'text', 'Behavior of human beings', 'Insects', 'The origin and history of technical and scientific terms', ' The formation of rocks', 'Insects', 'Entomology: The branch of zoology concerned with the study of insects. ', 'Active'),
(173, '58', '1', 'First human heart transplant operation conducted by Dr. Christiaan Barnard on Louis Washkansky, was conducted in', 'study1.png', 'image', '1967', '1968', '1958', '1922', '1967', 'Louis Washkansky (1913 - 21 December 1967) was the recipient of the world\'s first human heart transplant.\r\n\r\nWashkansky died of double pneumonia eighteen days after the transplant because of a weakened immune system.\r\n', 'Active'),
(174, '58', '2', 'Gulf cooperation council was originally formed by', NULL, 'text', 'Bahrain, Kuwait, Oman, Qatar, Saudi Arabia and United Arab Emirates', 'Second World Nations', 'Third World Nations', 'Fourth World Nations', 'Bahrain, Kuwait, Oman, Qatar, Saudi Arabia and United Arab Emirates', 'Gulf cooperation council was created on May 25, 1981, the 630-million-acre (2,500,000 km2) Council comprises the Persian Gulf states of Bahrain, Kuwait, Oman, Qatar, Saudi Arabia and the United Arab Emirates.\r\n\r\nThe unified economic agreement between the countries of the Gulf Cooperation Council was signed on November 11, 1981 in Abu Dhabi. These countries are often referred to as The GCC States.\r\n', 'Active'),
(175, '59', '1', 'Entomology is the science that studies', NULL, 'text', 'Behavior of human beings', 'Insects', 'The origin and history of technical and scientific terms', ' The formation of rocks', 'Insects', 'Entomology: The branch of zoology concerned with the study of insects. ', 'Active'),
(176, '59', '1', 'First human heart transplant operation conducted by Dr. Christiaan Barnard on Louis Washkansky, was conducted in', 'study1.png', 'image', '1967', '1968', '1958', '1922', '1967', 'Louis Washkansky (1913 - 21 December 1967) was the recipient of the world\'s first human heart transplant.\r\n\r\nWashkansky died of double pneumonia eighteen days after the transplant because of a weakened immune system.\r\n', 'Active'),
(177, '59', '2', 'Gulf cooperation council was originally formed by', NULL, 'text', 'Bahrain, Kuwait, Oman, Qatar, Saudi Arabia and United Arab Emirates', 'Second World Nations', 'Third World Nations', 'Fourth World Nations', 'Bahrain, Kuwait, Oman, Qatar, Saudi Arabia and United Arab Emirates', 'Gulf cooperation council was created on May 25, 1981, the 630-million-acre (2,500,000 km2) Council comprises the Persian Gulf states of Bahrain, Kuwait, Oman, Qatar, Saudi Arabia and the United Arab Emirates.\r\n\r\nThe unified economic agreement between the countries of the Gulf Cooperation Council was signed on November 11, 1981 in Abu Dhabi. These countries are often referred to as The GCC States.\r\n', 'Active'),
(178, '60', '1', 'Entomology is the science that studies', NULL, 'text', 'Behavior of human beings', 'Insects', 'The origin and history of technical and scientific terms', ' The formation of rocks', 'Insects', 'Entomology: The branch of zoology concerned with the study of insects. ', 'Active'),
(179, '60', '1', 'First human heart transplant operation conducted by Dr. Christiaan Barnard on Louis Washkansky, was conducted in', 'study1.png', 'image', '1967', '1968', '1958', '1922', '1967', 'Louis Washkansky (1913 - 21 December 1967) was the recipient of the world\'s first human heart transplant.\r\n\r\nWashkansky died of double pneumonia eighteen days after the transplant because of a weakened immune system.\r\n', 'Active'),
(180, '60', '2', 'Gulf cooperation council was originally formed by', NULL, 'text', 'Bahrain, Kuwait, Oman, Qatar, Saudi Arabia and United Arab Emirates', 'Second World Nations', 'Third World Nations', 'Fourth World Nations', 'Bahrain, Kuwait, Oman, Qatar, Saudi Arabia and United Arab Emirates', 'Gulf cooperation council was created on May 25, 1981, the 630-million-acre (2,500,000 km2) Council comprises the Persian Gulf states of Bahrain, Kuwait, Oman, Qatar, Saudi Arabia and the United Arab Emirates.\r\n\r\nThe unified economic agreement between the countries of the Gulf Cooperation Council was signed on November 11, 1981 in Abu Dhabi. These countries are often referred to as The GCC States.\r\n', 'Active'),
(181, '61', '1', 'Entomology is the science that studies', NULL, 'text', 'Behavior of human beings', 'Insects', 'The origin and history of technical and scientific terms', ' The formation of rocks', 'Insects', 'Entomology: The branch of zoology concerned with the study of insects. ', 'Active'),
(182, '61', '1', 'First human heart transplant operation conducted by Dr. Christiaan Barnard on Louis Washkansky, was conducted in', 'study1.png', 'image', '1967', '1968', '1958', '1922', '1967', 'Louis Washkansky (1913 - 21 December 1967) was the recipient of the world\'s first human heart transplant.\r\n\r\nWashkansky died of double pneumonia eighteen days after the transplant because of a weakened immune system.\r\n', 'Active'),
(183, '61', '2', 'Gulf cooperation council was originally formed by', NULL, 'text', 'Bahrain, Kuwait, Oman, Qatar, Saudi Arabia and United Arab Emirates', 'Second World Nations', 'Third World Nations', 'Fourth World Nations', 'Bahrain, Kuwait, Oman, Qatar, Saudi Arabia and United Arab Emirates', 'Gulf cooperation council was created on May 25, 1981, the 630-million-acre (2,500,000 km2) Council comprises the Persian Gulf states of Bahrain, Kuwait, Oman, Qatar, Saudi Arabia and the United Arab Emirates.\r\n\r\nThe unified economic agreement between the countries of the Gulf Cooperation Council was signed on November 11, 1981 in Abu Dhabi. These countries are often referred to as The GCC States.\r\n', 'Active'),
(184, '62', '1', 'Entomology is the science that studies', NULL, 'text', 'Behavior of human beings', 'Insects', 'The origin and history of technical and scientific terms', ' The formation of rocks', 'Insects', 'Entomology: The branch of zoology concerned with the study of insects. ', 'Active'),
(185, '62', '1', 'First human heart transplant operation conducted by Dr. Christiaan Barnard on Louis Washkansky, was conducted in', 'study1.png', 'image', '1967', '1968', '1958', '1922', '1967', 'Louis Washkansky (1913 - 21 December 1967) was the recipient of the world\'s first human heart transplant.\r\n\r\nWashkansky died of double pneumonia eighteen days after the transplant because of a weakened immune system.\r\n', 'Active'),
(186, '62', '2', 'Gulf cooperation council was originally formed by', NULL, 'text', 'Bahrain, Kuwait, Oman, Qatar, Saudi Arabia and United Arab Emirates', 'Second World Nations', 'Third World Nations', 'Fourth World Nations', 'Bahrain, Kuwait, Oman, Qatar, Saudi Arabia and United Arab Emirates', 'Gulf cooperation council was created on May 25, 1981, the 630-million-acre (2,500,000 km2) Council comprises the Persian Gulf states of Bahrain, Kuwait, Oman, Qatar, Saudi Arabia and the United Arab Emirates.\r\n\r\nThe unified economic agreement between the countries of the Gulf Cooperation Council was signed on November 11, 1981 in Abu Dhabi. These countries are often referred to as The GCC States.\r\n', 'Active'),
(187, '63', '1', 'Entomology is the science that studies', NULL, 'text', 'Behavior of human beings', 'Insects', 'The origin and history of technical and scientific terms', ' The formation of rocks', 'Insects', 'Entomology: The branch of zoology concerned with the study of insects. ', 'Active'),
(188, '63', '1', 'First human heart transplant operation conducted by Dr. Christiaan Barnard on Louis Washkansky, was conducted in', 'study1.png', 'image', '1967', '1968', '1958', '1922', '1967', 'Louis Washkansky (1913 - 21 December 1967) was the recipient of the world\'s first human heart transplant.\r\n\r\nWashkansky died of double pneumonia eighteen days after the transplant because of a weakened immune system.\r\n', 'Active'),
(189, '63', '2', 'Gulf cooperation council was originally formed by', NULL, 'text', 'Bahrain, Kuwait, Oman, Qatar, Saudi Arabia and United Arab Emirates', 'Second World Nations', 'Third World Nations', 'Fourth World Nations', 'Bahrain, Kuwait, Oman, Qatar, Saudi Arabia and United Arab Emirates', 'Gulf cooperation council was created on May 25, 1981, the 630-million-acre (2,500,000 km2) Council comprises the Persian Gulf states of Bahrain, Kuwait, Oman, Qatar, Saudi Arabia and the United Arab Emirates.\r\n\r\nThe unified economic agreement between the countries of the Gulf Cooperation Council was signed on November 11, 1981 in Abu Dhabi. These countries are often referred to as The GCC States.\r\n', 'Active'),
(190, '64', '1', 'Entomology is the science that studies', NULL, 'text', 'Behavior of human beings', 'Insects', 'The origin and history of technical and scientific terms', ' The formation of rocks', 'Insects', 'Entomology: The branch of zoology concerned with the study of insects. ', 'Active'),
(191, '64', '1', 'First human heart transplant operation conducted by Dr. Christiaan Barnard on Louis Washkansky, was conducted in', 'study1.png', 'image', '1967', '1968', '1958', '1922', '1967', 'Louis Washkansky (1913 - 21 December 1967) was the recipient of the world\'s first human heart transplant.\r\n\r\nWashkansky died of double pneumonia eighteen days after the transplant because of a weakened immune system.\r\n', 'Active'),
(192, '64', '2', 'Gulf cooperation council was originally formed by', NULL, 'text', 'Bahrain, Kuwait, Oman, Qatar, Saudi Arabia and United Arab Emirates', 'Second World Nations', 'Third World Nations', 'Fourth World Nations', 'Bahrain, Kuwait, Oman, Qatar, Saudi Arabia and United Arab Emirates', 'Gulf cooperation council was created on May 25, 1981, the 630-million-acre (2,500,000 km2) Council comprises the Persian Gulf states of Bahrain, Kuwait, Oman, Qatar, Saudi Arabia and the United Arab Emirates.\r\n\r\nThe unified economic agreement between the countries of the Gulf Cooperation Council was signed on November 11, 1981 in Abu Dhabi. These countries are often referred to as The GCC States.\r\n', 'Active'),
(193, '65', '1', 'Entomology is the science that studies', NULL, 'text', 'Behavior of human beings', 'Insects', 'The origin and history of technical and scientific terms', ' The formation of rocks', 'Insects', 'Entomology: The branch of zoology concerned with the study of insects. ', 'Active'),
(194, '65', '1', 'First human heart transplant operation conducted by Dr. Christiaan Barnard on Louis Washkansky, was conducted in', 'study1.png', 'image', '1967', '1968', '1958', '1922', '1967', 'Louis Washkansky (1913 - 21 December 1967) was the recipient of the world\'s first human heart transplant.\r\n\r\nWashkansky died of double pneumonia eighteen days after the transplant because of a weakened immune system.\r\n', 'Active'),
(195, '65', '2', 'Gulf cooperation council was originally formed by', NULL, 'text', 'Bahrain, Kuwait, Oman, Qatar, Saudi Arabia and United Arab Emirates', 'Second World Nations', 'Third World Nations', 'Fourth World Nations', 'Bahrain, Kuwait, Oman, Qatar, Saudi Arabia and United Arab Emirates', 'Gulf cooperation council was created on May 25, 1981, the 630-million-acre (2,500,000 km2) Council comprises the Persian Gulf states of Bahrain, Kuwait, Oman, Qatar, Saudi Arabia and the United Arab Emirates.\r\n\r\nThe unified economic agreement between the countries of the Gulf Cooperation Council was signed on November 11, 1981 in Abu Dhabi. These countries are often referred to as The GCC States.\r\n', 'Active'),
(196, '66', '1', 'Entomology is the science that studies', NULL, 'text', 'Behavior of human beings', 'Insects', 'The origin and history of technical and scientific terms', ' The formation of rocks', 'Insects', 'Entomology: The branch of zoology concerned with the study of insects. ', 'Active'),
(197, '66', '1', 'First human heart transplant operation conducted by Dr. Christiaan Barnard on Louis Washkansky, was conducted in', 'study1.png', 'image', '1967', '1968', '1958', '1922', '1967', 'Louis Washkansky (1913 - 21 December 1967) was the recipient of the world\'s first human heart transplant.\r\n\r\nWashkansky died of double pneumonia eighteen days after the transplant because of a weakened immune system.\r\n', 'Active'),
(198, '66', '2', 'Gulf cooperation council was originally formed by', NULL, 'text', 'Bahrain, Kuwait, Oman, Qatar, Saudi Arabia and United Arab Emirates', 'Second World Nations', 'Third World Nations', 'Fourth World Nations', 'Bahrain, Kuwait, Oman, Qatar, Saudi Arabia and United Arab Emirates', 'Gulf cooperation council was created on May 25, 1981, the 630-million-acre (2,500,000 km2) Council comprises the Persian Gulf states of Bahrain, Kuwait, Oman, Qatar, Saudi Arabia and the United Arab Emirates.\r\n\r\nThe unified economic agreement between the countries of the Gulf Cooperation Council was signed on November 11, 1981 in Abu Dhabi. These countries are often referred to as The GCC States.\r\n', 'Active'),
(199, '67', '1', 'Entomology is the science that studies', NULL, 'text', 'Behavior of human beings', 'Insects', 'The origin and history of technical and scientific terms', ' The formation of rocks', 'Insects', 'Entomology: The branch of zoology concerned with the study of insects. ', 'Active'),
(200, '67', '1', 'First human heart transplant operation conducted by Dr. Christiaan Barnard on Louis Washkansky, was conducted in', 'study1.png', 'image', '1967', '1968', '1958', '1922', '1967', 'Louis Washkansky (1913 - 21 December 1967) was the recipient of the world\'s first human heart transplant.\r\n\r\nWashkansky died of double pneumonia eighteen days after the transplant because of a weakened immune system.\r\n', 'Active'),
(201, '67', '2', 'Gulf cooperation council was originally formed by', NULL, 'text', 'Bahrain, Kuwait, Oman, Qatar, Saudi Arabia and United Arab Emirates', 'Second World Nations', 'Third World Nations', 'Fourth World Nations', 'Bahrain, Kuwait, Oman, Qatar, Saudi Arabia and United Arab Emirates', 'Gulf cooperation council was created on May 25, 1981, the 630-million-acre (2,500,000 km2) Council comprises the Persian Gulf states of Bahrain, Kuwait, Oman, Qatar, Saudi Arabia and the United Arab Emirates.\r\n\r\nThe unified economic agreement between the countries of the Gulf Cooperation Council was signed on November 11, 1981 in Abu Dhabi. These countries are often referred to as The GCC States.\r\n', 'Active'),
(202, '68', '1', 'Entomology is the science that studies', NULL, 'text', 'Behavior of human beings', 'Insects', 'The origin and history of technical and scientific terms', ' The formation of rocks', 'Insects', 'Entomology: The branch of zoology concerned with the study of insects. ', 'Active'),
(203, '68', '1', 'First human heart transplant operation conducted by Dr. Christiaan Barnard on Louis Washkansky, was conducted in', 'study1.png', 'image', '1967', '1968', '1958', '1922', '1967', 'Louis Washkansky (1913 - 21 December 1967) was the recipient of the world\'s first human heart transplant.\r\n\r\nWashkansky died of double pneumonia eighteen days after the transplant because of a weakened immune system.\r\n', 'Active'),
(204, '68', '2', 'Gulf cooperation council was originally formed by', NULL, 'text', 'Bahrain, Kuwait, Oman, Qatar, Saudi Arabia and United Arab Emirates', 'Second World Nations', 'Third World Nations', 'Fourth World Nations', 'Bahrain, Kuwait, Oman, Qatar, Saudi Arabia and United Arab Emirates', 'Gulf cooperation council was created on May 25, 1981, the 630-million-acre (2,500,000 km2) Council comprises the Persian Gulf states of Bahrain, Kuwait, Oman, Qatar, Saudi Arabia and the United Arab Emirates.\r\n\r\nThe unified economic agreement between the countries of the Gulf Cooperation Council was signed on November 11, 1981 in Abu Dhabi. These countries are often referred to as The GCC States.\r\n', 'Active'),
(205, '69', '1', 'Entomology is the science that studies', NULL, 'text', 'Behavior of human beings', 'Insects', 'The origin and history of technical and scientific terms', ' The formation of rocks', 'Insects', 'Entomology: The branch of zoology concerned with the study of insects. ', 'Active'),
(206, '69', '1', 'First human heart transplant operation conducted by Dr. Christiaan Barnard on Louis Washkansky, was conducted in', 'study1.png', 'image', '1967', '1968', '1958', '1922', '1967', 'Louis Washkansky (1913 - 21 December 1967) was the recipient of the world\'s first human heart transplant.\r\n\r\nWashkansky died of double pneumonia eighteen days after the transplant because of a weakened immune system.\r\n', 'Active');
INSERT INTO `gatavarshichya_prashna_patrika_live_test` (`live_test_id`, `question_papers_id`, `subject_id`, `question`, `question_image`, `question_type`, `option1`, `option2`, `option3`, `option4`, `answer`, `explanation`, `status`) VALUES
(207, '69', '2', 'Gulf cooperation council was originally formed by', NULL, 'text', 'Bahrain, Kuwait, Oman, Qatar, Saudi Arabia and United Arab Emirates', 'Second World Nations', 'Third World Nations', 'Fourth World Nations', 'Bahrain, Kuwait, Oman, Qatar, Saudi Arabia and United Arab Emirates', 'Gulf cooperation council was created on May 25, 1981, the 630-million-acre (2,500,000 km2) Council comprises the Persian Gulf states of Bahrain, Kuwait, Oman, Qatar, Saudi Arabia and the United Arab Emirates.\r\n\r\nThe unified economic agreement between the countries of the Gulf Cooperation Council was signed on November 11, 1981 in Abu Dhabi. These countries are often referred to as The GCC States.\r\n', 'Active'),
(208, '70', '1', 'Entomology is the science that studies', NULL, 'text', 'Behavior of human beings', 'Insects', 'The origin and history of technical and scientific terms', ' The formation of rocks', 'Insects', 'Entomology: The branch of zoology concerned with the study of insects. ', 'Active'),
(209, '70', '1', 'First human heart transplant operation conducted by Dr. Christiaan Barnard on Louis Washkansky, was conducted in', 'study1.png', 'image', '1967', '1968', '1958', '1922', '1967', 'Louis Washkansky (1913 - 21 December 1967) was the recipient of the world\'s first human heart transplant.\r\n\r\nWashkansky died of double pneumonia eighteen days after the transplant because of a weakened immune system.\r\n', 'Active'),
(210, '70', '2', 'Gulf cooperation council was originally formed by', NULL, 'text', 'Bahrain, Kuwait, Oman, Qatar, Saudi Arabia and United Arab Emirates', 'Second World Nations', 'Third World Nations', 'Fourth World Nations', 'Bahrain, Kuwait, Oman, Qatar, Saudi Arabia and United Arab Emirates', 'Gulf cooperation council was created on May 25, 1981, the 630-million-acre (2,500,000 km2) Council comprises the Persian Gulf states of Bahrain, Kuwait, Oman, Qatar, Saudi Arabia and the United Arab Emirates.\r\n\r\nThe unified economic agreement between the countries of the Gulf Cooperation Council was signed on November 11, 1981 in Abu Dhabi. These countries are often referred to as The GCC States.\r\n', 'Active'),
(211, '71', '1', 'Entomology is the science that studies', NULL, 'text', 'Behavior of human beings', 'Insects', 'The origin and history of technical and scientific terms', ' The formation of rocks', 'Insects', 'Entomology: The branch of zoology concerned with the study of insects. ', 'Active'),
(212, '71', '1', 'First human heart transplant operation conducted by Dr. Christiaan Barnard on Louis Washkansky, was conducted in', 'study1.png', 'image', '1967', '1968', '1958', '1922', '1967', 'Louis Washkansky (1913 - 21 December 1967) was the recipient of the world\'s first human heart transplant.\r\n\r\nWashkansky died of double pneumonia eighteen days after the transplant because of a weakened immune system.\r\n', 'Active'),
(213, '71', '2', 'Gulf cooperation council was originally formed by', NULL, 'text', 'Bahrain, Kuwait, Oman, Qatar, Saudi Arabia and United Arab Emirates', 'Second World Nations', 'Third World Nations', 'Fourth World Nations', 'Bahrain, Kuwait, Oman, Qatar, Saudi Arabia and United Arab Emirates', 'Gulf cooperation council was created on May 25, 1981, the 630-million-acre (2,500,000 km2) Council comprises the Persian Gulf states of Bahrain, Kuwait, Oman, Qatar, Saudi Arabia and the United Arab Emirates.\r\n\r\nThe unified economic agreement between the countries of the Gulf Cooperation Council was signed on November 11, 1981 in Abu Dhabi. These countries are often referred to as The GCC States.\r\n', 'Active'),
(214, '72', '1', 'Entomology is the science that studies', NULL, 'text', 'Behavior of human beings', 'Insects', 'The origin and history of technical and scientific terms', ' The formation of rocks', 'Insects', 'Entomology: The branch of zoology concerned with the study of insects. ', 'Active'),
(215, '72', '1', 'First human heart transplant operation conducted by Dr. Christiaan Barnard on Louis Washkansky, was conducted in', 'study1.png', 'image', '1967', '1968', '1958', '1922', '1967', 'Louis Washkansky (1913 - 21 December 1967) was the recipient of the world\'s first human heart transplant.\r\n\r\nWashkansky died of double pneumonia eighteen days after the transplant because of a weakened immune system.\r\n', 'Active'),
(216, '72', '2', 'Gulf cooperation council was originally formed by', NULL, 'text', 'Bahrain, Kuwait, Oman, Qatar, Saudi Arabia and United Arab Emirates', 'Second World Nations', 'Third World Nations', 'Fourth World Nations', 'Bahrain, Kuwait, Oman, Qatar, Saudi Arabia and United Arab Emirates', 'Gulf cooperation council was created on May 25, 1981, the 630-million-acre (2,500,000 km2) Council comprises the Persian Gulf states of Bahrain, Kuwait, Oman, Qatar, Saudi Arabia and the United Arab Emirates.\r\n\r\nThe unified economic agreement between the countries of the Gulf Cooperation Council was signed on November 11, 1981 in Abu Dhabi. These countries are often referred to as The GCC States.\r\n', 'Active'),
(217, '73', '1', 'Entomology is the science that studies', NULL, 'text', 'Behavior of human beings', 'Insects', 'The origin and history of technical and scientific terms', ' The formation of rocks', 'Insects', 'Entomology: The branch of zoology concerned with the study of insects. ', 'Active'),
(218, '73', '1', 'First human heart transplant operation conducted by Dr. Christiaan Barnard on Louis Washkansky, was conducted in', 'study1.png', 'image', '1967', '1968', '1958', '1922', '1967', 'Louis Washkansky (1913 - 21 December 1967) was the recipient of the world\'s first human heart transplant.\r\n\r\nWashkansky died of double pneumonia eighteen days after the transplant because of a weakened immune system.\r\n', 'Active'),
(219, '73', '2', 'Gulf cooperation council was originally formed by', NULL, 'text', 'Bahrain, Kuwait, Oman, Qatar, Saudi Arabia and United Arab Emirates', 'Second World Nations', 'Third World Nations', 'Fourth World Nations', 'Bahrain, Kuwait, Oman, Qatar, Saudi Arabia and United Arab Emirates', 'Gulf cooperation council was created on May 25, 1981, the 630-million-acre (2,500,000 km2) Council comprises the Persian Gulf states of Bahrain, Kuwait, Oman, Qatar, Saudi Arabia and the United Arab Emirates.\r\n\r\nThe unified economic agreement between the countries of the Gulf Cooperation Council was signed on November 11, 1981 in Abu Dhabi. These countries are often referred to as The GCC States.\r\n', 'Active'),
(220, '74', '1', 'Entomology is the science that studies', NULL, 'text', 'Behavior of human beings', 'Insects', 'The origin and history of technical and scientific terms', ' The formation of rocks', 'Insects', 'Entomology: The branch of zoology concerned with the study of insects. ', 'Active'),
(221, '74', '1', 'First human heart transplant operation conducted by Dr. Christiaan Barnard on Louis Washkansky, was conducted in', 'study1.png', 'image', '1967', '1968', '1958', '1922', '1967', 'Louis Washkansky (1913 - 21 December 1967) was the recipient of the world\'s first human heart transplant.\r\n\r\nWashkansky died of double pneumonia eighteen days after the transplant because of a weakened immune system.\r\n', 'Active'),
(222, '74', '2', 'Gulf cooperation council was originally formed by', NULL, 'text', 'Bahrain, Kuwait, Oman, Qatar, Saudi Arabia and United Arab Emirates', 'Second World Nations', 'Third World Nations', 'Fourth World Nations', 'Bahrain, Kuwait, Oman, Qatar, Saudi Arabia and United Arab Emirates', 'Gulf cooperation council was created on May 25, 1981, the 630-million-acre (2,500,000 km2) Council comprises the Persian Gulf states of Bahrain, Kuwait, Oman, Qatar, Saudi Arabia and the United Arab Emirates.\r\n\r\nThe unified economic agreement between the countries of the Gulf Cooperation Council was signed on November 11, 1981 in Abu Dhabi. These countries are often referred to as The GCC States.\r\n', 'Active'),
(223, '75', '1', 'Entomology is the science that studies', NULL, 'text', 'Behavior of human beings', 'Insects', 'The origin and history of technical and scientific terms', ' The formation of rocks', 'Insects', 'Entomology: The branch of zoology concerned with the study of insects. ', 'Active'),
(224, '75', '1', 'First human heart transplant operation conducted by Dr. Christiaan Barnard on Louis Washkansky, was conducted in', 'study1.png', 'image', '1967', '1968', '1958', '1922', '1967', 'Louis Washkansky (1913 - 21 December 1967) was the recipient of the world\'s first human heart transplant.\r\n\r\nWashkansky died of double pneumonia eighteen days after the transplant because of a weakened immune system.\r\n', 'Active'),
(225, '75', '2', 'Gulf cooperation council was originally formed by', NULL, 'text', 'Bahrain, Kuwait, Oman, Qatar, Saudi Arabia and United Arab Emirates', 'Second World Nations', 'Third World Nations', 'Fourth World Nations', 'Bahrain, Kuwait, Oman, Qatar, Saudi Arabia and United Arab Emirates', 'Gulf cooperation council was created on May 25, 1981, the 630-million-acre (2,500,000 km2) Council comprises the Persian Gulf states of Bahrain, Kuwait, Oman, Qatar, Saudi Arabia and the United Arab Emirates.\r\n\r\nThe unified economic agreement between the countries of the Gulf Cooperation Council was signed on November 11, 1981 in Abu Dhabi. These countries are often referred to as The GCC States.\r\n', 'Active'),
(226, '76', '1', 'Entomology is the science that studies', NULL, 'text', 'Behavior of human beings', 'Insects', 'The origin and history of technical and scientific terms', ' The formation of rocks', 'Insects', 'Entomology: The branch of zoology concerned with the study of insects. ', 'Active'),
(227, '76', '1', 'First human heart transplant operation conducted by Dr. Christiaan Barnard on Louis Washkansky, was conducted in', 'study1.png', 'image', '1967', '1968', '1958', '1922', '1967', 'Louis Washkansky (1913 - 21 December 1967) was the recipient of the world\'s first human heart transplant.\r\n\r\nWashkansky died of double pneumonia eighteen days after the transplant because of a weakened immune system.\r\n', 'Active'),
(228, '76', '2', 'Gulf cooperation council was originally formed by', NULL, 'text', 'Bahrain, Kuwait, Oman, Qatar, Saudi Arabia and United Arab Emirates', 'Second World Nations', 'Third World Nations', 'Fourth World Nations', 'Bahrain, Kuwait, Oman, Qatar, Saudi Arabia and United Arab Emirates', 'Gulf cooperation council was created on May 25, 1981, the 630-million-acre (2,500,000 km2) Council comprises the Persian Gulf states of Bahrain, Kuwait, Oman, Qatar, Saudi Arabia and the United Arab Emirates.\r\n\r\nThe unified economic agreement between the countries of the Gulf Cooperation Council was signed on November 11, 1981 in Abu Dhabi. These countries are often referred to as The GCC States.\r\n', 'Active'),
(229, '77', '1', 'Entomology is the science that studies', NULL, 'text', 'Behavior of human beings', 'Insects', 'The origin and history of technical and scientific terms', ' The formation of rocks', 'Insects', 'Entomology: The branch of zoology concerned with the study of insects. ', 'Active'),
(230, '77', '1', 'First human heart transplant operation conducted by Dr. Christiaan Barnard on Louis Washkansky, was conducted in', 'study1.png', 'image', '1967', '1968', '1958', '1922', '1967', 'Louis Washkansky (1913 - 21 December 1967) was the recipient of the world\'s first human heart transplant.\r\n\r\nWashkansky died of double pneumonia eighteen days after the transplant because of a weakened immune system.\r\n', 'Active'),
(231, '77', '2', 'Gulf cooperation council was originally formed by', NULL, 'text', 'Bahrain, Kuwait, Oman, Qatar, Saudi Arabia and United Arab Emirates', 'Second World Nations', 'Third World Nations', 'Fourth World Nations', 'Bahrain, Kuwait, Oman, Qatar, Saudi Arabia and United Arab Emirates', 'Gulf cooperation council was created on May 25, 1981, the 630-million-acre (2,500,000 km2) Council comprises the Persian Gulf states of Bahrain, Kuwait, Oman, Qatar, Saudi Arabia and the United Arab Emirates.\r\n\r\nThe unified economic agreement between the countries of the Gulf Cooperation Council was signed on November 11, 1981 in Abu Dhabi. These countries are often referred to as The GCC States.\r\n', 'Active'),
(232, '78', '1', 'Entomology is the science that studies', NULL, 'text', 'Behavior of human beings', 'Insects', 'The origin and history of technical and scientific terms', ' The formation of rocks', 'Insects', 'Entomology: The branch of zoology concerned with the study of insects. ', 'Active'),
(233, '78', '1', 'First human heart transplant operation conducted by Dr. Christiaan Barnard on Louis Washkansky, was conducted in', 'study1.png', 'image', '1967', '1968', '1958', '1922', '1967', 'Louis Washkansky (1913 - 21 December 1967) was the recipient of the world\'s first human heart transplant.\r\n\r\nWashkansky died of double pneumonia eighteen days after the transplant because of a weakened immune system.\r\n', 'Active'),
(234, '78', '2', 'Gulf cooperation council was originally formed by', NULL, 'text', 'Bahrain, Kuwait, Oman, Qatar, Saudi Arabia and United Arab Emirates', 'Second World Nations', 'Third World Nations', 'Fourth World Nations', 'Bahrain, Kuwait, Oman, Qatar, Saudi Arabia and United Arab Emirates', 'Gulf cooperation council was created on May 25, 1981, the 630-million-acre (2,500,000 km2) Council comprises the Persian Gulf states of Bahrain, Kuwait, Oman, Qatar, Saudi Arabia and the United Arab Emirates.\r\n\r\nThe unified economic agreement between the countries of the Gulf Cooperation Council was signed on November 11, 1981 in Abu Dhabi. These countries are often referred to as The GCC States.\r\n', 'Active'),
(235, '79', '1', 'Entomology is the science that studies', NULL, 'text', 'Behavior of human beings', 'Insects', 'The origin and history of technical and scientific terms', ' The formation of rocks', 'Insects', 'Entomology: The branch of zoology concerned with the study of insects. ', 'Active'),
(236, '79', '1', 'First human heart transplant operation conducted by Dr. Christiaan Barnard on Louis Washkansky, was conducted in', 'study1.png', 'image', '1967', '1968', '1958', '1922', '1967', 'Louis Washkansky (1913 - 21 December 1967) was the recipient of the world\'s first human heart transplant.\r\n\r\nWashkansky died of double pneumonia eighteen days after the transplant because of a weakened immune system.\r\n', 'Active'),
(237, '79', '2', 'Gulf cooperation council was originally formed by', NULL, 'text', 'Bahrain, Kuwait, Oman, Qatar, Saudi Arabia and United Arab Emirates', 'Second World Nations', 'Third World Nations', 'Fourth World Nations', 'Bahrain, Kuwait, Oman, Qatar, Saudi Arabia and United Arab Emirates', 'Gulf cooperation council was created on May 25, 1981, the 630-million-acre (2,500,000 km2) Council comprises the Persian Gulf states of Bahrain, Kuwait, Oman, Qatar, Saudi Arabia and the United Arab Emirates.\r\n\r\nThe unified economic agreement between the countries of the Gulf Cooperation Council was signed on November 11, 1981 in Abu Dhabi. These countries are often referred to as The GCC States.\r\n', 'Active'),
(238, '80', '1', 'Entomology is the science that studies', NULL, 'text', 'Behavior of human beings', 'Insects', 'The origin and history of technical and scientific terms', ' The formation of rocks', 'Insects', 'Entomology: The branch of zoology concerned with the study of insects. ', 'Active'),
(239, '80', '1', 'First human heart transplant operation conducted by Dr. Christiaan Barnard on Louis Washkansky, was conducted in', 'study1.png', 'image', '1967', '1968', '1958', '1922', '1967', 'Louis Washkansky (1913 - 21 December 1967) was the recipient of the world\'s first human heart transplant.\r\n\r\nWashkansky died of double pneumonia eighteen days after the transplant because of a weakened immune system.\r\n', 'Active'),
(240, '80', '2', 'Gulf cooperation council was originally formed by', NULL, 'text', 'Bahrain, Kuwait, Oman, Qatar, Saudi Arabia and United Arab Emirates', 'Second World Nations', 'Third World Nations', 'Fourth World Nations', 'Bahrain, Kuwait, Oman, Qatar, Saudi Arabia and United Arab Emirates', 'Gulf cooperation council was created on May 25, 1981, the 630-million-acre (2,500,000 km2) Council comprises the Persian Gulf states of Bahrain, Kuwait, Oman, Qatar, Saudi Arabia and the United Arab Emirates.\r\n\r\nThe unified economic agreement between the countries of the Gulf Cooperation Council was signed on November 11, 1981 in Abu Dhabi. These countries are often referred to as The GCC States.\r\n', 'Active');

-- --------------------------------------------------------

--
-- Table structure for table `gatavarshichya_prashna_patrika_practice_test`
--

CREATE TABLE `gatavarshichya_prashna_patrika_practice_test` (
  `practice_test_id` int(11) NOT NULL,
  `question_papers_id` text DEFAULT NULL,
  `subject_id` int(11) DEFAULT NULL,
  `question` text DEFAULT NULL,
  `option1` text DEFAULT NULL,
  `option2` text DEFAULT NULL,
  `option3` text DEFAULT NULL,
  `option4` text DEFAULT NULL,
  `answer` text DEFAULT NULL,
  `explanation` text DEFAULT NULL,
  `status` text DEFAULT NULL
) ENGINE=InnoDB DEFAULT CHARSET=utf8mb4;

--
-- Dumping data for table `gatavarshichya_prashna_patrika_practice_test`
--

INSERT INTO `gatavarshichya_prashna_patrika_practice_test` (`practice_test_id`, `question_papers_id`, `subject_id`, `question`, `option1`, `option2`, `option3`, `option4`, `answer`, `explanation`, `status`) VALUES
(1, '1', 1, 'Entomology is the science that studies', 'Behavior of human beings', 'Insects', 'The origin and history of technical and scientific terms', 'The formation of rocks', 'Insects', 'Entomology: The branch of zoology concerned with the study of insects. ', 'Active'),
(2, '1', 1, 'First human heart transplant operation conducted by Dr. Christiaan Barnard on Louis Washkansky, was conducted in', '1967', '1968', '1958', '1922', '1967', '\r\n\r\nLouis Washkansky (1913 - 21 December 1967) was the recipient of the world\'s first human heart transplant.\r\n\r\nWashkansky died of double pneumonia eighteen days after the transplant because of a weakened immune system.\r\n', 'Active'),
(3, '1', 2, 'Gulf cooperation council was originally formed by', 'Bahrain, Kuwait, Oman, Qatar, Saudi Arabia and United Arab Emirates', 'Second World Nations', 'Third World Nations', 'Fourth World Nations', 'Bahrain, Kuwait, Oman, Qatar, Saudi Arabia and United Arab Emirates', 'Gulf cooperation council was created on May 25, 1981, the 630-million-acre (2,500,000 km2) Council comprises the Persian Gulf states of Bahrain, Kuwait, Oman, Qatar, Saudi Arabia and the United Arab Emirates.\r\n\r\nThe unified economic agreement between the countries of the Gulf Cooperation Council was signed on November 11, 1981 in Abu Dhabi. These countries are often referred to as The GCC States.\r\n', 'Active'),
(4, '2', 1, 'Entomology is the science that studies', 'Behavior of human beings', 'Insects', 'The origin and history of technical and scientific terms', 'The formation of rocks', 'Insects', 'Entomology: The branch of zoology concerned with the study of insects. ', 'Active'),
(5, '2', 3, 'First human heart transplant operation conducted by Dr. Christiaan Barnard on Louis Washkansky, was conducted in', '1967', '1968', '1958', '1922', '1967', '\r\n\r\nLouis Washkansky (1913 - 21 December 1967) was the recipient of the world\'s first human heart transplant.\r\n\r\nWashkansky died of double pneumonia eighteen days after the transplant because of a weakened immune system.\r\n', 'Active'),
(6, '2', 3, 'Gulf cooperation council was originally formed by', 'Bahrain, Kuwait, Oman, Qatar, Saudi Arabia and United Arab Emirates', 'Second World Nations', 'Third World Nations', 'Fourth World Nations', 'Bahrain, Kuwait, Oman, Qatar, Saudi Arabia and United Arab Emirates', 'Gulf cooperation council was created on May 25, 1981, the 630-million-acre (2,500,000 km2) Council comprises the Persian Gulf states of Bahrain, Kuwait, Oman, Qatar, Saudi Arabia and the United Arab Emirates.\r\n\r\nThe unified economic agreement between the countries of the Gulf Cooperation Council was signed on November 11, 1981 in Abu Dhabi. These countries are often referred to as The GCC States.\r\n', 'Active'),
(7, '3', 2, 'Entomology is the science that studies', 'Behavior of human beings', 'Insects', 'The origin and history of technical and scientific terms', 'The formation of rocks', 'Insects', 'Entomology: The branch of zoology concerned with the study of insects. ', 'Active'),
(8, '3', 1, 'First human heart transplant operation conducted by Dr. Christiaan Barnard on Louis Washkansky, was conducted in', '1967', '1968', '1958', '1922', '1967', '\r\n\r\nLouis Washkansky (1913 - 21 December 1967) was the recipient of the world\'s first human heart transplant.\r\n\r\nWashkansky died of double pneumonia eighteen days after the transplant because of a weakened immune system.\r\n', 'Active'),
(9, '3', 2, 'Gulf cooperation council was originally formed by', 'Bahrain, Kuwait, Oman, Qatar, Saudi Arabia and United Arab Emirates', 'Second World Nations', 'Third World Nations', 'Fourth World Nations', 'Bahrain, Kuwait, Oman, Qatar, Saudi Arabia and United Arab Emirates', 'Gulf cooperation council was created on May 25, 1981, the 630-million-acre (2,500,000 km2) Council comprises the Persian Gulf states of Bahrain, Kuwait, Oman, Qatar, Saudi Arabia and the United Arab Emirates.\r\n\r\nThe unified economic agreement between the countries of the Gulf Cooperation Council was signed on November 11, 1981 in Abu Dhabi. These countries are often referred to as The GCC States.\r\n', 'Active'),
(10, '4', 1, 'Entomology is the science that studies', 'Behavior of human beings', 'Insects', 'The origin and history of technical and scientific terms', 'The formation of rocks', 'Insects', 'Entomology: The branch of zoology concerned with the study of insects. ', 'Active'),
(11, '4', 2, 'First human heart transplant operation conducted by Dr. Christiaan Barnard on Louis Washkansky, was conducted in', '1967', '1968', '1958', '1922', '1967', '\r\n\r\nLouis Washkansky (1913 - 21 December 1967) was the recipient of the world\'s first human heart transplant.\r\n\r\nWashkansky died of double pneumonia eighteen days after the transplant because of a weakened immune system.\r\n', 'Active'),
(12, '4', 1, 'Gulf cooperation council was originally formed by', 'Bahrain, Kuwait, Oman, Qatar, Saudi Arabia and United Arab Emirates', 'Second World Nations', 'Third World Nations', 'Fourth World Nations', 'Bahrain, Kuwait, Oman, Qatar, Saudi Arabia and United Arab Emirates', 'Gulf cooperation council was created on May 25, 1981, the 630-million-acre (2,500,000 km2) Council comprises the Persian Gulf states of Bahrain, Kuwait, Oman, Qatar, Saudi Arabia and the United Arab Emirates.\r\n\r\nThe unified economic agreement between the countries of the Gulf Cooperation Council was signed on November 11, 1981 in Abu Dhabi. These countries are often referred to as The GCC States.\r\n', 'Active'),
(13, '5', 2, 'Entomology is the science that studies', 'Behavior of human beings', 'Insects', 'The origin and history of technical and scientific terms', 'The formation of rocks', 'Insects', 'Entomology: The branch of zoology concerned with the study of insects. ', 'Active'),
(14, '5', 1, 'First human heart transplant operation conducted by Dr. Christiaan Barnard on Louis Washkansky, was conducted in', '1967', '1968', '1958', '1922', '1967', '\r\n\r\nLouis Washkansky (1913 - 21 December 1967) was the recipient of the world\'s first human heart transplant.\r\n\r\nWashkansky died of double pneumonia eighteen days after the transplant because of a weakened immune system.\r\n', 'Active'),
(15, '5', 2, 'Gulf cooperation council was originally formed by', 'Bahrain, Kuwait, Oman, Qatar, Saudi Arabia and United Arab Emirates', 'Second World Nations', 'Third World Nations', 'Fourth World Nations', 'Bahrain, Kuwait, Oman, Qatar, Saudi Arabia and United Arab Emirates', 'Gulf cooperation council was created on May 25, 1981, the 630-million-acre (2,500,000 km2) Council comprises the Persian Gulf states of Bahrain, Kuwait, Oman, Qatar, Saudi Arabia and the United Arab Emirates.\r\n\r\nThe unified economic agreement between the countries of the Gulf Cooperation Council was signed on November 11, 1981 in Abu Dhabi. These countries are often referred to as The GCC States.\r\n', 'Active'),
(16, '6', 1, 'Entomology is the science that studies', 'Behavior of human beings', 'Insects', 'The origin and history of technical and scientific terms', 'The formation of rocks', 'Insects', 'Entomology: The branch of zoology concerned with the study of insects. ', 'Active'),
(17, '6', 1, 'First human heart transplant operation conducted by Dr. Christiaan Barnard on Louis Washkansky, was conducted in', '1967', '1968', '1958', '1922', '1967', '\r\n\r\nLouis Washkansky (1913 - 21 December 1967) was the recipient of the world\'s first human heart transplant.\r\n\r\nWashkansky died of double pneumonia eighteen days after the transplant because of a weakened immune system.\r\n', 'Active'),
(18, '6', 2, 'Gulf cooperation council was originally formed by', 'Bahrain, Kuwait, Oman, Qatar, Saudi Arabia and United Arab Emirates', 'Second World Nations', 'Third World Nations', 'Fourth World Nations', 'Bahrain, Kuwait, Oman, Qatar, Saudi Arabia and United Arab Emirates', 'Gulf cooperation council was created on May 25, 1981, the 630-million-acre (2,500,000 km2) Council comprises the Persian Gulf states of Bahrain, Kuwait, Oman, Qatar, Saudi Arabia and the United Arab Emirates.\r\n\r\nThe unified economic agreement between the countries of the Gulf Cooperation Council was signed on November 11, 1981 in Abu Dhabi. These countries are often referred to as The GCC States.\r\n', 'Active'),
(19, '7', 2, 'Entomology is the science that studies', 'Behavior of human beings', 'Insects', 'The origin and history of technical and scientific terms', 'The formation of rocks', 'Insects', 'Entomology: The branch of zoology concerned with the study of insects. ', 'Active'),
(20, '7', 1, 'First human heart transplant operation conducted by Dr. Christiaan Barnard on Louis Washkansky, was conducted in', '1967', '1968', '1958', '1922', '1967', '\r\n\r\nLouis Washkansky (1913 - 21 December 1967) was the recipient of the world\'s first human heart transplant.\r\n\r\nWashkansky died of double pneumonia eighteen days after the transplant because of a weakened immune system.\r\n', 'Active'),
(21, '7', 2, 'Gulf cooperation council was originally formed by', 'Bahrain, Kuwait, Oman, Qatar, Saudi Arabia and United Arab Emirates', 'Second World Nations', 'Third World Nations', 'Fourth World Nations', 'Bahrain, Kuwait, Oman, Qatar, Saudi Arabia and United Arab Emirates', 'Gulf cooperation council was created on May 25, 1981, the 630-million-acre (2,500,000 km2) Council comprises the Persian Gulf states of Bahrain, Kuwait, Oman, Qatar, Saudi Arabia and the United Arab Emirates.\r\n\r\nThe unified economic agreement between the countries of the Gulf Cooperation Council was signed on November 11, 1981 in Abu Dhabi. These countries are often referred to as The GCC States.\r\n', 'Active'),
(22, '8', 1, 'Entomology is the science that studies', 'Behavior of human beings', 'Insects', 'The origin and history of technical and scientific terms', 'The formation of rocks', 'Insects', 'Entomology: The branch of zoology concerned with the study of insects. ', 'Active'),
(23, '8', 2, 'First human heart transplant operation conducted by Dr. Christiaan Barnard on Louis Washkansky, was conducted in', '1967', '1968', '1958', '1922', '1967', '\r\n\r\nLouis Washkansky (1913 - 21 December 1967) was the recipient of the world\'s first human heart transplant.\r\n\r\nWashkansky died of double pneumonia eighteen days after the transplant because of a weakened immune system.\r\n', 'Active'),
(24, '8', 1, 'Gulf cooperation council was originally formed by', 'Bahrain, Kuwait, Oman, Qatar, Saudi Arabia and United Arab Emirates', 'Second World Nations', 'Third World Nations', 'Fourth World Nations', 'Bahrain, Kuwait, Oman, Qatar, Saudi Arabia and United Arab Emirates', 'Gulf cooperation council was created on May 25, 1981, the 630-million-acre (2,500,000 km2) Council comprises the Persian Gulf states of Bahrain, Kuwait, Oman, Qatar, Saudi Arabia and the United Arab Emirates.\r\n\r\nThe unified economic agreement between the countries of the Gulf Cooperation Council was signed on November 11, 1981 in Abu Dhabi. These countries are often referred to as The GCC States.\r\n', 'Active'),
(25, '9', 2, 'Entomology is the science that studies', 'Behavior of human beings', 'Insects', 'The origin and history of technical and scientific terms', 'The formation of rocks', 'Insects', 'Entomology: The branch of zoology concerned with the study of insects. ', 'Active'),
(26, '9', 1, 'First human heart transplant operation conducted by Dr. Christiaan Barnard on Louis Washkansky, was conducted in', '1967', '1968', '1958', '1922', '1967', '\r\n\r\nLouis Washkansky (1913 - 21 December 1967) was the recipient of the world\'s first human heart transplant.\r\n\r\nWashkansky died of double pneumonia eighteen days after the transplant because of a weakened immune system.\r\n', 'Active'),
(27, '9', 2, 'Gulf cooperation council was originally formed by', 'Bahrain, Kuwait, Oman, Qatar, Saudi Arabia and United Arab Emirates', 'Second World Nations', 'Third World Nations', 'Fourth World Nations', 'Bahrain, Kuwait, Oman, Qatar, Saudi Arabia and United Arab Emirates', 'Gulf cooperation council was created on May 25, 1981, the 630-million-acre (2,500,000 km2) Council comprises the Persian Gulf states of Bahrain, Kuwait, Oman, Qatar, Saudi Arabia and the United Arab Emirates.\r\n\r\nThe unified economic agreement between the countries of the Gulf Cooperation Council was signed on November 11, 1981 in Abu Dhabi. These countries are often referred to as The GCC States.\r\n', 'Active'),
(28, '10', 1, 'Entomology is the science that studies', 'Behavior of human beings', 'Insects', 'The origin and history of technical and scientific terms', 'The formation of rocks', 'Insects', 'Entomology: The branch of zoology concerned with the study of insects. ', 'Active'),
(29, '10', 2, 'First human heart transplant operation conducted by Dr. Christiaan Barnard on Louis Washkansky, was conducted in', '1967', '1968', '1958', '1922', '1967', '\r\n\r\nLouis Washkansky (1913 - 21 December 1967) was the recipient of the world\'s first human heart transplant.\r\n\r\nWashkansky died of double pneumonia eighteen days after the transplant because of a weakened immune system.\r\n', 'Active'),
(30, '10', 1, 'Gulf cooperation council was originally formed by', 'Bahrain, Kuwait, Oman, Qatar, Saudi Arabia and United Arab Emirates', 'Second World Nations', 'Third World Nations', 'Fourth World Nations', 'Bahrain, Kuwait, Oman, Qatar, Saudi Arabia and United Arab Emirates', 'Gulf cooperation council was created on May 25, 1981, the 630-million-acre (2,500,000 km2) Council comprises the Persian Gulf states of Bahrain, Kuwait, Oman, Qatar, Saudi Arabia and the United Arab Emirates.\r\n\r\nThe unified economic agreement between the countries of the Gulf Cooperation Council was signed on November 11, 1981 in Abu Dhabi. These countries are often referred to as The GCC States.\r\n', 'Active'),
(31, '11', 2, 'Entomology is the science that studies', 'Behavior of human beings', 'Insects', 'The origin and history of technical and scientific terms', 'The formation of rocks', 'Insects', 'Entomology: The branch of zoology concerned with the study of insects. ', 'Active'),
(32, '11', 1, 'First human heart transplant operation conducted by Dr. Christiaan Barnard on Louis Washkansky, was conducted in', '1967', '1968', '1958', '1922', '1967', '\r\n\r\nLouis Washkansky (1913 - 21 December 1967) was the recipient of the world\'s first human heart transplant.\r\n\r\nWashkansky died of double pneumonia eighteen days after the transplant because of a weakened immune system.\r\n', 'Active'),
(33, '11', 2, 'Gulf cooperation council was originally formed by', 'Bahrain, Kuwait, Oman, Qatar, Saudi Arabia and United Arab Emirates', 'Second World Nations', 'Third World Nations', 'Fourth World Nations', 'Bahrain, Kuwait, Oman, Qatar, Saudi Arabia and United Arab Emirates', 'Gulf cooperation council was created on May 25, 1981, the 630-million-acre (2,500,000 km2) Council comprises the Persian Gulf states of Bahrain, Kuwait, Oman, Qatar, Saudi Arabia and the United Arab Emirates.\r\n\r\nThe unified economic agreement between the countries of the Gulf Cooperation Council was signed on November 11, 1981 in Abu Dhabi. These countries are often referred to as The GCC States.\r\n', 'Active'),
(34, '12', 1, 'Entomology is the science that studies', 'Behavior of human beings', 'Insects', 'The origin and history of technical and scientific terms', 'The formation of rocks', 'Insects', 'Entomology: The branch of zoology concerned with the study of insects. ', 'Active'),
(35, '12', 2, 'First human heart transplant operation conducted by Dr. Christiaan Barnard on Louis Washkansky, was conducted in', '1967', '1968', '1958', '1922', '1967', '\r\n\r\nLouis Washkansky (1913 - 21 December 1967) was the recipient of the world\'s first human heart transplant.\r\n\r\nWashkansky died of double pneumonia eighteen days after the transplant because of a weakened immune system.\r\n', 'Active'),
(36, '12', 1, 'Gulf cooperation council was originally formed by', 'Bahrain, Kuwait, Oman, Qatar, Saudi Arabia and United Arab Emirates', 'Second World Nations', 'Third World Nations', 'Fourth World Nations', 'Bahrain, Kuwait, Oman, Qatar, Saudi Arabia and United Arab Emirates', 'Gulf cooperation council was created on May 25, 1981, the 630-million-acre (2,500,000 km2) Council comprises the Persian Gulf states of Bahrain, Kuwait, Oman, Qatar, Saudi Arabia and the United Arab Emirates.\r\n\r\nThe unified economic agreement between the countries of the Gulf Cooperation Council was signed on November 11, 1981 in Abu Dhabi. These countries are often referred to as The GCC States.\r\n', 'Active'),
(37, '13', 2, 'Entomology is the science that studies', 'Behavior of human beings', 'Insects', 'The origin and history of technical and scientific terms', 'The formation of rocks', 'Insects', 'Entomology: The branch of zoology concerned with the study of insects. ', 'Active'),
(38, '13', 1, 'First human heart transplant operation conducted by Dr. Christiaan Barnard on Louis Washkansky, was conducted in', '1967', '1968', '1958', '1922', '1967', '\r\n\r\nLouis Washkansky (1913 - 21 December 1967) was the recipient of the world\'s first human heart transplant.\r\n\r\nWashkansky died of double pneumonia eighteen days after the transplant because of a weakened immune system.\r\n', 'Active'),
(39, '13', 2, 'Gulf cooperation council was originally formed by', 'Bahrain, Kuwait, Oman, Qatar, Saudi Arabia and United Arab Emirates', 'Second World Nations', 'Third World Nations', 'Fourth World Nations', 'Bahrain, Kuwait, Oman, Qatar, Saudi Arabia and United Arab Emirates', 'Gulf cooperation council was created on May 25, 1981, the 630-million-acre (2,500,000 km2) Council comprises the Persian Gulf states of Bahrain, Kuwait, Oman, Qatar, Saudi Arabia and the United Arab Emirates.\r\n\r\nThe unified economic agreement between the countries of the Gulf Cooperation Council was signed on November 11, 1981 in Abu Dhabi. These countries are often referred to as The GCC States.\r\n', 'Active'),
(40, '14', 1, 'Entomology is the science that studies', 'Behavior of human beings', 'Insects', 'The origin and history of technical and scientific terms', 'The formation of rocks', 'Insects', 'Entomology: The branch of zoology concerned with the study of insects. ', 'Active'),
(41, '14', 2, 'First human heart transplant operation conducted by Dr. Christiaan Barnard on Louis Washkansky, was conducted in', '1967', '1968', '1958', '1922', '1967', '\r\n\r\nLouis Washkansky (1913 - 21 December 1967) was the recipient of the world\'s first human heart transplant.\r\n\r\nWashkansky died of double pneumonia eighteen days after the transplant because of a weakened immune system.\r\n', 'Active'),
(42, '14', 1, 'Gulf cooperation council was originally formed by', 'Bahrain, Kuwait, Oman, Qatar, Saudi Arabia and United Arab Emirates', 'Second World Nations', 'Third World Nations', 'Fourth World Nations', 'Bahrain, Kuwait, Oman, Qatar, Saudi Arabia and United Arab Emirates', 'Gulf cooperation council was created on May 25, 1981, the 630-million-acre (2,500,000 km2) Council comprises the Persian Gulf states of Bahrain, Kuwait, Oman, Qatar, Saudi Arabia and the United Arab Emirates.\r\n\r\nThe unified economic agreement between the countries of the Gulf Cooperation Council was signed on November 11, 1981 in Abu Dhabi. These countries are often referred to as The GCC States.\r\n', 'Active'),
(43, '15', 2, 'Entomology is the science that studies', 'Behavior of human beings', 'Insects', 'The origin and history of technical and scientific terms', 'The formation of rocks', 'Insects', 'Entomology: The branch of zoology concerned with the study of insects. ', 'Active'),
(44, '15', 2, 'First human heart transplant operation conducted by Dr. Christiaan Barnard on Louis Washkansky, was conducted in', '1967', '1968', '1958', '1922', '1967', '\r\n\r\nLouis Washkansky (1913 - 21 December 1967) was the recipient of the world\'s first human heart transplant.\r\n\r\nWashkansky died of double pneumonia eighteen days after the transplant because of a weakened immune system.\r\n', 'Active'),
(45, '15', 1, 'Gulf cooperation council was originally formed by', 'Bahrain, Kuwait, Oman, Qatar, Saudi Arabia and United Arab Emirates', 'Second World Nations', 'Third World Nations', 'Fourth World Nations', 'Bahrain, Kuwait, Oman, Qatar, Saudi Arabia and United Arab Emirates', 'Gulf cooperation council was created on May 25, 1981, the 630-million-acre (2,500,000 km2) Council comprises the Persian Gulf states of Bahrain, Kuwait, Oman, Qatar, Saudi Arabia and the United Arab Emirates.\r\n\r\nThe unified economic agreement between the countries of the Gulf Cooperation Council was signed on November 11, 1981 in Abu Dhabi. These countries are often referred to as The GCC States.\r\n', 'Active'),
(46, '16', 2, 'Entomology is the science that studies', 'Behavior of human beings', 'Insects', 'The origin and history of technical and scientific terms', 'The formation of rocks', 'Insects', 'Entomology: The branch of zoology concerned with the study of insects. ', 'Active'),
(47, '16', 1, 'First human heart transplant operation conducted by Dr. Christiaan Barnard on Louis Washkansky, was conducted in', '1967', '1968', '1958', '1922', '1967', '\r\n\r\nLouis Washkansky (1913 - 21 December 1967) was the recipient of the world\'s first human heart transplant.\r\n\r\nWashkansky died of double pneumonia eighteen days after the transplant because of a weakened immune system.\r\n', 'Active'),
(48, '16', 2, 'Gulf cooperation council was originally formed by', 'Bahrain, Kuwait, Oman, Qatar, Saudi Arabia and United Arab Emirates', 'Second World Nations', 'Third World Nations', 'Fourth World Nations', 'Bahrain, Kuwait, Oman, Qatar, Saudi Arabia and United Arab Emirates', 'Gulf cooperation council was created on May 25, 1981, the 630-million-acre (2,500,000 km2) Council comprises the Persian Gulf states of Bahrain, Kuwait, Oman, Qatar, Saudi Arabia and the United Arab Emirates.\r\n\r\nThe unified economic agreement between the countries of the Gulf Cooperation Council was signed on November 11, 1981 in Abu Dhabi. These countries are often referred to as The GCC States.\r\n', 'Active'),
(49, '17', 1, 'Entomology is the science that studies', 'Behavior of human beings', 'Insects', 'The origin and history of technical and scientific terms', 'The formation of rocks', 'Insects', 'Entomology: The branch of zoology concerned with the study of insects. ', 'Active'),
(50, '17', 2, 'First human heart transplant operation conducted by Dr. Christiaan Barnard on Louis Washkansky, was conducted in', '1967', '1968', '1958', '1922', '1967', '\r\n\r\nLouis Washkansky (1913 - 21 December 1967) was the recipient of the world\'s first human heart transplant.\r\n\r\nWashkansky died of double pneumonia eighteen days after the transplant because of a weakened immune system.\r\n', 'Active'),
(51, '17', NULL, 'Gulf cooperation council was originally formed by', 'Bahrain, Kuwait, Oman, Qatar, Saudi Arabia and United Arab Emirates', 'Second World Nations', 'Third World Nations', 'Fourth World Nations', 'Bahrain, Kuwait, Oman, Qatar, Saudi Arabia and United Arab Emirates', 'Gulf cooperation council was created on May 25, 1981, the 630-million-acre (2,500,000 km2) Council comprises the Persian Gulf states of Bahrain, Kuwait, Oman, Qatar, Saudi Arabia and the United Arab Emirates.\r\n\r\nThe unified economic agreement between the countries of the Gulf Cooperation Council was signed on November 11, 1981 in Abu Dhabi. These countries are often referred to as The GCC States.\r\n', 'Active'),
(52, '18', NULL, 'Entomology is the science that studies', 'Behavior of human beings', 'Insects', 'The origin and history of technical and scientific terms', 'The formation of rocks', 'Insects', 'Entomology: The branch of zoology concerned with the study of insects. ', 'Active'),
(53, '18', NULL, 'First human heart transplant operation conducted by Dr. Christiaan Barnard on Louis Washkansky, was conducted in', '1967', '1968', '1958', '1922', '1967', '\r\n\r\nLouis Washkansky (1913 - 21 December 1967) was the recipient of the world\'s first human heart transplant.\r\n\r\nWashkansky died of double pneumonia eighteen days after the transplant because of a weakened immune system.\r\n', 'Active'),
(54, '18', NULL, 'Gulf cooperation council was originally formed by', 'Bahrain, Kuwait, Oman, Qatar, Saudi Arabia and United Arab Emirates', 'Second World Nations', 'Third World Nations', 'Fourth World Nations', 'Bahrain, Kuwait, Oman, Qatar, Saudi Arabia and United Arab Emirates', 'Gulf cooperation council was created on May 25, 1981, the 630-million-acre (2,500,000 km2) Council comprises the Persian Gulf states of Bahrain, Kuwait, Oman, Qatar, Saudi Arabia and the United Arab Emirates.\r\n\r\nThe unified economic agreement between the countries of the Gulf Cooperation Council was signed on November 11, 1981 in Abu Dhabi. These countries are often referred to as The GCC States.\r\n', 'Active'),
(55, '19', NULL, 'Entomology is the science that studies', 'Behavior of human beings', 'Insects', 'The origin and history of technical and scientific terms', 'The formation of rocks', 'Insects', 'Entomology: The branch of zoology concerned with the study of insects. ', 'Active'),
(56, '19', NULL, 'First human heart transplant operation conducted by Dr. Christiaan Barnard on Louis Washkansky, was conducted in', '1967', '1968', '1958', '1922', '1967', '\r\n\r\nLouis Washkansky (1913 - 21 December 1967) was the recipient of the world\'s first human heart transplant.\r\n\r\nWashkansky died of double pneumonia eighteen days after the transplant because of a weakened immune system.\r\n', 'Active'),
(57, '19', NULL, 'Gulf cooperation council was originally formed by', 'Bahrain, Kuwait, Oman, Qatar, Saudi Arabia and United Arab Emirates', 'Second World Nations', 'Third World Nations', 'Fourth World Nations', 'Bahrain, Kuwait, Oman, Qatar, Saudi Arabia and United Arab Emirates', 'Gulf cooperation council was created on May 25, 1981, the 630-million-acre (2,500,000 km2) Council comprises the Persian Gulf states of Bahrain, Kuwait, Oman, Qatar, Saudi Arabia and the United Arab Emirates.\r\n\r\nThe unified economic agreement between the countries of the Gulf Cooperation Council was signed on November 11, 1981 in Abu Dhabi. These countries are often referred to as The GCC States.\r\n', 'Active'),
(58, '20', NULL, 'Entomology is the science that studies', 'Behavior of human beings', 'Insects', 'The origin and history of technical and scientific terms', 'The formation of rocks', 'Insects', 'Entomology: The branch of zoology concerned with the study of insects. ', 'Active'),
(59, '20', NULL, 'First human heart transplant operation conducted by Dr. Christiaan Barnard on Louis Washkansky, was conducted in', '1967', '1968', '1958', '1922', '1967', '\r\n\r\nLouis Washkansky (1913 - 21 December 1967) was the recipient of the world\'s first human heart transplant.\r\n\r\nWashkansky died of double pneumonia eighteen days after the transplant because of a weakened immune system.\r\n', 'Active'),
(60, '20', NULL, 'Gulf cooperation council was originally formed by', 'Bahrain, Kuwait, Oman, Qatar, Saudi Arabia and United Arab Emirates', 'Second World Nations', 'Third World Nations', 'Fourth World Nations', 'Bahrain, Kuwait, Oman, Qatar, Saudi Arabia and United Arab Emirates', 'Gulf cooperation council was created on May 25, 1981, the 630-million-acre (2,500,000 km2) Council comprises the Persian Gulf states of Bahrain, Kuwait, Oman, Qatar, Saudi Arabia and the United Arab Emirates.\r\n\r\nThe unified economic agreement between the countries of the Gulf Cooperation Council was signed on November 11, 1981 in Abu Dhabi. These countries are often referred to as The GCC States.\r\n', 'Active'),
(61, '21', NULL, 'Entomology is the science that studies', 'Behavior of human beings', 'Insects', 'The origin and history of technical and scientific terms', 'The formation of rocks', 'Insects', 'Entomology: The branch of zoology concerned with the study of insects. ', 'Active'),
(62, '21', NULL, 'First human heart transplant operation conducted by Dr. Christiaan Barnard on Louis Washkansky, was conducted in', '1967', '1968', '1958', '1922', '1967', '\r\n\r\nLouis Washkansky (1913 - 21 December 1967) was the recipient of the world\'s first human heart transplant.\r\n\r\nWashkansky died of double pneumonia eighteen days after the transplant because of a weakened immune system.\r\n', 'Active'),
(63, '21', NULL, 'Gulf cooperation council was originally formed by', 'Bahrain, Kuwait, Oman, Qatar, Saudi Arabia and United Arab Emirates', 'Second World Nations', 'Third World Nations', 'Fourth World Nations', 'Bahrain, Kuwait, Oman, Qatar, Saudi Arabia and United Arab Emirates', 'Gulf cooperation council was created on May 25, 1981, the 630-million-acre (2,500,000 km2) Council comprises the Persian Gulf states of Bahrain, Kuwait, Oman, Qatar, Saudi Arabia and the United Arab Emirates.\r\n\r\nThe unified economic agreement between the countries of the Gulf Cooperation Council was signed on November 11, 1981 in Abu Dhabi. These countries are often referred to as The GCC States.\r\n', 'Active'),
(64, '22', NULL, 'Entomology is the science that studies', 'Behavior of human beings', 'Insects', 'The origin and history of technical and scientific terms', 'The formation of rocks', 'Insects', 'Entomology: The branch of zoology concerned with the study of insects. ', 'Active'),
(65, '22', NULL, 'First human heart transplant operation conducted by Dr. Christiaan Barnard on Louis Washkansky, was conducted in', '1967', '1968', '1958', '1922', '1967', '\r\n\r\nLouis Washkansky (1913 - 21 December 1967) was the recipient of the world\'s first human heart transplant.\r\n\r\nWashkansky died of double pneumonia eighteen days after the transplant because of a weakened immune system.\r\n', 'Active'),
(66, '22', NULL, 'Gulf cooperation council was originally formed by', 'Bahrain, Kuwait, Oman, Qatar, Saudi Arabia and United Arab Emirates', 'Second World Nations', 'Third World Nations', 'Fourth World Nations', 'Bahrain, Kuwait, Oman, Qatar, Saudi Arabia and United Arab Emirates', 'Gulf cooperation council was created on May 25, 1981, the 630-million-acre (2,500,000 km2) Council comprises the Persian Gulf states of Bahrain, Kuwait, Oman, Qatar, Saudi Arabia and the United Arab Emirates.\r\n\r\nThe unified economic agreement between the countries of the Gulf Cooperation Council was signed on November 11, 1981 in Abu Dhabi. These countries are often referred to as The GCC States.\r\n', 'Active'),
(67, '23', NULL, 'Entomology is the science that studies', 'Behavior of human beings', 'Insects', 'The origin and history of technical and scientific terms', 'The formation of rocks', 'Insects', 'Entomology: The branch of zoology concerned with the study of insects. ', 'Active'),
(68, '23', NULL, 'First human heart transplant operation conducted by Dr. Christiaan Barnard on Louis Washkansky, was conducted in', '1967', '1968', '1958', '1922', '1967', '\r\n\r\nLouis Washkansky (1913 - 21 December 1967) was the recipient of the world\'s first human heart transplant.\r\n\r\nWashkansky died of double pneumonia eighteen days after the transplant because of a weakened immune system.\r\n', 'Active'),
(69, '23', NULL, 'Gulf cooperation council was originally formed by', 'Bahrain, Kuwait, Oman, Qatar, Saudi Arabia and United Arab Emirates', 'Second World Nations', 'Third World Nations', 'Fourth World Nations', 'Bahrain, Kuwait, Oman, Qatar, Saudi Arabia and United Arab Emirates', 'Gulf cooperation council was created on May 25, 1981, the 630-million-acre (2,500,000 km2) Council comprises the Persian Gulf states of Bahrain, Kuwait, Oman, Qatar, Saudi Arabia and the United Arab Emirates.\r\n\r\nThe unified economic agreement between the countries of the Gulf Cooperation Council was signed on November 11, 1981 in Abu Dhabi. These countries are often referred to as The GCC States.\r\n', 'Active'),
(70, '24', NULL, 'Entomology is the science that studies', 'Behavior of human beings', 'Insects', 'The origin and history of technical and scientific terms', 'The formation of rocks', 'Insects', 'Entomology: The branch of zoology concerned with the study of insects. ', 'Active'),
(71, '24', NULL, 'First human heart transplant operation conducted by Dr. Christiaan Barnard on Louis Washkansky, was conducted in', '1967', '1968', '1958', '1922', '1967', '\r\n\r\nLouis Washkansky (1913 - 21 December 1967) was the recipient of the world\'s first human heart transplant.\r\n\r\nWashkansky died of double pneumonia eighteen days after the transplant because of a weakened immune system.\r\n', 'Active'),
(72, '24', NULL, 'Gulf cooperation council was originally formed by', 'Bahrain, Kuwait, Oman, Qatar, Saudi Arabia and United Arab Emirates', 'Second World Nations', 'Third World Nations', 'Fourth World Nations', 'Bahrain, Kuwait, Oman, Qatar, Saudi Arabia and United Arab Emirates', 'Gulf cooperation council was created on May 25, 1981, the 630-million-acre (2,500,000 km2) Council comprises the Persian Gulf states of Bahrain, Kuwait, Oman, Qatar, Saudi Arabia and the United Arab Emirates.\r\n\r\nThe unified economic agreement between the countries of the Gulf Cooperation Council was signed on November 11, 1981 in Abu Dhabi. These countries are often referred to as The GCC States.\r\n', 'Active'),
(73, '25', NULL, 'Entomology is the science that studies', 'Behavior of human beings', 'Insects', 'The origin and history of technical and scientific terms', 'The formation of rocks', 'Insects', 'Entomology: The branch of zoology concerned with the study of insects. ', 'Active'),
(74, '25', NULL, 'First human heart transplant operation conducted by Dr. Christiaan Barnard on Louis Washkansky, was conducted in', '1967', '1968', '1958', '1922', '1967', '\r\n\r\nLouis Washkansky (1913 - 21 December 1967) was the recipient of the world\'s first human heart transplant.\r\n\r\nWashkansky died of double pneumonia eighteen days after the transplant because of a weakened immune system.\r\n', 'Active'),
(75, '25', NULL, 'Gulf cooperation council was originally formed by', 'Bahrain, Kuwait, Oman, Qatar, Saudi Arabia and United Arab Emirates', 'Second World Nations', 'Third World Nations', 'Fourth World Nations', 'Bahrain, Kuwait, Oman, Qatar, Saudi Arabia and United Arab Emirates', 'Gulf cooperation council was created on May 25, 1981, the 630-million-acre (2,500,000 km2) Council comprises the Persian Gulf states of Bahrain, Kuwait, Oman, Qatar, Saudi Arabia and the United Arab Emirates.\r\n\r\nThe unified economic agreement between the countries of the Gulf Cooperation Council was signed on November 11, 1981 in Abu Dhabi. These countries are often referred to as The GCC States.\r\n', 'Active'),
(76, '26', NULL, 'Entomology is the science that studies', 'Behavior of human beings', 'Insects', 'The origin and history of technical and scientific terms', 'The formation of rocks', 'Insects', 'Entomology: The branch of zoology concerned with the study of insects. ', 'Active'),
(77, '26', NULL, 'First human heart transplant operation conducted by Dr. Christiaan Barnard on Louis Washkansky, was conducted in', '1967', '1968', '1958', '1922', '1967', '\r\n\r\nLouis Washkansky (1913 - 21 December 1967) was the recipient of the world\'s first human heart transplant.\r\n\r\nWashkansky died of double pneumonia eighteen days after the transplant because of a weakened immune system.\r\n', 'Active'),
(78, '26', NULL, 'Gulf cooperation council was originally formed by', 'Bahrain, Kuwait, Oman, Qatar, Saudi Arabia and United Arab Emirates', 'Second World Nations', 'Third World Nations', 'Fourth World Nations', 'Bahrain, Kuwait, Oman, Qatar, Saudi Arabia and United Arab Emirates', 'Gulf cooperation council was created on May 25, 1981, the 630-million-acre (2,500,000 km2) Council comprises the Persian Gulf states of Bahrain, Kuwait, Oman, Qatar, Saudi Arabia and the United Arab Emirates.\r\n\r\nThe unified economic agreement between the countries of the Gulf Cooperation Council was signed on November 11, 1981 in Abu Dhabi. These countries are often referred to as The GCC States.\r\n', 'Active'),
(79, '27', NULL, 'Entomology is the science that studies', 'Behavior of human beings', 'Insects', 'The origin and history of technical and scientific terms', 'The formation of rocks', 'Insects', 'Entomology: The branch of zoology concerned with the study of insects. ', 'Active'),
(80, '27', NULL, 'First human heart transplant operation conducted by Dr. Christiaan Barnard on Louis Washkansky, was conducted in', '1967', '1968', '1958', '1922', '1967', '\r\n\r\nLouis Washkansky (1913 - 21 December 1967) was the recipient of the world\'s first human heart transplant.\r\n\r\nWashkansky died of double pneumonia eighteen days after the transplant because of a weakened immune system.\r\n', 'Active'),
(81, '27', NULL, 'Gulf cooperation council was originally formed by', 'Bahrain, Kuwait, Oman, Qatar, Saudi Arabia and United Arab Emirates', 'Second World Nations', 'Third World Nations', 'Fourth World Nations', 'Bahrain, Kuwait, Oman, Qatar, Saudi Arabia and United Arab Emirates', 'Gulf cooperation council was created on May 25, 1981, the 630-million-acre (2,500,000 km2) Council comprises the Persian Gulf states of Bahrain, Kuwait, Oman, Qatar, Saudi Arabia and the United Arab Emirates.\r\n\r\nThe unified economic agreement between the countries of the Gulf Cooperation Council was signed on November 11, 1981 in Abu Dhabi. These countries are often referred to as The GCC States.\r\n', 'Active'),
(82, '28', NULL, 'Entomology is the science that studies', 'Behavior of human beings', 'Insects', 'The origin and history of technical and scientific terms', 'The formation of rocks', 'Insects', 'Entomology: The branch of zoology concerned with the study of insects. ', 'Active'),
(83, '28', NULL, 'First human heart transplant operation conducted by Dr. Christiaan Barnard on Louis Washkansky, was conducted in', '1967', '1968', '1958', '1922', '1967', '\r\n\r\nLouis Washkansky (1913 - 21 December 1967) was the recipient of the world\'s first human heart transplant.\r\n\r\nWashkansky died of double pneumonia eighteen days after the transplant because of a weakened immune system.\r\n', 'Active'),
(84, '28', NULL, 'Gulf cooperation council was originally formed by', 'Bahrain, Kuwait, Oman, Qatar, Saudi Arabia and United Arab Emirates', 'Second World Nations', 'Third World Nations', 'Fourth World Nations', 'Bahrain, Kuwait, Oman, Qatar, Saudi Arabia and United Arab Emirates', 'Gulf cooperation council was created on May 25, 1981, the 630-million-acre (2,500,000 km2) Council comprises the Persian Gulf states of Bahrain, Kuwait, Oman, Qatar, Saudi Arabia and the United Arab Emirates.\r\n\r\nThe unified economic agreement between the countries of the Gulf Cooperation Council was signed on November 11, 1981 in Abu Dhabi. These countries are often referred to as The GCC States.\r\n', 'Active'),
(85, '29', NULL, 'Entomology is the science that studies', 'Behavior of human beings', 'Insects', 'The origin and history of technical and scientific terms', 'The formation of rocks', 'Insects', 'Entomology: The branch of zoology concerned with the study of insects. ', 'Active'),
(86, '29', NULL, 'First human heart transplant operation conducted by Dr. Christiaan Barnard on Louis Washkansky, was conducted in', '1967', '1968', '1958', '1922', '1967', '\r\n\r\nLouis Washkansky (1913 - 21 December 1967) was the recipient of the world\'s first human heart transplant.\r\n\r\nWashkansky died of double pneumonia eighteen days after the transplant because of a weakened immune system.\r\n', 'Active'),
(87, '29', NULL, 'Gulf cooperation council was originally formed by', 'Bahrain, Kuwait, Oman, Qatar, Saudi Arabia and United Arab Emirates', 'Second World Nations', 'Third World Nations', 'Fourth World Nations', 'Bahrain, Kuwait, Oman, Qatar, Saudi Arabia and United Arab Emirates', 'Gulf cooperation council was created on May 25, 1981, the 630-million-acre (2,500,000 km2) Council comprises the Persian Gulf states of Bahrain, Kuwait, Oman, Qatar, Saudi Arabia and the United Arab Emirates.\r\n\r\nThe unified economic agreement between the countries of the Gulf Cooperation Council was signed on November 11, 1981 in Abu Dhabi. These countries are often referred to as The GCC States.\r\n', 'Active'),
(88, '30', NULL, 'Entomology is the science that studies', 'Behavior of human beings', 'Insects', 'The origin and history of technical and scientific terms', 'The formation of rocks', 'Insects', 'Entomology: The branch of zoology concerned with the study of insects. ', 'Active'),
(89, '30', NULL, 'First human heart transplant operation conducted by Dr. Christiaan Barnard on Louis Washkansky, was conducted in', '1967', '1968', '1958', '1922', '1967', '\r\n\r\nLouis Washkansky (1913 - 21 December 1967) was the recipient of the world\'s first human heart transplant.\r\n\r\nWashkansky died of double pneumonia eighteen days after the transplant because of a weakened immune system.\r\n', 'Active'),
(90, '30', NULL, 'Gulf cooperation council was originally formed by', 'Bahrain, Kuwait, Oman, Qatar, Saudi Arabia and United Arab Emirates', 'Second World Nations', 'Third World Nations', 'Fourth World Nations', 'Bahrain, Kuwait, Oman, Qatar, Saudi Arabia and United Arab Emirates', 'Gulf cooperation council was created on May 25, 1981, the 630-million-acre (2,500,000 km2) Council comprises the Persian Gulf states of Bahrain, Kuwait, Oman, Qatar, Saudi Arabia and the United Arab Emirates.\r\n\r\nThe unified economic agreement between the countries of the Gulf Cooperation Council was signed on November 11, 1981 in Abu Dhabi. These countries are often referred to as The GCC States.\r\n', 'Active'),
(91, '31', NULL, 'Entomology is the science that studies', 'Behavior of human beings', 'Insects', 'The origin and history of technical and scientific terms', 'The formation of rocks', 'Insects', 'Entomology: The branch of zoology concerned with the study of insects. ', 'Active'),
(92, '31', NULL, 'First human heart transplant operation conducted by Dr. Christiaan Barnard on Louis Washkansky, was conducted in', '1967', '1968', '1958', '1922', '1967', '\r\n\r\nLouis Washkansky (1913 - 21 December 1967) was the recipient of the world\'s first human heart transplant.\r\n\r\nWashkansky died of double pneumonia eighteen days after the transplant because of a weakened immune system.\r\n', 'Active'),
(93, '31', NULL, 'Gulf cooperation council was originally formed by', 'Bahrain, Kuwait, Oman, Qatar, Saudi Arabia and United Arab Emirates', 'Second World Nations', 'Third World Nations', 'Fourth World Nations', 'Bahrain, Kuwait, Oman, Qatar, Saudi Arabia and United Arab Emirates', 'Gulf cooperation council was created on May 25, 1981, the 630-million-acre (2,500,000 km2) Council comprises the Persian Gulf states of Bahrain, Kuwait, Oman, Qatar, Saudi Arabia and the United Arab Emirates.\r\n\r\nThe unified economic agreement between the countries of the Gulf Cooperation Council was signed on November 11, 1981 in Abu Dhabi. These countries are often referred to as The GCC States.\r\n', 'Active'),
(94, '32', NULL, 'Entomology is the science that studies', 'Behavior of human beings', 'Insects', 'The origin and history of technical and scientific terms', 'The formation of rocks', 'Insects', 'Entomology: The branch of zoology concerned with the study of insects. ', 'Active'),
(95, '32', NULL, 'First human heart transplant operation conducted by Dr. Christiaan Barnard on Louis Washkansky, was conducted in', '1967', '1968', '1958', '1922', '1967', '\r\n\r\nLouis Washkansky (1913 - 21 December 1967) was the recipient of the world\'s first human heart transplant.\r\n\r\nWashkansky died of double pneumonia eighteen days after the transplant because of a weakened immune system.\r\n', 'Active'),
(96, '32', NULL, 'Gulf cooperation council was originally formed by', 'Bahrain, Kuwait, Oman, Qatar, Saudi Arabia and United Arab Emirates', 'Second World Nations', 'Third World Nations', 'Fourth World Nations', 'Bahrain, Kuwait, Oman, Qatar, Saudi Arabia and United Arab Emirates', 'Gulf cooperation council was created on May 25, 1981, the 630-million-acre (2,500,000 km2) Council comprises the Persian Gulf states of Bahrain, Kuwait, Oman, Qatar, Saudi Arabia and the United Arab Emirates.\r\n\r\nThe unified economic agreement between the countries of the Gulf Cooperation Council was signed on November 11, 1981 in Abu Dhabi. These countries are often referred to as The GCC States.\r\n', 'Active'),
(97, '33', NULL, 'Entomology is the science that studies', 'Behavior of human beings', 'Insects', 'The origin and history of technical and scientific terms', 'The formation of rocks', 'Insects', 'Entomology: The branch of zoology concerned with the study of insects. ', 'Active'),
(98, '33', NULL, 'First human heart transplant operation conducted by Dr. Christiaan Barnard on Louis Washkansky, was conducted in', '1967', '1968', '1958', '1922', '1967', '\r\n\r\nLouis Washkansky (1913 - 21 December 1967) was the recipient of the world\'s first human heart transplant.\r\n\r\nWashkansky died of double pneumonia eighteen days after the transplant because of a weakened immune system.\r\n', 'Active'),
(99, '33', NULL, 'Gulf cooperation council was originally formed by', 'Bahrain, Kuwait, Oman, Qatar, Saudi Arabia and United Arab Emirates', 'Second World Nations', 'Third World Nations', 'Fourth World Nations', 'Bahrain, Kuwait, Oman, Qatar, Saudi Arabia and United Arab Emirates', 'Gulf cooperation council was created on May 25, 1981, the 630-million-acre (2,500,000 km2) Council comprises the Persian Gulf states of Bahrain, Kuwait, Oman, Qatar, Saudi Arabia and the United Arab Emirates.\r\n\r\nThe unified economic agreement between the countries of the Gulf Cooperation Council was signed on November 11, 1981 in Abu Dhabi. These countries are often referred to as The GCC States.\r\n', 'Active'),
(100, '34', NULL, 'Entomology is the science that studies', 'Behavior of human beings', 'Insects', 'The origin and history of technical and scientific terms', 'The formation of rocks', 'Insects', 'Entomology: The branch of zoology concerned with the study of insects. ', 'Active'),
(101, '34', NULL, 'First human heart transplant operation conducted by Dr. Christiaan Barnard on Louis Washkansky, was conducted in', '1967', '1968', '1958', '1922', '1967', '\r\n\r\nLouis Washkansky (1913 - 21 December 1967) was the recipient of the world\'s first human heart transplant.\r\n\r\nWashkansky died of double pneumonia eighteen days after the transplant because of a weakened immune system.\r\n', 'Active'),
(102, '34', NULL, 'Gulf cooperation council was originally formed by', 'Bahrain, Kuwait, Oman, Qatar, Saudi Arabia and United Arab Emirates', 'Second World Nations', 'Third World Nations', 'Fourth World Nations', 'Bahrain, Kuwait, Oman, Qatar, Saudi Arabia and United Arab Emirates', 'Gulf cooperation council was created on May 25, 1981, the 630-million-acre (2,500,000 km2) Council comprises the Persian Gulf states of Bahrain, Kuwait, Oman, Qatar, Saudi Arabia and the United Arab Emirates.\r\n\r\nThe unified economic agreement between the countries of the Gulf Cooperation Council was signed on November 11, 1981 in Abu Dhabi. These countries are often referred to as The GCC States.\r\n', 'Active'),
(103, '35', NULL, 'Entomology is the science that studies', 'Behavior of human beings', 'Insects', 'The origin and history of technical and scientific terms', 'The formation of rocks', 'Insects', 'Entomology: The branch of zoology concerned with the study of insects. ', 'Active'),
(104, '35', NULL, 'First human heart transplant operation conducted by Dr. Christiaan Barnard on Louis Washkansky, was conducted in', '1967', '1968', '1958', '1922', '1967', '\r\n\r\nLouis Washkansky (1913 - 21 December 1967) was the recipient of the world\'s first human heart transplant.\r\n\r\nWashkansky died of double pneumonia eighteen days after the transplant because of a weakened immune system.\r\n', 'Active'),
(105, '35', NULL, 'Gulf cooperation council was originally formed by', 'Bahrain, Kuwait, Oman, Qatar, Saudi Arabia and United Arab Emirates', 'Second World Nations', 'Third World Nations', 'Fourth World Nations', 'Bahrain, Kuwait, Oman, Qatar, Saudi Arabia and United Arab Emirates', 'Gulf cooperation council was created on May 25, 1981, the 630-million-acre (2,500,000 km2) Council comprises the Persian Gulf states of Bahrain, Kuwait, Oman, Qatar, Saudi Arabia and the United Arab Emirates.\r\n\r\nThe unified economic agreement between the countries of the Gulf Cooperation Council was signed on November 11, 1981 in Abu Dhabi. These countries are often referred to as The GCC States.\r\n', 'Active'),
(106, '36', NULL, 'Entomology is the science that studies', 'Behavior of human beings', 'Insects', 'The origin and history of technical and scientific terms', 'The formation of rocks', 'Insects', 'Entomology: The branch of zoology concerned with the study of insects. ', 'Active'),
(107, '36', NULL, 'First human heart transplant operation conducted by Dr. Christiaan Barnard on Louis Washkansky, was conducted in', '1967', '1968', '1958', '1922', '1967', '\r\n\r\nLouis Washkansky (1913 - 21 December 1967) was the recipient of the world\'s first human heart transplant.\r\n\r\nWashkansky died of double pneumonia eighteen days after the transplant because of a weakened immune system.\r\n', 'Active');
INSERT INTO `gatavarshichya_prashna_patrika_practice_test` (`practice_test_id`, `question_papers_id`, `subject_id`, `question`, `option1`, `option2`, `option3`, `option4`, `answer`, `explanation`, `status`) VALUES
(108, '36', NULL, 'Gulf cooperation council was originally formed by', 'Bahrain, Kuwait, Oman, Qatar, Saudi Arabia and United Arab Emirates', 'Second World Nations', 'Third World Nations', 'Fourth World Nations', 'Bahrain, Kuwait, Oman, Qatar, Saudi Arabia and United Arab Emirates', 'Gulf cooperation council was created on May 25, 1981, the 630-million-acre (2,500,000 km2) Council comprises the Persian Gulf states of Bahrain, Kuwait, Oman, Qatar, Saudi Arabia and the United Arab Emirates.\r\n\r\nThe unified economic agreement between the countries of the Gulf Cooperation Council was signed on November 11, 1981 in Abu Dhabi. These countries are often referred to as The GCC States.\r\n', 'Active'),
(109, '37', NULL, 'Entomology is the science that studies', 'Behavior of human beings', 'Insects', 'The origin and history of technical and scientific terms', 'The formation of rocks', 'Insects', 'Entomology: The branch of zoology concerned with the study of insects. ', 'Active'),
(110, '37', NULL, 'First human heart transplant operation conducted by Dr. Christiaan Barnard on Louis Washkansky, was conducted in', '1967', '1968', '1958', '1922', '1967', '\r\n\r\nLouis Washkansky (1913 - 21 December 1967) was the recipient of the world\'s first human heart transplant.\r\n\r\nWashkansky died of double pneumonia eighteen days after the transplant because of a weakened immune system.\r\n', 'Active'),
(111, '37', NULL, 'Gulf cooperation council was originally formed by', 'Bahrain, Kuwait, Oman, Qatar, Saudi Arabia and United Arab Emirates', 'Second World Nations', 'Third World Nations', 'Fourth World Nations', 'Bahrain, Kuwait, Oman, Qatar, Saudi Arabia and United Arab Emirates', 'Gulf cooperation council was created on May 25, 1981, the 630-million-acre (2,500,000 km2) Council comprises the Persian Gulf states of Bahrain, Kuwait, Oman, Qatar, Saudi Arabia and the United Arab Emirates.\r\n\r\nThe unified economic agreement between the countries of the Gulf Cooperation Council was signed on November 11, 1981 in Abu Dhabi. These countries are often referred to as The GCC States.\r\n', 'Active'),
(112, '38', NULL, 'Entomology is the science that studies', 'Behavior of human beings', 'Insects', 'The origin and history of technical and scientific terms', 'The formation of rocks', 'Insects', 'Entomology: The branch of zoology concerned with the study of insects. ', 'Active'),
(113, '38', NULL, 'First human heart transplant operation conducted by Dr. Christiaan Barnard on Louis Washkansky, was conducted in', '1967', '1968', '1958', '1922', '1967', '\r\n\r\nLouis Washkansky (1913 - 21 December 1967) was the recipient of the world\'s first human heart transplant.\r\n\r\nWashkansky died of double pneumonia eighteen days after the transplant because of a weakened immune system.\r\n', 'Active'),
(114, '38', NULL, 'Gulf cooperation council was originally formed by', 'Bahrain, Kuwait, Oman, Qatar, Saudi Arabia and United Arab Emirates', 'Second World Nations', 'Third World Nations', 'Fourth World Nations', 'Bahrain, Kuwait, Oman, Qatar, Saudi Arabia and United Arab Emirates', 'Gulf cooperation council was created on May 25, 1981, the 630-million-acre (2,500,000 km2) Council comprises the Persian Gulf states of Bahrain, Kuwait, Oman, Qatar, Saudi Arabia and the United Arab Emirates.\r\n\r\nThe unified economic agreement between the countries of the Gulf Cooperation Council was signed on November 11, 1981 in Abu Dhabi. These countries are often referred to as The GCC States.\r\n', 'Active'),
(115, '39', NULL, 'Entomology is the science that studies', 'Behavior of human beings', 'Insects', 'The origin and history of technical and scientific terms', 'The formation of rocks', 'Insects', 'Entomology: The branch of zoology concerned with the study of insects. ', 'Active'),
(116, '39', NULL, 'First human heart transplant operation conducted by Dr. Christiaan Barnard on Louis Washkansky, was conducted in', '1967', '1968', '1958', '1922', '1967', '\r\n\r\nLouis Washkansky (1913 - 21 December 1967) was the recipient of the world\'s first human heart transplant.\r\n\r\nWashkansky died of double pneumonia eighteen days after the transplant because of a weakened immune system.\r\n', 'Active'),
(117, '39', NULL, 'Gulf cooperation council was originally formed by', 'Bahrain, Kuwait, Oman, Qatar, Saudi Arabia and United Arab Emirates', 'Second World Nations', 'Third World Nations', 'Fourth World Nations', 'Bahrain, Kuwait, Oman, Qatar, Saudi Arabia and United Arab Emirates', 'Gulf cooperation council was created on May 25, 1981, the 630-million-acre (2,500,000 km2) Council comprises the Persian Gulf states of Bahrain, Kuwait, Oman, Qatar, Saudi Arabia and the United Arab Emirates.\r\n\r\nThe unified economic agreement between the countries of the Gulf Cooperation Council was signed on November 11, 1981 in Abu Dhabi. These countries are often referred to as The GCC States.\r\n', 'Active'),
(118, '40', NULL, 'Entomology is the science that studies', 'Behavior of human beings', 'Insects', 'The origin and history of technical and scientific terms', 'The formation of rocks', 'Insects', 'Entomology: The branch of zoology concerned with the study of insects. ', 'Active'),
(119, '40', NULL, 'First human heart transplant operation conducted by Dr. Christiaan Barnard on Louis Washkansky, was conducted in', '1967', '1968', '1958', '1922', '1967', '\r\n\r\nLouis Washkansky (1913 - 21 December 1967) was the recipient of the world\'s first human heart transplant.\r\n\r\nWashkansky died of double pneumonia eighteen days after the transplant because of a weakened immune system.\r\n', 'Active'),
(120, '40', NULL, 'Gulf cooperation council was originally formed by', 'Bahrain, Kuwait, Oman, Qatar, Saudi Arabia and United Arab Emirates', 'Second World Nations', 'Third World Nations', 'Fourth World Nations', 'Bahrain, Kuwait, Oman, Qatar, Saudi Arabia and United Arab Emirates', 'Gulf cooperation council was created on May 25, 1981, the 630-million-acre (2,500,000 km2) Council comprises the Persian Gulf states of Bahrain, Kuwait, Oman, Qatar, Saudi Arabia and the United Arab Emirates.\r\n\r\nThe unified economic agreement between the countries of the Gulf Cooperation Council was signed on November 11, 1981 in Abu Dhabi. These countries are often referred to as The GCC States.\r\n', 'Active'),
(121, '41', NULL, 'Entomology is the science that studies', 'Behavior of human beings', 'Insects', 'The origin and history of technical and scientific terms', 'The formation of rocks', 'Insects', 'Entomology: The branch of zoology concerned with the study of insects. ', 'Active'),
(122, '41', NULL, 'First human heart transplant operation conducted by Dr. Christiaan Barnard on Louis Washkansky, was conducted in', '1967', '1968', '1958', '1922', '1967', '\r\n\r\nLouis Washkansky (1913 - 21 December 1967) was the recipient of the world\'s first human heart transplant.\r\n\r\nWashkansky died of double pneumonia eighteen days after the transplant because of a weakened immune system.\r\n', 'Active'),
(123, '41', NULL, 'Gulf cooperation council was originally formed by', 'Bahrain, Kuwait, Oman, Qatar, Saudi Arabia and United Arab Emirates', 'Second World Nations', 'Third World Nations', 'Fourth World Nations', 'Bahrain, Kuwait, Oman, Qatar, Saudi Arabia and United Arab Emirates', 'Gulf cooperation council was created on May 25, 1981, the 630-million-acre (2,500,000 km2) Council comprises the Persian Gulf states of Bahrain, Kuwait, Oman, Qatar, Saudi Arabia and the United Arab Emirates.\r\n\r\nThe unified economic agreement between the countries of the Gulf Cooperation Council was signed on November 11, 1981 in Abu Dhabi. These countries are often referred to as The GCC States.\r\n', 'Active'),
(124, '42', NULL, 'Entomology is the science that studies', 'Behavior of human beings', 'Insects', 'The origin and history of technical and scientific terms', 'The formation of rocks', 'Insects', 'Entomology: The branch of zoology concerned with the study of insects. ', 'Active'),
(125, '42', NULL, 'First human heart transplant operation conducted by Dr. Christiaan Barnard on Louis Washkansky, was conducted in', '1967', '1968', '1958', '1922', '1967', '\r\n\r\nLouis Washkansky (1913 - 21 December 1967) was the recipient of the world\'s first human heart transplant.\r\n\r\nWashkansky died of double pneumonia eighteen days after the transplant because of a weakened immune system.\r\n', 'Active'),
(126, '42', NULL, 'Gulf cooperation council was originally formed by', 'Bahrain, Kuwait, Oman, Qatar, Saudi Arabia and United Arab Emirates', 'Second World Nations', 'Third World Nations', 'Fourth World Nations', 'Bahrain, Kuwait, Oman, Qatar, Saudi Arabia and United Arab Emirates', 'Gulf cooperation council was created on May 25, 1981, the 630-million-acre (2,500,000 km2) Council comprises the Persian Gulf states of Bahrain, Kuwait, Oman, Qatar, Saudi Arabia and the United Arab Emirates.\r\n\r\nThe unified economic agreement between the countries of the Gulf Cooperation Council was signed on November 11, 1981 in Abu Dhabi. These countries are often referred to as The GCC States.\r\n', 'Active'),
(127, '43', NULL, 'Entomology is the science that studies', 'Behavior of human beings', 'Insects', 'The origin and history of technical and scientific terms', 'The formation of rocks', 'Insects', 'Entomology: The branch of zoology concerned with the study of insects. ', 'Active'),
(128, '43', NULL, 'First human heart transplant operation conducted by Dr. Christiaan Barnard on Louis Washkansky, was conducted in', '1967', '1968', '1958', '1922', '1967', '\r\n\r\nLouis Washkansky (1913 - 21 December 1967) was the recipient of the world\'s first human heart transplant.\r\n\r\nWashkansky died of double pneumonia eighteen days after the transplant because of a weakened immune system.\r\n', 'Active'),
(129, '43', NULL, 'Gulf cooperation council was originally formed by', 'Bahrain, Kuwait, Oman, Qatar, Saudi Arabia and United Arab Emirates', 'Second World Nations', 'Third World Nations', 'Fourth World Nations', 'Bahrain, Kuwait, Oman, Qatar, Saudi Arabia and United Arab Emirates', 'Gulf cooperation council was created on May 25, 1981, the 630-million-acre (2,500,000 km2) Council comprises the Persian Gulf states of Bahrain, Kuwait, Oman, Qatar, Saudi Arabia and the United Arab Emirates.\r\n\r\nThe unified economic agreement between the countries of the Gulf Cooperation Council was signed on November 11, 1981 in Abu Dhabi. These countries are often referred to as The GCC States.\r\n', 'Active'),
(130, '44', NULL, 'Entomology is the science that studies', 'Behavior of human beings', 'Insects', 'The origin and history of technical and scientific terms', 'The formation of rocks', 'Insects', 'Entomology: The branch of zoology concerned with the study of insects. ', 'Active'),
(131, '44', NULL, 'First human heart transplant operation conducted by Dr. Christiaan Barnard on Louis Washkansky, was conducted in', '1967', '1968', '1958', '1922', '1967', '\r\n\r\nLouis Washkansky (1913 - 21 December 1967) was the recipient of the world\'s first human heart transplant.\r\n\r\nWashkansky died of double pneumonia eighteen days after the transplant because of a weakened immune system.\r\n', 'Active'),
(132, '44', NULL, 'Gulf cooperation council was originally formed by', 'Bahrain, Kuwait, Oman, Qatar, Saudi Arabia and United Arab Emirates', 'Second World Nations', 'Third World Nations', 'Fourth World Nations', 'Bahrain, Kuwait, Oman, Qatar, Saudi Arabia and United Arab Emirates', 'Gulf cooperation council was created on May 25, 1981, the 630-million-acre (2,500,000 km2) Council comprises the Persian Gulf states of Bahrain, Kuwait, Oman, Qatar, Saudi Arabia and the United Arab Emirates.\r\n\r\nThe unified economic agreement between the countries of the Gulf Cooperation Council was signed on November 11, 1981 in Abu Dhabi. These countries are often referred to as The GCC States.\r\n', 'Active'),
(133, '45', NULL, 'Entomology is the science that studies', 'Behavior of human beings', 'Insects', 'The origin and history of technical and scientific terms', 'The formation of rocks', 'Insects', 'Entomology: The branch of zoology concerned with the study of insects. ', 'Active'),
(134, '45', NULL, 'First human heart transplant operation conducted by Dr. Christiaan Barnard on Louis Washkansky, was conducted in', '1967', '1968', '1958', '1922', '1967', '\r\n\r\nLouis Washkansky (1913 - 21 December 1967) was the recipient of the world\'s first human heart transplant.\r\n\r\nWashkansky died of double pneumonia eighteen days after the transplant because of a weakened immune system.\r\n', 'Active'),
(135, '45', NULL, 'Gulf cooperation council was originally formed by', 'Bahrain, Kuwait, Oman, Qatar, Saudi Arabia and United Arab Emirates', 'Second World Nations', 'Third World Nations', 'Fourth World Nations', 'Bahrain, Kuwait, Oman, Qatar, Saudi Arabia and United Arab Emirates', 'Gulf cooperation council was created on May 25, 1981, the 630-million-acre (2,500,000 km2) Council comprises the Persian Gulf states of Bahrain, Kuwait, Oman, Qatar, Saudi Arabia and the United Arab Emirates.\r\n\r\nThe unified economic agreement between the countries of the Gulf Cooperation Council was signed on November 11, 1981 in Abu Dhabi. These countries are often referred to as The GCC States.\r\n', 'Active'),
(136, '46', NULL, 'Entomology is the science that studies', 'Behavior of human beings', 'Insects', 'The origin and history of technical and scientific terms', 'The formation of rocks', 'Insects', 'Entomology: The branch of zoology concerned with the study of insects. ', 'Active'),
(137, '46', NULL, 'First human heart transplant operation conducted by Dr. Christiaan Barnard on Louis Washkansky, was conducted in', '1967', '1968', '1958', '1922', '1967', '\r\n\r\nLouis Washkansky (1913 - 21 December 1967) was the recipient of the world\'s first human heart transplant.\r\n\r\nWashkansky died of double pneumonia eighteen days after the transplant because of a weakened immune system.\r\n', 'Active'),
(138, '46', NULL, 'Gulf cooperation council was originally formed by', 'Bahrain, Kuwait, Oman, Qatar, Saudi Arabia and United Arab Emirates', 'Second World Nations', 'Third World Nations', 'Fourth World Nations', 'Bahrain, Kuwait, Oman, Qatar, Saudi Arabia and United Arab Emirates', 'Gulf cooperation council was created on May 25, 1981, the 630-million-acre (2,500,000 km2) Council comprises the Persian Gulf states of Bahrain, Kuwait, Oman, Qatar, Saudi Arabia and the United Arab Emirates.\r\n\r\nThe unified economic agreement between the countries of the Gulf Cooperation Council was signed on November 11, 1981 in Abu Dhabi. These countries are often referred to as The GCC States.\r\n', 'Active'),
(139, '47', NULL, 'Entomology is the science that studies', 'Behavior of human beings', 'Insects', 'The origin and history of technical and scientific terms', 'The formation of rocks', 'Insects', 'Entomology: The branch of zoology concerned with the study of insects. ', 'Active'),
(140, '47', NULL, 'First human heart transplant operation conducted by Dr. Christiaan Barnard on Louis Washkansky, was conducted in', '1967', '1968', '1958', '1922', '1967', '\r\n\r\nLouis Washkansky (1913 - 21 December 1967) was the recipient of the world\'s first human heart transplant.\r\n\r\nWashkansky died of double pneumonia eighteen days after the transplant because of a weakened immune system.\r\n', 'Active'),
(141, '47', NULL, 'Gulf cooperation council was originally formed by', 'Bahrain, Kuwait, Oman, Qatar, Saudi Arabia and United Arab Emirates', 'Second World Nations', 'Third World Nations', 'Fourth World Nations', 'Bahrain, Kuwait, Oman, Qatar, Saudi Arabia and United Arab Emirates', 'Gulf cooperation council was created on May 25, 1981, the 630-million-acre (2,500,000 km2) Council comprises the Persian Gulf states of Bahrain, Kuwait, Oman, Qatar, Saudi Arabia and the United Arab Emirates.\r\n\r\nThe unified economic agreement between the countries of the Gulf Cooperation Council was signed on November 11, 1981 in Abu Dhabi. These countries are often referred to as The GCC States.\r\n', 'Active'),
(142, '48', NULL, 'Entomology is the science that studies', 'Behavior of human beings', 'Insects', 'The origin and history of technical and scientific terms', 'The formation of rocks', 'Insects', 'Entomology: The branch of zoology concerned with the study of insects. ', 'Active'),
(143, '48', NULL, 'First human heart transplant operation conducted by Dr. Christiaan Barnard on Louis Washkansky, was conducted in', '1967', '1968', '1958', '1922', '1967', '\r\n\r\nLouis Washkansky (1913 - 21 December 1967) was the recipient of the world\'s first human heart transplant.\r\n\r\nWashkansky died of double pneumonia eighteen days after the transplant because of a weakened immune system.\r\n', 'Active'),
(144, '48', NULL, 'Gulf cooperation council was originally formed by', 'Bahrain, Kuwait, Oman, Qatar, Saudi Arabia and United Arab Emirates', 'Second World Nations', 'Third World Nations', 'Fourth World Nations', 'Bahrain, Kuwait, Oman, Qatar, Saudi Arabia and United Arab Emirates', 'Gulf cooperation council was created on May 25, 1981, the 630-million-acre (2,500,000 km2) Council comprises the Persian Gulf states of Bahrain, Kuwait, Oman, Qatar, Saudi Arabia and the United Arab Emirates.\r\n\r\nThe unified economic agreement between the countries of the Gulf Cooperation Council was signed on November 11, 1981 in Abu Dhabi. These countries are often referred to as The GCC States.\r\n', 'Active'),
(145, '49', NULL, 'Entomology is the science that studies', 'Behavior of human beings', 'Insects', 'The origin and history of technical and scientific terms', 'The formation of rocks', 'Insects', 'Entomology: The branch of zoology concerned with the study of insects. ', 'Active'),
(146, '49', NULL, 'First human heart transplant operation conducted by Dr. Christiaan Barnard on Louis Washkansky, was conducted in', '1967', '1968', '1958', '1922', '1967', '\r\n\r\nLouis Washkansky (1913 - 21 December 1967) was the recipient of the world\'s first human heart transplant.\r\n\r\nWashkansky died of double pneumonia eighteen days after the transplant because of a weakened immune system.\r\n', 'Active'),
(147, '49', NULL, 'Gulf cooperation council was originally formed by', 'Bahrain, Kuwait, Oman, Qatar, Saudi Arabia and United Arab Emirates', 'Second World Nations', 'Third World Nations', 'Fourth World Nations', 'Bahrain, Kuwait, Oman, Qatar, Saudi Arabia and United Arab Emirates', 'Gulf cooperation council was created on May 25, 1981, the 630-million-acre (2,500,000 km2) Council comprises the Persian Gulf states of Bahrain, Kuwait, Oman, Qatar, Saudi Arabia and the United Arab Emirates.\r\n\r\nThe unified economic agreement between the countries of the Gulf Cooperation Council was signed on November 11, 1981 in Abu Dhabi. These countries are often referred to as The GCC States.\r\n', 'Active'),
(148, '50', NULL, 'Entomology is the science that studies', 'Behavior of human beings', 'Insects', 'The origin and history of technical and scientific terms', 'The formation of rocks', 'Insects', 'Entomology: The branch of zoology concerned with the study of insects. ', 'Active'),
(149, '50', NULL, 'First human heart transplant operation conducted by Dr. Christiaan Barnard on Louis Washkansky, was conducted in', '1967', '1968', '1958', '1922', '1967', '\r\n\r\nLouis Washkansky (1913 - 21 December 1967) was the recipient of the world\'s first human heart transplant.\r\n\r\nWashkansky died of double pneumonia eighteen days after the transplant because of a weakened immune system.\r\n', 'Active'),
(150, '50', NULL, 'Gulf cooperation council was originally formed by', 'Bahrain, Kuwait, Oman, Qatar, Saudi Arabia and United Arab Emirates', 'Second World Nations', 'Third World Nations', 'Fourth World Nations', 'Bahrain, Kuwait, Oman, Qatar, Saudi Arabia and United Arab Emirates', 'Gulf cooperation council was created on May 25, 1981, the 630-million-acre (2,500,000 km2) Council comprises the Persian Gulf states of Bahrain, Kuwait, Oman, Qatar, Saudi Arabia and the United Arab Emirates.\r\n\r\nThe unified economic agreement between the countries of the Gulf Cooperation Council was signed on November 11, 1981 in Abu Dhabi. These countries are often referred to as The GCC States.\r\n', 'Active'),
(151, '51', NULL, 'Entomology is the science that studies', 'Behavior of human beings', 'Insects', 'The origin and history of technical and scientific terms', 'The formation of rocks', 'Insects', 'Entomology: The branch of zoology concerned with the study of insects. ', 'Active'),
(152, '51', NULL, 'First human heart transplant operation conducted by Dr. Christiaan Barnard on Louis Washkansky, was conducted in', '1967', '1968', '1958', '1922', '1967', '\r\n\r\nLouis Washkansky (1913 - 21 December 1967) was the recipient of the world\'s first human heart transplant.\r\n\r\nWashkansky died of double pneumonia eighteen days after the transplant because of a weakened immune system.\r\n', 'Active'),
(153, '51', NULL, 'Gulf cooperation council was originally formed by', 'Bahrain, Kuwait, Oman, Qatar, Saudi Arabia and United Arab Emirates', 'Second World Nations', 'Third World Nations', 'Fourth World Nations', 'Bahrain, Kuwait, Oman, Qatar, Saudi Arabia and United Arab Emirates', 'Gulf cooperation council was created on May 25, 1981, the 630-million-acre (2,500,000 km2) Council comprises the Persian Gulf states of Bahrain, Kuwait, Oman, Qatar, Saudi Arabia and the United Arab Emirates.\r\n\r\nThe unified economic agreement between the countries of the Gulf Cooperation Council was signed on November 11, 1981 in Abu Dhabi. These countries are often referred to as The GCC States.\r\n', 'Active'),
(154, '52', NULL, 'Entomology is the science that studies', 'Behavior of human beings', 'Insects', 'The origin and history of technical and scientific terms', 'The formation of rocks', 'Insects', 'Entomology: The branch of zoology concerned with the study of insects. ', 'Active'),
(155, '52', NULL, 'First human heart transplant operation conducted by Dr. Christiaan Barnard on Louis Washkansky, was conducted in', '1967', '1968', '1958', '1922', '1967', '\r\n\r\nLouis Washkansky (1913 - 21 December 1967) was the recipient of the world\'s first human heart transplant.\r\n\r\nWashkansky died of double pneumonia eighteen days after the transplant because of a weakened immune system.\r\n', 'Active'),
(156, '52', NULL, 'Gulf cooperation council was originally formed by', 'Bahrain, Kuwait, Oman, Qatar, Saudi Arabia and United Arab Emirates', 'Second World Nations', 'Third World Nations', 'Fourth World Nations', 'Bahrain, Kuwait, Oman, Qatar, Saudi Arabia and United Arab Emirates', 'Gulf cooperation council was created on May 25, 1981, the 630-million-acre (2,500,000 km2) Council comprises the Persian Gulf states of Bahrain, Kuwait, Oman, Qatar, Saudi Arabia and the United Arab Emirates.\r\n\r\nThe unified economic agreement between the countries of the Gulf Cooperation Council was signed on November 11, 1981 in Abu Dhabi. These countries are often referred to as The GCC States.\r\n', 'Active'),
(157, '53', NULL, 'Entomology is the science that studies', 'Behavior of human beings', 'Insects', 'The origin and history of technical and scientific terms', 'The formation of rocks', 'Insects', 'Entomology: The branch of zoology concerned with the study of insects. ', 'Active'),
(158, '53', NULL, 'First human heart transplant operation conducted by Dr. Christiaan Barnard on Louis Washkansky, was conducted in', '1967', '1968', '1958', '1922', '1967', '\r\n\r\nLouis Washkansky (1913 - 21 December 1967) was the recipient of the world\'s first human heart transplant.\r\n\r\nWashkansky died of double pneumonia eighteen days after the transplant because of a weakened immune system.\r\n', 'Active'),
(159, '53', NULL, 'Gulf cooperation council was originally formed by', 'Bahrain, Kuwait, Oman, Qatar, Saudi Arabia and United Arab Emirates', 'Second World Nations', 'Third World Nations', 'Fourth World Nations', 'Bahrain, Kuwait, Oman, Qatar, Saudi Arabia and United Arab Emirates', 'Gulf cooperation council was created on May 25, 1981, the 630-million-acre (2,500,000 km2) Council comprises the Persian Gulf states of Bahrain, Kuwait, Oman, Qatar, Saudi Arabia and the United Arab Emirates.\r\n\r\nThe unified economic agreement between the countries of the Gulf Cooperation Council was signed on November 11, 1981 in Abu Dhabi. These countries are often referred to as The GCC States.\r\n', 'Active'),
(160, '54', NULL, 'Entomology is the science that studies', 'Behavior of human beings', 'Insects', 'The origin and history of technical and scientific terms', 'The formation of rocks', 'Insects', 'Entomology: The branch of zoology concerned with the study of insects. ', 'Active'),
(161, '54', NULL, 'First human heart transplant operation conducted by Dr. Christiaan Barnard on Louis Washkansky, was conducted in', '1967', '1968', '1958', '1922', '1967', '\r\n\r\nLouis Washkansky (1913 - 21 December 1967) was the recipient of the world\'s first human heart transplant.\r\n\r\nWashkansky died of double pneumonia eighteen days after the transplant because of a weakened immune system.\r\n', 'Active'),
(162, '54', NULL, 'Gulf cooperation council was originally formed by', 'Bahrain, Kuwait, Oman, Qatar, Saudi Arabia and United Arab Emirates', 'Second World Nations', 'Third World Nations', 'Fourth World Nations', 'Bahrain, Kuwait, Oman, Qatar, Saudi Arabia and United Arab Emirates', 'Gulf cooperation council was created on May 25, 1981, the 630-million-acre (2,500,000 km2) Council comprises the Persian Gulf states of Bahrain, Kuwait, Oman, Qatar, Saudi Arabia and the United Arab Emirates.\r\n\r\nThe unified economic agreement between the countries of the Gulf Cooperation Council was signed on November 11, 1981 in Abu Dhabi. These countries are often referred to as The GCC States.\r\n', 'Active'),
(163, '55', NULL, 'Entomology is the science that studies', 'Behavior of human beings', 'Insects', 'The origin and history of technical and scientific terms', 'The formation of rocks', 'Insects', 'Entomology: The branch of zoology concerned with the study of insects. ', 'Active'),
(164, '55', NULL, 'First human heart transplant operation conducted by Dr. Christiaan Barnard on Louis Washkansky, was conducted in', '1967', '1968', '1958', '1922', '1967', '\r\n\r\nLouis Washkansky (1913 - 21 December 1967) was the recipient of the world\'s first human heart transplant.\r\n\r\nWashkansky died of double pneumonia eighteen days after the transplant because of a weakened immune system.\r\n', 'Active'),
(165, '55', NULL, 'Gulf cooperation council was originally formed by', 'Bahrain, Kuwait, Oman, Qatar, Saudi Arabia and United Arab Emirates', 'Second World Nations', 'Third World Nations', 'Fourth World Nations', 'Bahrain, Kuwait, Oman, Qatar, Saudi Arabia and United Arab Emirates', 'Gulf cooperation council was created on May 25, 1981, the 630-million-acre (2,500,000 km2) Council comprises the Persian Gulf states of Bahrain, Kuwait, Oman, Qatar, Saudi Arabia and the United Arab Emirates.\r\n\r\nThe unified economic agreement between the countries of the Gulf Cooperation Council was signed on November 11, 1981 in Abu Dhabi. These countries are often referred to as The GCC States.\r\n', 'Active'),
(166, '56', NULL, 'Entomology is the science that studies', 'Behavior of human beings', 'Insects', 'The origin and history of technical and scientific terms', 'The formation of rocks', 'Insects', 'Entomology: The branch of zoology concerned with the study of insects. ', 'Active'),
(167, '56', NULL, 'First human heart transplant operation conducted by Dr. Christiaan Barnard on Louis Washkansky, was conducted in', '1967', '1968', '1958', '1922', '1967', '\r\n\r\nLouis Washkansky (1913 - 21 December 1967) was the recipient of the world\'s first human heart transplant.\r\n\r\nWashkansky died of double pneumonia eighteen days after the transplant because of a weakened immune system.\r\n', 'Active'),
(168, '56', NULL, 'Gulf cooperation council was originally formed by', 'Bahrain, Kuwait, Oman, Qatar, Saudi Arabia and United Arab Emirates', 'Second World Nations', 'Third World Nations', 'Fourth World Nations', 'Bahrain, Kuwait, Oman, Qatar, Saudi Arabia and United Arab Emirates', 'Gulf cooperation council was created on May 25, 1981, the 630-million-acre (2,500,000 km2) Council comprises the Persian Gulf states of Bahrain, Kuwait, Oman, Qatar, Saudi Arabia and the United Arab Emirates.\r\n\r\nThe unified economic agreement between the countries of the Gulf Cooperation Council was signed on November 11, 1981 in Abu Dhabi. These countries are often referred to as The GCC States.\r\n', 'Active'),
(169, '57', NULL, 'Entomology is the science that studies', 'Behavior of human beings', 'Insects', 'The origin and history of technical and scientific terms', 'The formation of rocks', 'Insects', 'Entomology: The branch of zoology concerned with the study of insects. ', 'Active'),
(170, '57', NULL, 'First human heart transplant operation conducted by Dr. Christiaan Barnard on Louis Washkansky, was conducted in', '1967', '1968', '1958', '1922', '1967', '\r\n\r\nLouis Washkansky (1913 - 21 December 1967) was the recipient of the world\'s first human heart transplant.\r\n\r\nWashkansky died of double pneumonia eighteen days after the transplant because of a weakened immune system.\r\n', 'Active'),
(171, '57', NULL, 'Gulf cooperation council was originally formed by', 'Bahrain, Kuwait, Oman, Qatar, Saudi Arabia and United Arab Emirates', 'Second World Nations', 'Third World Nations', 'Fourth World Nations', 'Bahrain, Kuwait, Oman, Qatar, Saudi Arabia and United Arab Emirates', 'Gulf cooperation council was created on May 25, 1981, the 630-million-acre (2,500,000 km2) Council comprises the Persian Gulf states of Bahrain, Kuwait, Oman, Qatar, Saudi Arabia and the United Arab Emirates.\r\n\r\nThe unified economic agreement between the countries of the Gulf Cooperation Council was signed on November 11, 1981 in Abu Dhabi. These countries are often referred to as The GCC States.\r\n', 'Active'),
(172, '58', NULL, 'Entomology is the science that studies', 'Behavior of human beings', 'Insects', 'The origin and history of technical and scientific terms', 'The formation of rocks', 'Insects', 'Entomology: The branch of zoology concerned with the study of insects. ', 'Active'),
(173, '58', NULL, 'First human heart transplant operation conducted by Dr. Christiaan Barnard on Louis Washkansky, was conducted in', '1967', '1968', '1958', '1922', '1967', '\r\n\r\nLouis Washkansky (1913 - 21 December 1967) was the recipient of the world\'s first human heart transplant.\r\n\r\nWashkansky died of double pneumonia eighteen days after the transplant because of a weakened immune system.\r\n', 'Active'),
(174, '58', NULL, 'Gulf cooperation council was originally formed by', 'Bahrain, Kuwait, Oman, Qatar, Saudi Arabia and United Arab Emirates', 'Second World Nations', 'Third World Nations', 'Fourth World Nations', 'Bahrain, Kuwait, Oman, Qatar, Saudi Arabia and United Arab Emirates', 'Gulf cooperation council was created on May 25, 1981, the 630-million-acre (2,500,000 km2) Council comprises the Persian Gulf states of Bahrain, Kuwait, Oman, Qatar, Saudi Arabia and the United Arab Emirates.\r\n\r\nThe unified economic agreement between the countries of the Gulf Cooperation Council was signed on November 11, 1981 in Abu Dhabi. These countries are often referred to as The GCC States.\r\n', 'Active'),
(175, '59', NULL, 'Entomology is the science that studies', 'Behavior of human beings', 'Insects', 'The origin and history of technical and scientific terms', 'The formation of rocks', 'Insects', 'Entomology: The branch of zoology concerned with the study of insects. ', 'Active'),
(176, '59', NULL, 'First human heart transplant operation conducted by Dr. Christiaan Barnard on Louis Washkansky, was conducted in', '1967', '1968', '1958', '1922', '1967', '\r\n\r\nLouis Washkansky (1913 - 21 December 1967) was the recipient of the world\'s first human heart transplant.\r\n\r\nWashkansky died of double pneumonia eighteen days after the transplant because of a weakened immune system.\r\n', 'Active'),
(177, '59', NULL, 'Gulf cooperation council was originally formed by', 'Bahrain, Kuwait, Oman, Qatar, Saudi Arabia and United Arab Emirates', 'Second World Nations', 'Third World Nations', 'Fourth World Nations', 'Bahrain, Kuwait, Oman, Qatar, Saudi Arabia and United Arab Emirates', 'Gulf cooperation council was created on May 25, 1981, the 630-million-acre (2,500,000 km2) Council comprises the Persian Gulf states of Bahrain, Kuwait, Oman, Qatar, Saudi Arabia and the United Arab Emirates.\r\n\r\nThe unified economic agreement between the countries of the Gulf Cooperation Council was signed on November 11, 1981 in Abu Dhabi. These countries are often referred to as The GCC States.\r\n', 'Active'),
(178, '60', NULL, 'Entomology is the science that studies', 'Behavior of human beings', 'Insects', 'The origin and history of technical and scientific terms', 'The formation of rocks', 'Insects', 'Entomology: The branch of zoology concerned with the study of insects. ', 'Active'),
(179, '60', NULL, 'First human heart transplant operation conducted by Dr. Christiaan Barnard on Louis Washkansky, was conducted in', '1967', '1968', '1958', '1922', '1967', '\r\n\r\nLouis Washkansky (1913 - 21 December 1967) was the recipient of the world\'s first human heart transplant.\r\n\r\nWashkansky died of double pneumonia eighteen days after the transplant because of a weakened immune system.\r\n', 'Active'),
(180, '60', NULL, 'Gulf cooperation council was originally formed by', 'Bahrain, Kuwait, Oman, Qatar, Saudi Arabia and United Arab Emirates', 'Second World Nations', 'Third World Nations', 'Fourth World Nations', 'Bahrain, Kuwait, Oman, Qatar, Saudi Arabia and United Arab Emirates', 'Gulf cooperation council was created on May 25, 1981, the 630-million-acre (2,500,000 km2) Council comprises the Persian Gulf states of Bahrain, Kuwait, Oman, Qatar, Saudi Arabia and the United Arab Emirates.\r\n\r\nThe unified economic agreement between the countries of the Gulf Cooperation Council was signed on November 11, 1981 in Abu Dhabi. These countries are often referred to as The GCC States.\r\n', 'Active'),
(181, '61', NULL, 'Entomology is the science that studies', 'Behavior of human beings', 'Insects', 'The origin and history of technical and scientific terms', 'The formation of rocks', 'Insects', 'Entomology: The branch of zoology concerned with the study of insects. ', 'Active'),
(182, '61', NULL, 'First human heart transplant operation conducted by Dr. Christiaan Barnard on Louis Washkansky, was conducted in', '1967', '1968', '1958', '1922', '1967', '\r\n\r\nLouis Washkansky (1913 - 21 December 1967) was the recipient of the world\'s first human heart transplant.\r\n\r\nWashkansky died of double pneumonia eighteen days after the transplant because of a weakened immune system.\r\n', 'Active'),
(183, '61', NULL, 'Gulf cooperation council was originally formed by', 'Bahrain, Kuwait, Oman, Qatar, Saudi Arabia and United Arab Emirates', 'Second World Nations', 'Third World Nations', 'Fourth World Nations', 'Bahrain, Kuwait, Oman, Qatar, Saudi Arabia and United Arab Emirates', 'Gulf cooperation council was created on May 25, 1981, the 630-million-acre (2,500,000 km2) Council comprises the Persian Gulf states of Bahrain, Kuwait, Oman, Qatar, Saudi Arabia and the United Arab Emirates.\r\n\r\nThe unified economic agreement between the countries of the Gulf Cooperation Council was signed on November 11, 1981 in Abu Dhabi. These countries are often referred to as The GCC States.\r\n', 'Active'),
(184, '62', NULL, 'Entomology is the science that studies', 'Behavior of human beings', 'Insects', 'The origin and history of technical and scientific terms', 'The formation of rocks', 'Insects', 'Entomology: The branch of zoology concerned with the study of insects. ', 'Active'),
(185, '62', NULL, 'First human heart transplant operation conducted by Dr. Christiaan Barnard on Louis Washkansky, was conducted in', '1967', '1968', '1958', '1922', '1967', '\r\n\r\nLouis Washkansky (1913 - 21 December 1967) was the recipient of the world\'s first human heart transplant.\r\n\r\nWashkansky died of double pneumonia eighteen days after the transplant because of a weakened immune system.\r\n', 'Active'),
(186, '62', NULL, 'Gulf cooperation council was originally formed by', 'Bahrain, Kuwait, Oman, Qatar, Saudi Arabia and United Arab Emirates', 'Second World Nations', 'Third World Nations', 'Fourth World Nations', 'Bahrain, Kuwait, Oman, Qatar, Saudi Arabia and United Arab Emirates', 'Gulf cooperation council was created on May 25, 1981, the 630-million-acre (2,500,000 km2) Council comprises the Persian Gulf states of Bahrain, Kuwait, Oman, Qatar, Saudi Arabia and the United Arab Emirates.\r\n\r\nThe unified economic agreement between the countries of the Gulf Cooperation Council was signed on November 11, 1981 in Abu Dhabi. These countries are often referred to as The GCC States.\r\n', 'Active'),
(187, '63', NULL, 'Entomology is the science that studies', 'Behavior of human beings', 'Insects', 'The origin and history of technical and scientific terms', 'The formation of rocks', 'Insects', 'Entomology: The branch of zoology concerned with the study of insects. ', 'Active'),
(188, '63', NULL, 'First human heart transplant operation conducted by Dr. Christiaan Barnard on Louis Washkansky, was conducted in', '1967', '1968', '1958', '1922', '1967', '\r\n\r\nLouis Washkansky (1913 - 21 December 1967) was the recipient of the world\'s first human heart transplant.\r\n\r\nWashkansky died of double pneumonia eighteen days after the transplant because of a weakened immune system.\r\n', 'Active'),
(189, '63', NULL, 'Gulf cooperation council was originally formed by', 'Bahrain, Kuwait, Oman, Qatar, Saudi Arabia and United Arab Emirates', 'Second World Nations', 'Third World Nations', 'Fourth World Nations', 'Bahrain, Kuwait, Oman, Qatar, Saudi Arabia and United Arab Emirates', 'Gulf cooperation council was created on May 25, 1981, the 630-million-acre (2,500,000 km2) Council comprises the Persian Gulf states of Bahrain, Kuwait, Oman, Qatar, Saudi Arabia and the United Arab Emirates.\r\n\r\nThe unified economic agreement between the countries of the Gulf Cooperation Council was signed on November 11, 1981 in Abu Dhabi. These countries are often referred to as The GCC States.\r\n', 'Active'),
(190, '64', NULL, 'Entomology is the science that studies', 'Behavior of human beings', 'Insects', 'The origin and history of technical and scientific terms', 'The formation of rocks', 'Insects', 'Entomology: The branch of zoology concerned with the study of insects. ', 'Active'),
(191, '64', NULL, 'First human heart transplant operation conducted by Dr. Christiaan Barnard on Louis Washkansky, was conducted in', '1967', '1968', '1958', '1922', '1967', '\r\n\r\nLouis Washkansky (1913 - 21 December 1967) was the recipient of the world\'s first human heart transplant.\r\n\r\nWashkansky died of double pneumonia eighteen days after the transplant because of a weakened immune system.\r\n', 'Active'),
(192, '64', NULL, 'Gulf cooperation council was originally formed by', 'Bahrain, Kuwait, Oman, Qatar, Saudi Arabia and United Arab Emirates', 'Second World Nations', 'Third World Nations', 'Fourth World Nations', 'Bahrain, Kuwait, Oman, Qatar, Saudi Arabia and United Arab Emirates', 'Gulf cooperation council was created on May 25, 1981, the 630-million-acre (2,500,000 km2) Council comprises the Persian Gulf states of Bahrain, Kuwait, Oman, Qatar, Saudi Arabia and the United Arab Emirates.\r\n\r\nThe unified economic agreement between the countries of the Gulf Cooperation Council was signed on November 11, 1981 in Abu Dhabi. These countries are often referred to as The GCC States.\r\n', 'Active'),
(193, '65', NULL, 'Entomology is the science that studies', 'Behavior of human beings', 'Insects', 'The origin and history of technical and scientific terms', 'The formation of rocks', 'Insects', 'Entomology: The branch of zoology concerned with the study of insects. ', 'Active'),
(194, '65', NULL, 'First human heart transplant operation conducted by Dr. Christiaan Barnard on Louis Washkansky, was conducted in', '1967', '1968', '1958', '1922', '1967', '\r\n\r\nLouis Washkansky (1913 - 21 December 1967) was the recipient of the world\'s first human heart transplant.\r\n\r\nWashkansky died of double pneumonia eighteen days after the transplant because of a weakened immune system.\r\n', 'Active'),
(195, '65', NULL, 'Gulf cooperation council was originally formed by', 'Bahrain, Kuwait, Oman, Qatar, Saudi Arabia and United Arab Emirates', 'Second World Nations', 'Third World Nations', 'Fourth World Nations', 'Bahrain, Kuwait, Oman, Qatar, Saudi Arabia and United Arab Emirates', 'Gulf cooperation council was created on May 25, 1981, the 630-million-acre (2,500,000 km2) Council comprises the Persian Gulf states of Bahrain, Kuwait, Oman, Qatar, Saudi Arabia and the United Arab Emirates.\r\n\r\nThe unified economic agreement between the countries of the Gulf Cooperation Council was signed on November 11, 1981 in Abu Dhabi. These countries are often referred to as The GCC States.\r\n', 'Active'),
(196, '66', NULL, 'Entomology is the science that studies', 'Behavior of human beings', 'Insects', 'The origin and history of technical and scientific terms', 'The formation of rocks', 'Insects', 'Entomology: The branch of zoology concerned with the study of insects. ', 'Active'),
(197, '66', NULL, 'First human heart transplant operation conducted by Dr. Christiaan Barnard on Louis Washkansky, was conducted in', '1967', '1968', '1958', '1922', '1967', '\r\n\r\nLouis Washkansky (1913 - 21 December 1967) was the recipient of the world\'s first human heart transplant.\r\n\r\nWashkansky died of double pneumonia eighteen days after the transplant because of a weakened immune system.\r\n', 'Active'),
(198, '66', NULL, 'Gulf cooperation council was originally formed by', 'Bahrain, Kuwait, Oman, Qatar, Saudi Arabia and United Arab Emirates', 'Second World Nations', 'Third World Nations', 'Fourth World Nations', 'Bahrain, Kuwait, Oman, Qatar, Saudi Arabia and United Arab Emirates', 'Gulf cooperation council was created on May 25, 1981, the 630-million-acre (2,500,000 km2) Council comprises the Persian Gulf states of Bahrain, Kuwait, Oman, Qatar, Saudi Arabia and the United Arab Emirates.\r\n\r\nThe unified economic agreement between the countries of the Gulf Cooperation Council was signed on November 11, 1981 in Abu Dhabi. These countries are often referred to as The GCC States.\r\n', 'Active'),
(199, '67', NULL, 'Entomology is the science that studies', 'Behavior of human beings', 'Insects', 'The origin and history of technical and scientific terms', 'The formation of rocks', 'Insects', 'Entomology: The branch of zoology concerned with the study of insects. ', 'Active'),
(200, '67', NULL, 'First human heart transplant operation conducted by Dr. Christiaan Barnard on Louis Washkansky, was conducted in', '1967', '1968', '1958', '1922', '1967', '\r\n\r\nLouis Washkansky (1913 - 21 December 1967) was the recipient of the world\'s first human heart transplant.\r\n\r\nWashkansky died of double pneumonia eighteen days after the transplant because of a weakened immune system.\r\n', 'Active'),
(201, '67', NULL, 'Gulf cooperation council was originally formed by', 'Bahrain, Kuwait, Oman, Qatar, Saudi Arabia and United Arab Emirates', 'Second World Nations', 'Third World Nations', 'Fourth World Nations', 'Bahrain, Kuwait, Oman, Qatar, Saudi Arabia and United Arab Emirates', 'Gulf cooperation council was created on May 25, 1981, the 630-million-acre (2,500,000 km2) Council comprises the Persian Gulf states of Bahrain, Kuwait, Oman, Qatar, Saudi Arabia and the United Arab Emirates.\r\n\r\nThe unified economic agreement between the countries of the Gulf Cooperation Council was signed on November 11, 1981 in Abu Dhabi. These countries are often referred to as The GCC States.\r\n', 'Active'),
(202, '68', NULL, 'Entomology is the science that studies', 'Behavior of human beings', 'Insects', 'The origin and history of technical and scientific terms', 'The formation of rocks', 'Insects', 'Entomology: The branch of zoology concerned with the study of insects. ', 'Active'),
(203, '68', NULL, 'First human heart transplant operation conducted by Dr. Christiaan Barnard on Louis Washkansky, was conducted in', '1967', '1968', '1958', '1922', '1967', '\r\n\r\nLouis Washkansky (1913 - 21 December 1967) was the recipient of the world\'s first human heart transplant.\r\n\r\nWashkansky died of double pneumonia eighteen days after the transplant because of a weakened immune system.\r\n', 'Active'),
(204, '68', NULL, 'Gulf cooperation council was originally formed by', 'Bahrain, Kuwait, Oman, Qatar, Saudi Arabia and United Arab Emirates', 'Second World Nations', 'Third World Nations', 'Fourth World Nations', 'Bahrain, Kuwait, Oman, Qatar, Saudi Arabia and United Arab Emirates', 'Gulf cooperation council was created on May 25, 1981, the 630-million-acre (2,500,000 km2) Council comprises the Persian Gulf states of Bahrain, Kuwait, Oman, Qatar, Saudi Arabia and the United Arab Emirates.\r\n\r\nThe unified economic agreement between the countries of the Gulf Cooperation Council was signed on November 11, 1981 in Abu Dhabi. These countries are often referred to as The GCC States.\r\n', 'Active'),
(205, '69', NULL, 'Entomology is the science that studies', 'Behavior of human beings', 'Insects', 'The origin and history of technical and scientific terms', 'The formation of rocks', 'Insects', 'Entomology: The branch of zoology concerned with the study of insects. ', 'Active'),
(206, '69', NULL, 'First human heart transplant operation conducted by Dr. Christiaan Barnard on Louis Washkansky, was conducted in', '1967', '1968', '1958', '1922', '1967', '\r\n\r\nLouis Washkansky (1913 - 21 December 1967) was the recipient of the world\'s first human heart transplant.\r\n\r\nWashkansky died of double pneumonia eighteen days after the transplant because of a weakened immune system.\r\n', 'Active'),
(207, '69', NULL, 'Gulf cooperation council was originally formed by', 'Bahrain, Kuwait, Oman, Qatar, Saudi Arabia and United Arab Emirates', 'Second World Nations', 'Third World Nations', 'Fourth World Nations', 'Bahrain, Kuwait, Oman, Qatar, Saudi Arabia and United Arab Emirates', 'Gulf cooperation council was created on May 25, 1981, the 630-million-acre (2,500,000 km2) Council comprises the Persian Gulf states of Bahrain, Kuwait, Oman, Qatar, Saudi Arabia and the United Arab Emirates.\r\n\r\nThe unified economic agreement between the countries of the Gulf Cooperation Council was signed on November 11, 1981 in Abu Dhabi. These countries are often referred to as The GCC States.\r\n', 'Active'),
(208, '70', NULL, 'Entomology is the science that studies', 'Behavior of human beings', 'Insects', 'The origin and history of technical and scientific terms', 'The formation of rocks', 'Insects', 'Entomology: The branch of zoology concerned with the study of insects. ', 'Active'),
(209, '70', NULL, 'First human heart transplant operation conducted by Dr. Christiaan Barnard on Louis Washkansky, was conducted in', '1967', '1968', '1958', '1922', '1967', '\r\n\r\nLouis Washkansky (1913 - 21 December 1967) was the recipient of the world\'s first human heart transplant.\r\n\r\nWashkansky died of double pneumonia eighteen days after the transplant because of a weakened immune system.\r\n', 'Active'),
(210, '70', NULL, 'Gulf cooperation council was originally formed by', 'Bahrain, Kuwait, Oman, Qatar, Saudi Arabia and United Arab Emirates', 'Second World Nations', 'Third World Nations', 'Fourth World Nations', 'Bahrain, Kuwait, Oman, Qatar, Saudi Arabia and United Arab Emirates', 'Gulf cooperation council was created on May 25, 1981, the 630-million-acre (2,500,000 km2) Council comprises the Persian Gulf states of Bahrain, Kuwait, Oman, Qatar, Saudi Arabia and the United Arab Emirates.\r\n\r\nThe unified economic agreement between the countries of the Gulf Cooperation Council was signed on November 11, 1981 in Abu Dhabi. These countries are often referred to as The GCC States.\r\n', 'Active'),
(211, '71', NULL, 'Entomology is the science that studies', 'Behavior of human beings', 'Insects', 'The origin and history of technical and scientific terms', 'The formation of rocks', 'Insects', 'Entomology: The branch of zoology concerned with the study of insects. ', 'Active'),
(212, '71', NULL, 'First human heart transplant operation conducted by Dr. Christiaan Barnard on Louis Washkansky, was conducted in', '1967', '1968', '1958', '1922', '1967', '\r\n\r\nLouis Washkansky (1913 - 21 December 1967) was the recipient of the world\'s first human heart transplant.\r\n\r\nWashkansky died of double pneumonia eighteen days after the transplant because of a weakened immune system.\r\n', 'Active');
INSERT INTO `gatavarshichya_prashna_patrika_practice_test` (`practice_test_id`, `question_papers_id`, `subject_id`, `question`, `option1`, `option2`, `option3`, `option4`, `answer`, `explanation`, `status`) VALUES
(213, '71', NULL, 'Gulf cooperation council was originally formed by', 'Bahrain, Kuwait, Oman, Qatar, Saudi Arabia and United Arab Emirates', 'Second World Nations', 'Third World Nations', 'Fourth World Nations', 'Bahrain, Kuwait, Oman, Qatar, Saudi Arabia and United Arab Emirates', 'Gulf cooperation council was created on May 25, 1981, the 630-million-acre (2,500,000 km2) Council comprises the Persian Gulf states of Bahrain, Kuwait, Oman, Qatar, Saudi Arabia and the United Arab Emirates.\r\n\r\nThe unified economic agreement between the countries of the Gulf Cooperation Council was signed on November 11, 1981 in Abu Dhabi. These countries are often referred to as The GCC States.\r\n', 'Active'),
(214, '72', NULL, 'Entomology is the science that studies', 'Behavior of human beings', 'Insects', 'The origin and history of technical and scientific terms', 'The formation of rocks', 'Insects', 'Entomology: The branch of zoology concerned with the study of insects. ', 'Active'),
(215, '72', NULL, 'First human heart transplant operation conducted by Dr. Christiaan Barnard on Louis Washkansky, was conducted in', '1967', '1968', '1958', '1922', '1967', '\r\n\r\nLouis Washkansky (1913 - 21 December 1967) was the recipient of the world\'s first human heart transplant.\r\n\r\nWashkansky died of double pneumonia eighteen days after the transplant because of a weakened immune system.\r\n', 'Active'),
(216, '72', NULL, 'Gulf cooperation council was originally formed by', 'Bahrain, Kuwait, Oman, Qatar, Saudi Arabia and United Arab Emirates', 'Second World Nations', 'Third World Nations', 'Fourth World Nations', 'Bahrain, Kuwait, Oman, Qatar, Saudi Arabia and United Arab Emirates', 'Gulf cooperation council was created on May 25, 1981, the 630-million-acre (2,500,000 km2) Council comprises the Persian Gulf states of Bahrain, Kuwait, Oman, Qatar, Saudi Arabia and the United Arab Emirates.\r\n\r\nThe unified economic agreement between the countries of the Gulf Cooperation Council was signed on November 11, 1981 in Abu Dhabi. These countries are often referred to as The GCC States.\r\n', 'Active'),
(217, '73', NULL, 'Entomology is the science that studies', 'Behavior of human beings', 'Insects', 'The origin and history of technical and scientific terms', 'The formation of rocks', 'Insects', 'Entomology: The branch of zoology concerned with the study of insects. ', 'Active'),
(218, '73', NULL, 'First human heart transplant operation conducted by Dr. Christiaan Barnard on Louis Washkansky, was conducted in', '1967', '1968', '1958', '1922', '1967', '\r\n\r\nLouis Washkansky (1913 - 21 December 1967) was the recipient of the world\'s first human heart transplant.\r\n\r\nWashkansky died of double pneumonia eighteen days after the transplant because of a weakened immune system.\r\n', 'Active'),
(219, '73', NULL, 'Gulf cooperation council was originally formed by', 'Bahrain, Kuwait, Oman, Qatar, Saudi Arabia and United Arab Emirates', 'Second World Nations', 'Third World Nations', 'Fourth World Nations', 'Bahrain, Kuwait, Oman, Qatar, Saudi Arabia and United Arab Emirates', 'Gulf cooperation council was created on May 25, 1981, the 630-million-acre (2,500,000 km2) Council comprises the Persian Gulf states of Bahrain, Kuwait, Oman, Qatar, Saudi Arabia and the United Arab Emirates.\r\n\r\nThe unified economic agreement between the countries of the Gulf Cooperation Council was signed on November 11, 1981 in Abu Dhabi. These countries are often referred to as The GCC States.\r\n', 'Active'),
(220, '74', NULL, 'Entomology is the science that studies', 'Behavior of human beings', 'Insects', 'The origin and history of technical and scientific terms', 'The formation of rocks', 'Insects', 'Entomology: The branch of zoology concerned with the study of insects. ', 'Active'),
(221, '74', NULL, 'First human heart transplant operation conducted by Dr. Christiaan Barnard on Louis Washkansky, was conducted in', '1967', '1968', '1958', '1922', '1967', '\r\n\r\nLouis Washkansky (1913 - 21 December 1967) was the recipient of the world\'s first human heart transplant.\r\n\r\nWashkansky died of double pneumonia eighteen days after the transplant because of a weakened immune system.\r\n', 'Active'),
(222, '74', NULL, 'Gulf cooperation council was originally formed by', 'Bahrain, Kuwait, Oman, Qatar, Saudi Arabia and United Arab Emirates', 'Second World Nations', 'Third World Nations', 'Fourth World Nations', 'Bahrain, Kuwait, Oman, Qatar, Saudi Arabia and United Arab Emirates', 'Gulf cooperation council was created on May 25, 1981, the 630-million-acre (2,500,000 km2) Council comprises the Persian Gulf states of Bahrain, Kuwait, Oman, Qatar, Saudi Arabia and the United Arab Emirates.\r\n\r\nThe unified economic agreement between the countries of the Gulf Cooperation Council was signed on November 11, 1981 in Abu Dhabi. These countries are often referred to as The GCC States.\r\n', 'Active'),
(223, '75', NULL, 'Entomology is the science that studies', 'Behavior of human beings', 'Insects', 'The origin and history of technical and scientific terms', 'The formation of rocks', 'Insects', 'Entomology: The branch of zoology concerned with the study of insects. ', 'Active'),
(224, '75', NULL, 'First human heart transplant operation conducted by Dr. Christiaan Barnard on Louis Washkansky, was conducted in', '1967', '1968', '1958', '1922', '1967', '\r\n\r\nLouis Washkansky (1913 - 21 December 1967) was the recipient of the world\'s first human heart transplant.\r\n\r\nWashkansky died of double pneumonia eighteen days after the transplant because of a weakened immune system.\r\n', 'Active'),
(225, '75', NULL, 'Gulf cooperation council was originally formed by', 'Bahrain, Kuwait, Oman, Qatar, Saudi Arabia and United Arab Emirates', 'Second World Nations', 'Third World Nations', 'Fourth World Nations', 'Bahrain, Kuwait, Oman, Qatar, Saudi Arabia and United Arab Emirates', 'Gulf cooperation council was created on May 25, 1981, the 630-million-acre (2,500,000 km2) Council comprises the Persian Gulf states of Bahrain, Kuwait, Oman, Qatar, Saudi Arabia and the United Arab Emirates.\r\n\r\nThe unified economic agreement between the countries of the Gulf Cooperation Council was signed on November 11, 1981 in Abu Dhabi. These countries are often referred to as The GCC States.\r\n', 'Active'),
(226, '76', NULL, 'Entomology is the science that studies', 'Behavior of human beings', 'Insects', 'The origin and history of technical and scientific terms', 'The formation of rocks', 'Insects', 'Entomology: The branch of zoology concerned with the study of insects. ', 'Active'),
(227, '76', NULL, 'First human heart transplant operation conducted by Dr. Christiaan Barnard on Louis Washkansky, was conducted in', '1967', '1968', '1958', '1922', '1967', '\r\n\r\nLouis Washkansky (1913 - 21 December 1967) was the recipient of the world\'s first human heart transplant.\r\n\r\nWashkansky died of double pneumonia eighteen days after the transplant because of a weakened immune system.\r\n', 'Active'),
(228, '76', NULL, 'Gulf cooperation council was originally formed by', 'Bahrain, Kuwait, Oman, Qatar, Saudi Arabia and United Arab Emirates', 'Second World Nations', 'Third World Nations', 'Fourth World Nations', 'Bahrain, Kuwait, Oman, Qatar, Saudi Arabia and United Arab Emirates', 'Gulf cooperation council was created on May 25, 1981, the 630-million-acre (2,500,000 km2) Council comprises the Persian Gulf states of Bahrain, Kuwait, Oman, Qatar, Saudi Arabia and the United Arab Emirates.\r\n\r\nThe unified economic agreement between the countries of the Gulf Cooperation Council was signed on November 11, 1981 in Abu Dhabi. These countries are often referred to as The GCC States.\r\n', 'Active'),
(229, '77', NULL, 'Entomology is the science that studies', 'Behavior of human beings', 'Insects', 'The origin and history of technical and scientific terms', 'The formation of rocks', 'Insects', 'Entomology: The branch of zoology concerned with the study of insects. ', 'Active'),
(230, '77', NULL, 'First human heart transplant operation conducted by Dr. Christiaan Barnard on Louis Washkansky, was conducted in', '1967', '1968', '1958', '1922', '1967', '\r\n\r\nLouis Washkansky (1913 - 21 December 1967) was the recipient of the world\'s first human heart transplant.\r\n\r\nWashkansky died of double pneumonia eighteen days after the transplant because of a weakened immune system.\r\n', 'Active'),
(231, '77', NULL, 'Gulf cooperation council was originally formed by', 'Bahrain, Kuwait, Oman, Qatar, Saudi Arabia and United Arab Emirates', 'Second World Nations', 'Third World Nations', 'Fourth World Nations', 'Bahrain, Kuwait, Oman, Qatar, Saudi Arabia and United Arab Emirates', 'Gulf cooperation council was created on May 25, 1981, the 630-million-acre (2,500,000 km2) Council comprises the Persian Gulf states of Bahrain, Kuwait, Oman, Qatar, Saudi Arabia and the United Arab Emirates.\r\n\r\nThe unified economic agreement between the countries of the Gulf Cooperation Council was signed on November 11, 1981 in Abu Dhabi. These countries are often referred to as The GCC States.\r\n', 'Active'),
(232, '78', NULL, 'Entomology is the science that studies', 'Behavior of human beings', 'Insects', 'The origin and history of technical and scientific terms', 'The formation of rocks', 'Insects', 'Entomology: The branch of zoology concerned with the study of insects. ', 'Active'),
(233, '78', NULL, 'First human heart transplant operation conducted by Dr. Christiaan Barnard on Louis Washkansky, was conducted in', '1967', '1968', '1958', '1922', '1967', '\r\n\r\nLouis Washkansky (1913 - 21 December 1967) was the recipient of the world\'s first human heart transplant.\r\n\r\nWashkansky died of double pneumonia eighteen days after the transplant because of a weakened immune system.\r\n', 'Active'),
(234, '78', NULL, 'Gulf cooperation council was originally formed by', 'Bahrain, Kuwait, Oman, Qatar, Saudi Arabia and United Arab Emirates', 'Second World Nations', 'Third World Nations', 'Fourth World Nations', 'Bahrain, Kuwait, Oman, Qatar, Saudi Arabia and United Arab Emirates', 'Gulf cooperation council was created on May 25, 1981, the 630-million-acre (2,500,000 km2) Council comprises the Persian Gulf states of Bahrain, Kuwait, Oman, Qatar, Saudi Arabia and the United Arab Emirates.\r\n\r\nThe unified economic agreement between the countries of the Gulf Cooperation Council was signed on November 11, 1981 in Abu Dhabi. These countries are often referred to as The GCC States.\r\n', 'Active'),
(235, '79', NULL, 'Entomology is the science that studies', 'Behavior of human beings', 'Insects', 'The origin and history of technical and scientific terms', 'The formation of rocks', 'Insects', 'Entomology: The branch of zoology concerned with the study of insects. ', 'Active'),
(236, '79', NULL, 'First human heart transplant operation conducted by Dr. Christiaan Barnard on Louis Washkansky, was conducted in', '1967', '1968', '1958', '1922', '1967', '\r\n\r\nLouis Washkansky (1913 - 21 December 1967) was the recipient of the world\'s first human heart transplant.\r\n\r\nWashkansky died of double pneumonia eighteen days after the transplant because of a weakened immune system.\r\n', 'Active'),
(237, '79', NULL, 'Gulf cooperation council was originally formed by', 'Bahrain, Kuwait, Oman, Qatar, Saudi Arabia and United Arab Emirates', 'Second World Nations', 'Third World Nations', 'Fourth World Nations', 'Bahrain, Kuwait, Oman, Qatar, Saudi Arabia and United Arab Emirates', 'Gulf cooperation council was created on May 25, 1981, the 630-million-acre (2,500,000 km2) Council comprises the Persian Gulf states of Bahrain, Kuwait, Oman, Qatar, Saudi Arabia and the United Arab Emirates.\r\n\r\nThe unified economic agreement between the countries of the Gulf Cooperation Council was signed on November 11, 1981 in Abu Dhabi. These countries are often referred to as The GCC States.\r\n', 'Active'),
(238, '80', NULL, 'Entomology is the science that studies', 'Behavior of human beings', 'Insects', 'The origin and history of technical and scientific terms', 'The formation of rocks', 'Insects', 'Entomology: The branch of zoology concerned with the study of insects. ', 'Active'),
(239, '80', NULL, 'First human heart transplant operation conducted by Dr. Christiaan Barnard on Louis Washkansky, was conducted in', '1967', '1968', '1958', '1922', '1967', '\r\n\r\nLouis Washkansky (1913 - 21 December 1967) was the recipient of the world\'s first human heart transplant.\r\n\r\nWashkansky died of double pneumonia eighteen days after the transplant because of a weakened immune system.\r\n', 'Active'),
(240, '80', NULL, 'Gulf cooperation council was originally formed by', 'Bahrain, Kuwait, Oman, Qatar, Saudi Arabia and United Arab Emirates', 'Second World Nations', 'Third World Nations', 'Fourth World Nations', 'Bahrain, Kuwait, Oman, Qatar, Saudi Arabia and United Arab Emirates', 'Gulf cooperation council was created on May 25, 1981, the 630-million-acre (2,500,000 km2) Council comprises the Persian Gulf states of Bahrain, Kuwait, Oman, Qatar, Saudi Arabia and the United Arab Emirates.\r\n\r\nThe unified economic agreement between the countries of the Gulf Cooperation Council was signed on November 11, 1981 in Abu Dhabi. These countries are often referred to as The GCC States.\r\n', 'Active');

-- --------------------------------------------------------

--
-- Table structure for table `gatavarshichya_prashna_patrika_year`
--

CREATE TABLE `gatavarshichya_prashna_patrika_year` (
  `year_id` int(11) NOT NULL,
  `question_paper_id` text DEFAULT NULL,
  `question_paper_year` text DEFAULT NULL,
  `status` text DEFAULT NULL,
  `created_on` text DEFAULT NULL
) ENGINE=InnoDB DEFAULT CHARSET=utf8mb4;

--
-- Dumping data for table `gatavarshichya_prashna_patrika_year`
--

INSERT INTO `gatavarshichya_prashna_patrika_year` (`year_id`, `question_paper_id`, `question_paper_year`, `status`, `created_on`) VALUES
(1, '26', '2019', 'Active', NULL),
(2, '26', '2018', 'Active', NULL),
(3, '27', '2019', 'Active', NULL),
(4, '27', '2018', 'Active', NULL),
(5, '28', '2019', 'Active', NULL),
(6, '28', '2018', 'Active', NULL),
(7, '29', '2019', 'Active', NULL),
(8, '29', '2018', 'Active', NULL),
(9, '30', '2019', 'Active', NULL),
(10, '30', '2018', 'Active', NULL),
(11, '31', '2019', 'Active', NULL),
(12, '31', '2018', 'Active', NULL),
(13, '32', '2019', 'Active', NULL),
(14, '32', '2018', 'Active', NULL),
(15, '33', '2019', 'Active', NULL),
(16, '33', '2018', 'Active', NULL),
(17, '34', '2019', 'Active', NULL),
(18, '34', '2018', 'Active', NULL),
(19, '35', '2019', 'Active', NULL),
(20, '35', '2018', 'Active', NULL),
(21, '36', '2019', 'Active', NULL),
(22, '36', '2018', 'Active', NULL),
(23, '37', '2019', 'Active', NULL),
(24, '37', '2018', 'Active', NULL),
(25, '38', '2019', 'Active', NULL),
(26, '38', '2018', 'Active', NULL),
(27, '39', '2019', 'Active', NULL),
(28, '39', '2018', 'Active', NULL),
(29, '40', '2019', 'Active', NULL),
(30, '40', '2018', 'Active', NULL),
(31, '41', '2019', 'Active', NULL),
(32, '41', '2018', 'Active', NULL),
(33, '42', '2019', 'Active', NULL),
(34, '42', '2018', 'Active', NULL),
(35, '43', '2019', 'Active', NULL),
(36, '43', '2018', 'Active', NULL),
(37, '44', '2019', 'Active', NULL),
(38, '44', '2018', 'Active', NULL),
(39, '45', '2019', 'Active', NULL),
(40, '45', '2018', 'Active', NULL);

-- --------------------------------------------------------

--
-- Table structure for table `gatavarshichya_prashna_patrika_year_title`
--

CREATE TABLE `gatavarshichya_prashna_patrika_year_title` (
  `question_papers_id` int(11) NOT NULL,
  `question_paper_year` text DEFAULT NULL,
  `paper_title` text DEFAULT NULL,
  `total_questions` text DEFAULT NULL,
  `duration` text DEFAULT NULL,
  `instructions` text DEFAULT NULL,
  `pdf_url` text DEFAULT NULL,
  `correct_answer_mark` decimal(10,2) DEFAULT 0.00,
  `wrong_answer_mark` decimal(10,2) DEFAULT 0.00,
  `status` text DEFAULT NULL,
  `created_on` text DEFAULT NULL,
  `updated_on` text DEFAULT NULL
) ENGINE=InnoDB DEFAULT CHARSET=utf8mb4;

--
-- Dumping data for table `gatavarshichya_prashna_patrika_year_title`
--

INSERT INTO `gatavarshichya_prashna_patrika_year_title` (`question_papers_id`, `question_paper_year`, `paper_title`, `total_questions`, `duration`, `instructions`, `pdf_url`, `correct_answer_mark`, `wrong_answer_mark`, `status`, `created_on`, `updated_on`) VALUES
(1, '1', 'पोलीस उपत्रिरीक्षक पूवव परीक्षा 2019', '3', '2', '1) Before beginning the exam Log out of\r\nBlackboard and then back in to Blackboard\r\nbefore you begin.\r\n2) If you are taking the exam late in the day.\r\n3) It is recommended that you reboot your\r\ncomputer before beginning to free up memory\r\nresources from other programs on your\r\ncomputer.', 'pdf1.pdf', NULL, NULL, 'Active', NULL, NULL),
(2, '1', 'पोलीस उपनिरीक्षक मुख्य परीक्षा 2015 ● सराव प्रश्नसंच ● पोलीस उपत्रिरीक्षक (PSI) ● 2016 पेपर 1', '3', '2', NULL, 'pdf1.pdf', NULL, NULL, 'Active', NULL, NULL),
(3, '2', 'पोलीस उपनिरीक्षक मुख्य परीक्षा 2015 ● माससके ● सलनपक ● 2014 पेपर 2', '3', '3', NULL, NULL, NULL, NULL, 'Active', NULL, NULL),
(4, '2', 'पोलीस उपत्रिरीक्षक पूवव परीक्षा 2019', '3', '2', NULL, NULL, NULL, NULL, 'Active', NULL, NULL),
(5, '3', 'पोलीस उपनिरीक्षक मुख्य परीक्षा 2015 ● माससके ● सलनपक ● 2014 पेपर 2', '3', '3', NULL, NULL, NULL, NULL, 'Active', NULL, NULL),
(6, '3', 'पोलीस उपत्रिरीक्षक पूवव परीक्षा 2019', '3', '2', NULL, NULL, NULL, NULL, 'Active', NULL, NULL),
(7, '4', 'पोलीस उपनिरीक्षक मुख्य परीक्षा 2015 ● माससके ● सलनपक ● 2014 पेपर 2', '3', '3', NULL, NULL, NULL, NULL, 'Active', NULL, NULL),
(8, '4', 'पोलीस उपत्रिरीक्षक पूवव परीक्षा 2019', '3', '2', NULL, NULL, NULL, NULL, 'Active', NULL, NULL),
(9, '5', 'पोलीस उपनिरीक्षक मुख्य परीक्षा 2015 ● माससके ● सलनपक ● 2014 पेपर 2', '3', '3', NULL, NULL, NULL, NULL, 'Active', NULL, NULL),
(10, '5', 'पोलीस उपत्रिरीक्षक पूवव परीक्षा 2019', '3', '2', NULL, NULL, NULL, NULL, 'Active', NULL, NULL),
(11, '6', 'पोलीस उपनिरीक्षक मुख्य परीक्षा 2015 ● माससके ● सलनपक ● 2014 पेपर 2', '3', '3', NULL, NULL, NULL, NULL, 'Active', NULL, NULL),
(12, '6', 'पोलीस उपत्रिरीक्षक पूवव परीक्षा 2019', '3', '2', NULL, NULL, NULL, NULL, 'Active', NULL, NULL),
(13, '7', 'पोलीस उपनिरीक्षक मुख्य परीक्षा 2015 ● माससके ● सलनपक ● 2014 पेपर 2', '3', '3', NULL, NULL, NULL, NULL, 'Active', NULL, NULL),
(14, '7', 'पोलीस उपत्रिरीक्षक पूवव परीक्षा 2019', '3', '2', NULL, NULL, NULL, NULL, 'Active', NULL, NULL),
(15, '8', 'पोलीस उपनिरीक्षक मुख्य परीक्षा 2015 ● माससके ● सलनपक ● 2014 पेपर 2', '3', '3', NULL, NULL, NULL, NULL, 'Active', NULL, NULL),
(16, '8', 'पोलीस उपत्रिरीक्षक पूवव परीक्षा 2019', '3', '2', NULL, NULL, NULL, NULL, 'Active', NULL, NULL),
(17, '9', 'पोलीस उपनिरीक्षक मुख्य परीक्षा 2015 ● माससके ● सलनपक ● 2014 पेपर 2', '3', '3', NULL, NULL, NULL, NULL, 'Active', NULL, NULL),
(18, '9', 'पोलीस उपत्रिरीक्षक पूवव परीक्षा 2019', '3', '2', NULL, NULL, NULL, NULL, 'Active', NULL, NULL),
(19, '10', 'पोलीस उपनिरीक्षक मुख्य परीक्षा 2015 ● माससके ● सलनपक ● 2014 पेपर 2', '3', '3', NULL, NULL, NULL, NULL, 'Active', NULL, NULL),
(20, '10', 'पोलीस उपत्रिरीक्षक पूवव परीक्षा 2019', '3', '2', NULL, NULL, NULL, NULL, 'Active', NULL, NULL),
(21, '11', 'पोलीस उपनिरीक्षक मुख्य परीक्षा 2015 ● माससके ● सलनपक ● 2014 पेपर 2', '3', '3', NULL, NULL, NULL, NULL, 'Active', NULL, NULL),
(22, '11', 'पोलीस उपत्रिरीक्षक पूवव परीक्षा 2019', '3', '2', NULL, NULL, NULL, NULL, 'Active', NULL, NULL),
(23, '12', 'पोलीस उपनिरीक्षक मुख्य परीक्षा 2015 ● माससके ● सलनपक ● 2014 पेपर 2', '3', '3', NULL, NULL, NULL, NULL, 'Active', NULL, NULL),
(24, '12', 'पोलीस उपत्रिरीक्षक पूवव परीक्षा 2019', '3', '2', NULL, NULL, NULL, NULL, 'Active', NULL, NULL),
(25, '13', 'पोलीस उपनिरीक्षक मुख्य परीक्षा 2015 ● माससके ● सलनपक ● 2014 पेपर 2', '3', '3', NULL, NULL, NULL, NULL, 'Active', NULL, NULL),
(26, '13', 'पोलीस उपत्रिरीक्षक पूवव परीक्षा 2019', '3', '2', NULL, NULL, NULL, NULL, 'Active', NULL, NULL),
(27, '14', 'पोलीस उपनिरीक्षक मुख्य परीक्षा 2015 ● माससके ● सलनपक ● 2014 पेपर 2', '3', '3', NULL, NULL, NULL, NULL, 'Active', NULL, NULL),
(28, '14', 'पोलीस उपत्रिरीक्षक पूवव परीक्षा 2019', '3', '2', NULL, NULL, NULL, NULL, 'Active', NULL, NULL),
(29, '15', 'पोलीस उपनिरीक्षक मुख्य परीक्षा 2015 ● माससके ● सलनपक ● 2014 पेपर 2', '3', '3', NULL, NULL, NULL, NULL, 'Active', NULL, NULL),
(30, '15', 'पोलीस उपत्रिरीक्षक पूवव परीक्षा 2019', '3', '2', NULL, NULL, NULL, NULL, 'Active', NULL, NULL),
(31, '16', 'पोलीस उपनिरीक्षक मुख्य परीक्षा 2015 ● माससके ● सलनपक ● 2014 पेपर 2', '3', '3', NULL, NULL, NULL, NULL, 'Active', NULL, NULL),
(32, '16', 'पोलीस उपत्रिरीक्षक पूवव परीक्षा 2019', '3', '2', NULL, NULL, NULL, NULL, 'Active', NULL, NULL),
(33, '17', 'पोलीस उपनिरीक्षक मुख्य परीक्षा 2015 ● माससके ● सलनपक ● 2014 पेपर 2', '3', '3', NULL, NULL, NULL, NULL, 'Active', NULL, NULL),
(34, '17', 'पोलीस उपत्रिरीक्षक पूवव परीक्षा 2019', '3', '2', NULL, NULL, NULL, NULL, 'Active', NULL, NULL),
(35, '18', 'पोलीस उपनिरीक्षक मुख्य परीक्षा 2015 ● माससके ● सलनपक ● 2014 पेपर 2', '3', '3', NULL, NULL, NULL, NULL, 'Active', NULL, NULL),
(36, '18', 'पोलीस उपत्रिरीक्षक पूवव परीक्षा 2019', '3', '2', NULL, NULL, NULL, NULL, 'Active', NULL, NULL),
(37, '19', 'पोलीस उपनिरीक्षक मुख्य परीक्षा 2015 ● माससके ● सलनपक ● 2014 पेपर 2', '3', '3', NULL, NULL, NULL, NULL, 'Active', NULL, NULL),
(38, '19', 'पोलीस उपत्रिरीक्षक पूवव परीक्षा 2019', '3', '2', NULL, NULL, NULL, NULL, 'Active', NULL, NULL),
(39, '20', 'पोलीस उपनिरीक्षक मुख्य परीक्षा 2015 ● माससके ● सलनपक ● 2014 पेपर 2', '3', '3', NULL, NULL, NULL, NULL, 'Active', NULL, NULL),
(40, '20', 'पोलीस उपत्रिरीक्षक पूवव परीक्षा 2019', '3', '2', NULL, NULL, NULL, NULL, 'Active', NULL, NULL),
(41, '21', 'पोलीस उपनिरीक्षक मुख्य परीक्षा 2015 ● माससके ● सलनपक ● 2014 पेपर 2', '3', '3', NULL, NULL, NULL, NULL, 'Active', NULL, NULL),
(42, '21', 'पोलीस उपत्रिरीक्षक पूवव परीक्षा 2019', '3', '2', NULL, NULL, NULL, NULL, 'Active', NULL, NULL),
(43, '22', 'पोलीस उपनिरीक्षक मुख्य परीक्षा 2015 ● माससके ● सलनपक ● 2014 पेपर 2', '3', '3', NULL, NULL, NULL, NULL, 'Active', NULL, NULL),
(44, '22', 'पोलीस उपत्रिरीक्षक पूवव परीक्षा 2019', '3', '2', NULL, NULL, NULL, NULL, 'Active', NULL, NULL),
(45, '23', 'पोलीस उपनिरीक्षक मुख्य परीक्षा 2015 ● माससके ● सलनपक ● 2014 पेपर 2', '3', '3', NULL, NULL, NULL, NULL, 'Active', NULL, NULL),
(46, '23', 'पोलीस उपत्रिरीक्षक पूवव परीक्षा 2019', '3', '2', NULL, NULL, NULL, NULL, 'Active', NULL, NULL),
(47, '24', 'पोलीस उपनिरीक्षक मुख्य परीक्षा 2015 ● माससके ● सलनपक ● 2014 पेपर 2', '3', '3', NULL, NULL, NULL, NULL, 'Active', NULL, NULL),
(48, '24', 'पोलीस उपत्रिरीक्षक पूवव परीक्षा 2019', '3', '2', NULL, NULL, NULL, NULL, 'Active', NULL, NULL),
(49, '25', 'पोलीस उपनिरीक्षक मुख्य परीक्षा 2015 ● माससके ● सलनपक ● 2014 पेपर 2', '3', '3', NULL, NULL, NULL, NULL, 'Active', NULL, NULL),
(50, '25', 'पोलीस उपत्रिरीक्षक पूवव परीक्षा 2019', '3', '2', NULL, NULL, NULL, NULL, 'Active', NULL, NULL),
(51, '26', 'पोलीस उपनिरीक्षक मुख्य परीक्षा 2015 ● माससके ● सलनपक ● 2014 पेपर 2', '3', '3', NULL, NULL, NULL, NULL, 'Active', NULL, NULL),
(52, '26', 'पोलीस उपत्रिरीक्षक पूवव परीक्षा 2019', '3', '2', NULL, NULL, NULL, NULL, 'Active', NULL, NULL),
(53, '27', 'पोलीस उपनिरीक्षक मुख्य परीक्षा 2015 ● माससके ● सलनपक ● 2014 पेपर 2', '3', '3', NULL, NULL, NULL, NULL, 'Active', NULL, NULL),
(54, '27', 'पोलीस उपत्रिरीक्षक पूवव परीक्षा 2019', '3', '2', NULL, NULL, NULL, NULL, 'Active', NULL, NULL),
(55, '28', 'पोलीस उपनिरीक्षक मुख्य परीक्षा 2015 ● माससके ● सलनपक ● 2014 पेपर 2', '3', '3', NULL, NULL, NULL, NULL, 'Active', NULL, NULL),
(56, '28', 'पोलीस उपत्रिरीक्षक पूवव परीक्षा 2019', '3', '2', NULL, NULL, NULL, NULL, 'Active', NULL, NULL),
(57, '29', 'पोलीस उपनिरीक्षक मुख्य परीक्षा 2015 ● माससके ● सलनपक ● 2014 पेपर 2', '3', '3', NULL, NULL, NULL, NULL, 'Active', NULL, NULL),
(58, '29', 'पोलीस उपत्रिरीक्षक पूवव परीक्षा 2019', '3', '2', NULL, NULL, NULL, NULL, 'Active', NULL, NULL),
(59, '30', 'पोलीस उपनिरीक्षक मुख्य परीक्षा 2015 ● माससके ● सलनपक ● 2014 पेपर 2', '3', '3', NULL, NULL, NULL, NULL, 'Active', NULL, NULL),
(60, '30', 'पोलीस उपत्रिरीक्षक पूवव परीक्षा 2019', '3', '2', NULL, NULL, NULL, NULL, 'Active', NULL, NULL),
(61, '31', 'पोलीस उपनिरीक्षक मुख्य परीक्षा 2015 ● माससके ● सलनपक ● 2014 पेपर 2', '3', '3', NULL, NULL, NULL, NULL, 'Active', NULL, NULL),
(62, '31', 'पोलीस उपत्रिरीक्षक पूवव परीक्षा 2019', '3', '2', NULL, NULL, NULL, NULL, 'Active', NULL, NULL),
(63, '32', 'पोलीस उपनिरीक्षक मुख्य परीक्षा 2015 ● माससके ● सलनपक ● 2014 पेपर 2', '3', '3', NULL, NULL, NULL, NULL, 'Active', NULL, NULL),
(64, '32', 'पोलीस उपत्रिरीक्षक पूवव परीक्षा 2019', '3', '2', NULL, NULL, NULL, NULL, 'Active', NULL, NULL),
(65, '33', 'पोलीस उपनिरीक्षक मुख्य परीक्षा 2015 ● माससके ● सलनपक ● 2014 पेपर 2', '3', '3', NULL, NULL, NULL, NULL, 'Active', NULL, NULL),
(66, '33', 'पोलीस उपत्रिरीक्षक पूवव परीक्षा 2019', '3', '2', NULL, NULL, NULL, NULL, 'Active', NULL, NULL),
(67, '34', 'पोलीस उपनिरीक्षक मुख्य परीक्षा 2015 ● माससके ● सलनपक ● 2014 पेपर 2', '3', '3', NULL, NULL, NULL, NULL, 'Active', NULL, NULL),
(68, '34', 'पोलीस उपत्रिरीक्षक पूवव परीक्षा 2019', '3', '2', NULL, NULL, NULL, NULL, 'Active', NULL, NULL),
(69, '35', 'पोलीस उपनिरीक्षक मुख्य परीक्षा 2015 ● माससके ● सलनपक ● 2014 पेपर 2', '3', '3', NULL, NULL, NULL, NULL, 'Active', NULL, NULL),
(70, '35', 'पोलीस उपत्रिरीक्षक पूवव परीक्षा 2019', '3', '2', NULL, NULL, NULL, NULL, 'Active', NULL, NULL),
(71, '36', 'पोलीस उपनिरीक्षक मुख्य परीक्षा 2015 ● माससके ● सलनपक ● 2014 पेपर 2', '3', '3', NULL, NULL, NULL, NULL, 'Active', NULL, NULL),
(72, '36', 'पोलीस उपत्रिरीक्षक पूवव परीक्षा 2019', '3', '2', NULL, NULL, NULL, NULL, 'Active', NULL, NULL),
(73, '37', 'पोलीस उपनिरीक्षक मुख्य परीक्षा 2015 ● माससके ● सलनपक ● 2014 पेपर 2', '3', '3', NULL, NULL, NULL, NULL, 'Active', NULL, NULL),
(74, '37', 'पोलीस उपत्रिरीक्षक पूवव परीक्षा 2019', '3', '2', NULL, NULL, NULL, NULL, 'Active', NULL, NULL),
(75, '38', 'पोलीस उपनिरीक्षक मुख्य परीक्षा 2015 ● माससके ● सलनपक ● 2014 पेपर 2', '3', '3', NULL, NULL, NULL, NULL, 'Active', NULL, NULL),
(76, '38', 'पोलीस उपत्रिरीक्षक पूवव परीक्षा 2019', '3', '2', NULL, NULL, NULL, NULL, 'Active', NULL, NULL),
(77, '39', 'पोलीस उपनिरीक्षक मुख्य परीक्षा 2015 ● माससके ● सलनपक ● 2014 पेपर 2', '3', '3', NULL, NULL, NULL, NULL, 'Active', NULL, NULL),
(78, '39', 'पोलीस उपत्रिरीक्षक पूवव परीक्षा 2019', '3', '2', NULL, NULL, NULL, NULL, 'Active', NULL, NULL),
(79, '40', 'पोलीस उपनिरीक्षक मुख्य परीक्षा 2015 ● माससके ● सलनपक ● 2014 पेपर 2', '3', '3', NULL, NULL, NULL, NULL, 'Active', NULL, NULL),
(80, '40', 'पोलीस उपत्रिरीक्षक पूवव परीक्षा 2019', '3', '2', NULL, NULL, NULL, NULL, 'Active', NULL, NULL);

-- --------------------------------------------------------

--
-- Table structure for table `job_alert`
--

CREATE TABLE `job_alert` (
  `job_alert_id` int(11) NOT NULL,
  `selected_exams_id` text DEFAULT NULL,
  `job_title` text DEFAULT NULL,
  `job_description` text DEFAULT NULL,
  `job_apply_link` text DEFAULT NULL,
  `job_poster` text DEFAULT NULL,
  `pdf_url` text DEFAULT NULL,
  `status` text DEFAULT NULL,
  `created_on` text DEFAULT NULL
) ENGINE=InnoDB DEFAULT CHARSET=utf8mb4;

--
-- Dumping data for table `job_alert`
--

INSERT INTO `job_alert` (`job_alert_id`, `selected_exams_id`, `job_title`, `job_description`, `job_apply_link`, `job_poster`, `pdf_url`, `status`, `created_on`) VALUES
(1, '2', 'Maharashtra Postal Circle Postman, Mail Guard & MTS Last Date Extended\r\n\r\nRead more: Maharashtra Postal Circle 2020 - 1371 Postman, Mail Guard & MTS Last Date Extended http://www.freejobalert.com/maharashtra-postal-circle/9830/#ixzz6adbY21go\r\n', '<html>\r\n<body>\r\n\r\n<h2>HTML Forms</h2>\r\n\r\n<form action=\"/action_page.php\">\r\n  <label for=\"fname\">First name:</label><br>\r\n  <input type=\"text\" id=\"fname\" name=\"fname\" value=\"John\"><br>\r\n  <label for=\"lname\">Last name:</label><br>\r\n  <input type=\"text\" id=\"lname\" name=\"lname\" value=\"Doe\"><br><br>\r\n  <input type=\"submit\" value=\"Submit\">\r\n</form> \r\n\r\n<p>If you click the \"Submit\" button, the form-data will be sent to a page called \"/action_page.php\".</p>\r\n\r\n</body>\r\n</html>\r\n', 'http://www.google.com', 'job1.png', 'pdf1.pdf', 'Active', NULL),
(2, '1', 'Maharashtra Postal Circle Postman, Mail Guard & MTS Last Date Extended\r\n\r\nRead more: Maharashtra Postal Circle 2020 - 1371 Postman, Mail Guard & MTS Last Date Extended http://www.freejobalert.com/maharashtra-postal-circle/9830/#ixzz6adbY21go\r\n', '<html>\r\n<body>\r\n\r\n<h2>HTML Forms</h2>\r\n\r\n<form action=\"/action_page.php\">\r\n  <label for=\"fname\">First name:</label><br>\r\n  <input type=\"text\" id=\"fname\" name=\"fname\" value=\"John\"><br>\r\n  <label for=\"lname\">Last name:</label><br>\r\n  <input type=\"text\" id=\"lname\" name=\"lname\" value=\"Doe\"><br><br>\r\n  <input type=\"submit\" value=\"Submit\">\r\n</form> \r\n\r\n<p>If you click the \"Submit\" button, the form-data will be sent to a page called \"/action_page.php\".</p>\r\n\r\n</body>\r\n</html>\r\n', 'http://www.google.com', 'job1.png', 'pdf1.pdf', 'Active', NULL),
(3, '3', 'Maharashtra Postal Circle Postman, Mail Guard & MTS Last Date Extended\r\n\r\nRead more: Maharashtra Postal Circle 2020 - 1371 Postman, Mail Guard & MTS Last Date Extended http://www.freejobalert.com/maharashtra-postal-circle/9830/#ixzz6adbY21go\r\n', '<html>\r\n<body>\r\n\r\n<h2>HTML Forms</h2>\r\n\r\n<form action=\"/action_page.php\">\r\n  <label for=\"fname\">First name:</label><br>\r\n  <input type=\"text\" id=\"fname\" name=\"fname\" value=\"John\"><br>\r\n  <label for=\"lname\">Last name:</label><br>\r\n  <input type=\"text\" id=\"lname\" name=\"lname\" value=\"Doe\"><br><br>\r\n  <input type=\"submit\" value=\"Submit\">\r\n</form> \r\n\r\n<p>If you click the \"Submit\" button, the form-data will be sent to a page called \"/action_page.php\".</p>\r\n\r\n</body>\r\n</html>\r\n', 'http://www.google.com', 'job1.png', 'pdf1.pdf', 'Active', NULL),
(4, '4', 'Maharashtra Postal Circle Postman, Mail Guard & MTS Last Date Extended\r\n\r\nRead more: Maharashtra Postal Circle 2020 - 1371 Postman, Mail Guard & MTS Last Date Extended http://www.freejobalert.com/maharashtra-postal-circle/9830/#ixzz6adbY21go\r\n', '<html>\r\n<body>\r\n\r\n<h2>HTML Forms</h2>\r\n\r\n<form action=\"/action_page.php\">\r\n  <label for=\"fname\">First name:</label><br>\r\n  <input type=\"text\" id=\"fname\" name=\"fname\" value=\"John\"><br>\r\n  <label for=\"lname\">Last name:</label><br>\r\n  <input type=\"text\" id=\"lname\" name=\"lname\" value=\"Doe\"><br><br>\r\n  <input type=\"submit\" value=\"Submit\">\r\n</form> \r\n\r\n<p>If you click the \"Submit\" button, the form-data will be sent to a page called \"/action_page.php\".</p>\r\n\r\n</body>\r\n</html>\r\n', 'http://www.google.com', 'job1.png', 'pdf1.pdf', 'Active', NULL);

-- --------------------------------------------------------

--
-- Table structure for table `masike`
--

CREATE TABLE `masike` (
  `masike_id` int(11) NOT NULL,
  `masike_category_id` text DEFAULT NULL,
  `title` text DEFAULT NULL,
  `description` text DEFAULT NULL,
  `image_url` text DEFAULT NULL,
  `pdf_url` text DEFAULT NULL,
  `status` text DEFAULT NULL,
  `created_on` text DEFAULT NULL
) ENGINE=InnoDB DEFAULT CHARSET=utf8mb4;

--
-- Dumping data for table `masike`
--

INSERT INTO `masike` (`masike_id`, `masike_category_id`, `title`, `description`, `image_url`, `pdf_url`, `status`, `created_on`) VALUES
(1, '1', 'चालू घडामोडी (२८ ऑक्टोबर २०२०)', 'अमेरिकेतील सर्वोच्च न्यायालयात विद्यमान अध्यक्ष डोनाल्ड ट्रम्प यानि शिफारक केलेल्या अमी कोणी ब्रेट यांची नियुक्ती झाली आहे.', 'study1.png', 'pdf1.pdf', 'Active', NULL),
(2, '1', 'चालू घडामोडी (२८ ऑक्टोबर २०२०)', 'अमेरिकेतील सर्वोच्च न्यायालयात विद्यमान अध्यक्ष डोनाल्ड ट्रम्प यानि शिफारक केलेल्या अमी कोणी ब्रेट यांची नियुक्ती झाली आहे.', 'study1.png', 'pdf1.pdf', 'Active', NULL),
(3, '2', 'चालू घडामोडी (२८ ऑक्टोबर २०२०)', 'अमेरिकेतील सर्वोच्च न्यायालयात विद्यमान अध्यक्ष डोनाल्ड ट्रम्प यानि शिफारक केलेल्या अमी कोणी ब्रेट यांची नियुक्ती झाली आहे.', 'study1.png', 'pdf1.pdf', 'Active', NULL),
(4, '2', 'चालू घडामोडी (२८ ऑक्टोबर २०२०)', 'अमेरिकेतील सर्वोच्च न्यायालयात विद्यमान अध्यक्ष डोनाल्ड ट्रम्प यानि शिफारक केलेल्या अमी कोणी ब्रेट यांची नियुक्ती झाली आहे.', 'study1.png', 'pdf1.pdf', 'Active', NULL),
(5, '3', 'चालू घडामोडी (२८ ऑक्टोबर २०२०)', 'अमेरिकेतील सर्वोच्च न्यायालयात विद्यमान अध्यक्ष डोनाल्ड ट्रम्प यानि शिफारक केलेल्या अमी कोणी ब्रेट यांची नियुक्ती झाली आहे.', 'study1.png', 'pdf1.pdf', 'Active', NULL),
(6, '3', 'चालू घडामोडी (२८ ऑक्टोबर २०२०)', 'अमेरिकेतील सर्वोच्च न्यायालयात विद्यमान अध्यक्ष डोनाल्ड ट्रम्प यानि शिफारक केलेल्या अमी कोणी ब्रेट यांची नियुक्ती झाली आहे.', 'study1.png', 'pdf1.pdf', 'Active', NULL),
(7, '4', 'चालू घडामोडी (२८ ऑक्टोबर २०२०)', 'अमेरिकेतील सर्वोच्च न्यायालयात विद्यमान अध्यक्ष डोनाल्ड ट्रम्प यानि शिफारक केलेल्या अमी कोणी ब्रेट यांची नियुक्ती झाली आहे.', 'study1.png', 'pdf1.pdf', 'Active', NULL),
(8, '4', 'चालू घडामोडी (२८ ऑक्टोबर २०२०)', 'अमेरिकेतील सर्वोच्च न्यायालयात विद्यमान अध्यक्ष डोनाल्ड ट्रम्प यानि शिफारक केलेल्या अमी कोणी ब्रेट यांची नियुक्ती झाली आहे.', 'study1.png', 'pdf1.pdf', 'Active', NULL),
(9, '5', 'चालू घडामोडी (२८ ऑक्टोबर २०२०)', 'अमेरिकेतील सर्वोच्च न्यायालयात विद्यमान अध्यक्ष डोनाल्ड ट्रम्प यानि शिफारक केलेल्या अमी कोणी ब्रेट यांची नियुक्ती झाली आहे.', 'study1.png', 'pdf1.pdf', 'Active', NULL),
(10, '5', 'चालू घडामोडी (२८ ऑक्टोबर २०२०)', 'अमेरिकेतील सर्वोच्च न्यायालयात विद्यमान अध्यक्ष डोनाल्ड ट्रम्प यानि शिफारक केलेल्या अमी कोणी ब्रेट यांची नियुक्ती झाली आहे.', 'study1.png', 'pdf1.pdf', 'Active', NULL),
(11, '6', 'चालू घडामोडी (२८ ऑक्टोबर २०२०)', 'अमेरिकेतील सर्वोच्च न्यायालयात विद्यमान अध्यक्ष डोनाल्ड ट्रम्प यानि शिफारक केलेल्या अमी कोणी ब्रेट यांची नियुक्ती झाली आहे.', 'study1.png', 'pdf1.pdf', 'Active', NULL),
(12, '6', 'चालू घडामोडी (२८ ऑक्टोबर २०२०)', 'अमेरिकेतील सर्वोच्च न्यायालयात विद्यमान अध्यक्ष डोनाल्ड ट्रम्प यानि शिफारक केलेल्या अमी कोणी ब्रेट यांची नियुक्ती झाली आहे.', 'study1.png', 'pdf1.pdf', 'Active', NULL),
(13, '7', 'चालू घडामोडी (२८ ऑक्टोबर २०२०)', 'अमेरिकेतील सर्वोच्च न्यायालयात विद्यमान अध्यक्ष डोनाल्ड ट्रम्प यानि शिफारक केलेल्या अमी कोणी ब्रेट यांची नियुक्ती झाली आहे.', 'study1.png', 'pdf1.pdf', 'Active', NULL),
(14, '7', 'चालू घडामोडी (२८ ऑक्टोबर २०२०)', 'अमेरिकेतील सर्वोच्च न्यायालयात विद्यमान अध्यक्ष डोनाल्ड ट्रम्प यानि शिफारक केलेल्या अमी कोणी ब्रेट यांची नियुक्ती झाली आहे.', 'study1.png', 'pdf1.pdf', 'Active', NULL),
(15, '8', 'चालू घडामोडी (२८ ऑक्टोबर २०२०)', 'अमेरिकेतील सर्वोच्च न्यायालयात विद्यमान अध्यक्ष डोनाल्ड ट्रम्प यानि शिफारक केलेल्या अमी कोणी ब्रेट यांची नियुक्ती झाली आहे.', 'study1.png', 'pdf1.pdf', 'Active', NULL),
(16, '8', 'चालू घडामोडी (२८ ऑक्टोबर २०२०)', 'अमेरिकेतील सर्वोच्च न्यायालयात विद्यमान अध्यक्ष डोनाल्ड ट्रम्प यानि शिफारक केलेल्या अमी कोणी ब्रेट यांची नियुक्ती झाली आहे.', 'study1.png', 'pdf1.pdf', 'Active', NULL),
(17, '9', 'चालू घडामोडी (२८ ऑक्टोबर २०२०)', 'अमेरिकेतील सर्वोच्च न्यायालयात विद्यमान अध्यक्ष डोनाल्ड ट्रम्प यानि शिफारक केलेल्या अमी कोणी ब्रेट यांची नियुक्ती झाली आहे.', 'study1.png', 'pdf1.pdf', 'Active', NULL),
(18, '9', 'चालू घडामोडी (२८ ऑक्टोबर २०२०)', 'अमेरिकेतील सर्वोच्च न्यायालयात विद्यमान अध्यक्ष डोनाल्ड ट्रम्प यानि शिफारक केलेल्या अमी कोणी ब्रेट यांची नियुक्ती झाली आहे.', 'study1.png', 'pdf1.pdf', 'Active', NULL);

-- --------------------------------------------------------

--
-- Table structure for table `masike_category`
--

CREATE TABLE `masike_category` (
  `masike_category_id` int(11) NOT NULL,
  `selected_exams_id` text DEFAULT NULL,
  `category_name` text DEFAULT NULL,
  `status` text DEFAULT NULL
) ENGINE=InnoDB DEFAULT CHARSET=utf8mb4;

--
-- Dumping data for table `masike_category`
--

INSERT INTO `masike_category` (`masike_category_id`, `selected_exams_id`, `category_name`, `status`) VALUES
(1, '1', 'स्पर्धावाहिनी Current Analysis (eMagazine)', 'Active'),
(2, '1', 'लोकराज्य ', 'Active'),
(3, '1', 'शेतकरी ', 'Active'),
(4, '3', 'स्पर्धावाहिनी Current Analysis (eMagazine)', 'Active'),
(5, '3', 'लोकराज्य ', 'Active'),
(6, '3', 'शेतकरी ', 'Active'),
(7, '4', 'स्पर्धावाहिनी Current Analysis (eMagazine)', 'Active'),
(8, '4', 'लोकराज्य ', 'Active'),
(9, '4', 'शेतकरी ', 'Active');

-- --------------------------------------------------------

--
-- Table structure for table `notes_subject`
--

CREATE TABLE `notes_subject` (
  `notes_subject_id` int(11) NOT NULL,
  `subject_name` text DEFAULT NULL,
  `status` text DEFAULT NULL,
  `created_on` text DEFAULT NULL
) ENGINE=InnoDB DEFAULT CHARSET=utf8mb4;

--
-- Dumping data for table `notes_subject`
--

INSERT INTO `notes_subject` (`notes_subject_id`, `subject_name`, `status`, `created_on`) VALUES
(1, 'मराठी', 'Active', '2020-11-20'),
(2, 'इंग्रजी', 'Active', '2020-11-20'),
(3, 'गणित', 'Active', '2020-11-20'),
(4, 'बुद्धिमत्ता', 'Active', '2020-11-20'),
(5, 'इतर', 'Active', '2020-11-20');

-- --------------------------------------------------------

--
-- Table structure for table `notes_subject_content`
--

CREATE TABLE `notes_subject_content` (
  `notes_subject_content_id` int(11) NOT NULL,
  `notes_subject_id` text DEFAULT NULL,
  `selected_exams_id` text DEFAULT NULL,
  `title` text DEFAULT NULL,
  `description` text DEFAULT NULL,
  `image_url` text DEFAULT NULL,
  `pdf_url` text DEFAULT NULL,
  `status` text DEFAULT NULL,
  `created_on` text DEFAULT NULL
) ENGINE=InnoDB DEFAULT CHARSET=utf8mb4;

--
-- Dumping data for table `notes_subject_content`
--

INSERT INTO `notes_subject_content` (`notes_subject_content_id`, `notes_subject_id`, `selected_exams_id`, `title`, `description`, `image_url`, `pdf_url`, `status`, `created_on`) VALUES
(1, '1', '1', 'चालू घडामोडी (२८ ऑक्टोबर २०२०)', 'अमेरिकेतील सर्वोच्च न्यायालयात विद्यमान अध्यक्ष डोनाल्ड ट्रम्प यानि शिफारक केलेल्या अमी कोणी ब्रेट यांची नियुक्ती झाली आहे.', 'study1.png', 'pdf1.pdf', 'Active', '2020-11-20'),
(2, '1', '1', 'चालू घडामोडी (२८ ऑक्टोबर २०२०)', 'अमेरिकेतील सर्वोच्च न्यायालयात विद्यमान अध्यक्ष डोनाल्ड ट्रम्प यानि शिफारक केलेल्या अमी कोणी ब्रेट यांची नियुक्ती झाली आहे.', 'study1.png', 'pdf1.pdf', 'Active', '2020-11-20'),
(3, '2', '2', 'चालू घडामोडी (२८ ऑक्टोबर २०२०)', 'अमेरिकेतील सर्वोच्च न्यायालयात विद्यमान अध्यक्ष डोनाल्ड ट्रम्प यानि शिफारक केलेल्या अमी कोणी ब्रेट यांची नियुक्ती झाली आहे.', 'study1.png', 'pdf1.pdf', 'Active', '2020-11-20'),
(4, '2', '2', 'चालू घडामोडी (२८ ऑक्टोबर २०२०)', 'अमेरिकेतील सर्वोच्च न्यायालयात विद्यमान अध्यक्ष डोनाल्ड ट्रम्प यानि शिफारक केलेल्या अमी कोणी ब्रेट यांची नियुक्ती झाली आहे.', 'study1.png', 'pdf1.pdf', 'Active', '2020-11-20'),
(5, '3', '1', 'चालू घडामोडी (२८ ऑक्टोबर २०२०)', 'अमेरिकेतील सर्वोच्च न्यायालयात विद्यमान अध्यक्ष डोनाल्ड ट्रम्प यानि शिफारक केलेल्या अमी कोणी ब्रेट यांची नियुक्ती झाली आहे.', 'study1.png', 'pdf1.pdf', 'Active', '2020-11-20'),
(6, '3', '1', 'चालू घडामोडी (२८ ऑक्टोबर २०२०)', 'अमेरिकेतील सर्वोच्च न्यायालयात विद्यमान अध्यक्ष डोनाल्ड ट्रम्प यानि शिफारक केलेल्या अमी कोणी ब्रेट यांची नियुक्ती झाली आहे.', 'study1.png', 'pdf1.pdf', 'Active', '2020-11-20'),
(7, '4', '2', 'चालू घडामोडी (२८ ऑक्टोबर २०२०)', 'अमेरिकेतील सर्वोच्च न्यायालयात विद्यमान अध्यक्ष डोनाल्ड ट्रम्प यानि शिफारक केलेल्या अमी कोणी ब्रेट यांची नियुक्ती झाली आहे.', 'study1.png', 'pdf1.pdf', 'Active', '2020-11-20'),
(8, '4', '2', 'चालू घडामोडी (२८ ऑक्टोबर २०२०)', 'अमेरिकेतील सर्वोच्च न्यायालयात विद्यमान अध्यक्ष डोनाल्ड ट्रम्प यानि शिफारक केलेल्या अमी कोणी ब्रेट यांची नियुक्ती झाली आहे.', 'study1.png', 'pdf1.pdf', 'Active', '2020-11-20'),
(9, '5', '2', 'चालू घडामोडी (२८ ऑक्टोबर २०२०)', 'अमेरिकेतील सर्वोच्च न्यायालयात विद्यमान अध्यक्ष डोनाल्ड ट्रम्प यानि शिफारक केलेल्या अमी कोणी ब्रेट यांची नियुक्ती झाली आहे.', 'study1.png', 'pdf1.pdf', 'Active', '2020-11-20'),
(10, '5', '2', 'चालू घडामोडी (२८ ऑक्टोबर २०२०)', 'अमेरिकेतील सर्वोच्च न्यायालयात विद्यमान अध्यक्ष डोनाल्ड ट्रम्प यानि शिफारक केलेल्या अमी कोणी ब्रेट यांची नियुक्ती झाली आहे.', 'study1.png', 'pdf1.pdf', 'Active', '2020-11-20');

-- --------------------------------------------------------

--
-- Table structure for table `panel_users`
--

CREATE TABLE `panel_users` (
  `id` int(11) NOT NULL,
  `name` varchar(100) NOT NULL,
  `mobile` varchar(20) NOT NULL,
  `email` varchar(100) NOT NULL,
  `password` varchar(100) NOT NULL,
  `type` varchar(100) NOT NULL,
  `status` varchar(100) NOT NULL,
  `profile_pic` text NOT NULL
) ENGINE=InnoDB DEFAULT CHARSET=utf8;

--
-- Dumping data for table `panel_users`
--

INSERT INTO `panel_users` (`id`, `name`, `mobile`, `email`, `password`, `type`, `status`, `profile_pic`) VALUES
(1, 'Sagar Maher', '8308075524', 'sagar@codingvisions.com', 'coding123', 'Super Admin', 'Active', 'profile_1548438127.jpg');

-- --------------------------------------------------------

--
-- Table structure for table `pariksha_paddhati_abhyaskram`
--

CREATE TABLE `pariksha_paddhati_abhyaskram` (
  `pariksha_paddhati_abhyaskram_id` int(11) NOT NULL,
  `selected_exam_id` text DEFAULT NULL,
  `title` text DEFAULT NULL,
  `status` text DEFAULT NULL,
  `created_on` text DEFAULT NULL
) ENGINE=InnoDB DEFAULT CHARSET=utf8mb4;

--
-- Dumping data for table `pariksha_paddhati_abhyaskram`
--

INSERT INTO `pariksha_paddhati_abhyaskram` (`pariksha_paddhati_abhyaskram_id`, `selected_exam_id`, `title`, `status`, `created_on`) VALUES
(1, '1', 'राज्यसेवा', 'Active', NULL),
(2, '1', 'राज्यकर निरीक्षक (STI)', 'Active', NULL),
(3, '1', 'सहायक कक्ष अधिकारी (ASO)', 'Active', NULL),
(4, '1', 'पोलीस उपनिरीक्षक (PSI)', 'Active', NULL),
(5, '1', 'कर सहायक', 'Active', NULL),
(6, '1', 'लिपिक', 'Active', NULL),
(7, '1', 'दुय्यम निरीक्षक (राज्य उत्पादक शुल्क)', 'Active', NULL),
(8, '1', 'सहायक मोटार वाहन निरीक्षक ', 'Active', NULL),
(9, '1', 'महाराष्ट्र वन सेवा ', 'Active', NULL),
(10, '1', 'महाराष्ट्र अभियांत्रिकी सेवा ', 'Active', NULL),
(11, '1', 'महाराष्ट्र कृषी सेवा ', 'Active', NULL),
(12, '1', 'महिला व बालविकास अधिकारी (CDPO)', 'Active', NULL),
(13, '1', 'इतर ', 'Active', NULL),
(16, '2', 'स्कॉलरशिप (पाचवी)', 'Active', NULL),
(17, '2', 'स्कॉलरशिप (आठवी)', 'Active', NULL),
(18, '2', 'नवोदय ', 'Active', NULL),
(19, '2', 'प्रज्ञाशोध ', 'Active', NULL),
(20, '4', 'तलाठी', 'Active', NULL),
(21, '4', 'ग्रामसेवक', 'Active', NULL),
(22, '4', 'इतर', 'Active', NULL),
(23, '3', 'राज्यसेवा', 'Active', NULL),
(24, '3', 'राज्यकर निरीक्षक (STI)', 'Active', NULL),
(25, '3', 'सहायक कक्ष अधिकारी (ASO)', 'Active', NULL),
(26, '3', 'पोलीस उपनिरीक्षक (PSI)', 'Active', NULL),
(27, '3', 'कर सहायक', 'Active', NULL),
(28, '3', 'लिपिक', 'Active', NULL),
(29, '3', 'दुय्यम निरीक्षक (राज्य उत्पादक शुल्क)', 'Active', NULL),
(30, '3', 'सहायक मोटार वाहन निरीक्षक ', 'Active', NULL),
(31, '3', 'महाराष्ट्र वन सेवा ', 'Active', NULL),
(32, '3', 'महाराष्ट्र अभियांत्रिकी सेवा ', 'Active', NULL),
(33, '3', 'महाराष्ट्र कृषी सेवा ', 'Active', NULL),
(34, '3', 'महिला व बालविकास अधिकारी (CDPO)', 'Active', NULL),
(35, '3', 'इतर ', 'Active', NULL);

-- --------------------------------------------------------

--
-- Table structure for table `pariksha_paddhati_abhyaskram_last_yearcut`
--

CREATE TABLE `pariksha_paddhati_abhyaskram_last_yearcut` (
  `pariksha_paddhati_abhyaskram_last_yearcut_id` int(11) NOT NULL,
  `pariksha_paddhati_abhyaskram_id` text DEFAULT NULL,
  `title` text DEFAULT NULL,
  `description` text DEFAULT NULL,
  `status` text DEFAULT NULL,
  `created_on` text DEFAULT NULL
) ENGINE=InnoDB DEFAULT CHARSET=utf8mb4;

--
-- Dumping data for table `pariksha_paddhati_abhyaskram_last_yearcut`
--

INSERT INTO `pariksha_paddhati_abhyaskram_last_yearcut` (`pariksha_paddhati_abhyaskram_last_yearcut_id`, `pariksha_paddhati_abhyaskram_id`, `title`, `description`, `status`, `created_on`) VALUES
(1, '1', 'अ‍ॅपलनं आपल्या मोबाईल फोनची निर्मिती भारतात करण्यास सुरूवात केली आहे.', 'अ‍ॅपलनं आपल्या मोबाईल फोनची निर्मिती भारतात करण्यास सुरूवात केली आहे.', 'Active', NULL),
(2, '2', 'अ‍ॅपलनं आपल्या मोबाईल फोनची निर्मिती भारतात करण्यास सुरूवात केली आहे.', 'अ‍ॅपलनं आपल्या मोबाईल फोनची निर्मिती भारतात करण्यास सुरूवात केली आहे.', 'Active', NULL),
(3, '3', 'अ‍ॅपलनं आपल्या मोबाईल फोनची निर्मिती भारतात करण्यास सुरूवात केली आहे.', 'अ‍ॅपलनं आपल्या मोबाईल फोनची निर्मिती भारतात करण्यास सुरूवात केली आहे.', 'Active', NULL),
(4, '4', 'अ‍ॅपलनं आपल्या मोबाईल फोनची निर्मिती भारतात करण्यास सुरूवात केली आहे.', 'अ‍ॅपलनं आपल्या मोबाईल फोनची निर्मिती भारतात करण्यास सुरूवात केली आहे.', 'Active', NULL),
(5, '5', 'अ‍ॅपलनं आपल्या मोबाईल फोनची निर्मिती भारतात करण्यास सुरूवात केली आहे.', 'अ‍ॅपलनं आपल्या मोबाईल फोनची निर्मिती भारतात करण्यास सुरूवात केली आहे.', 'Active', NULL),
(6, '6', 'अ‍ॅपलनं आपल्या मोबाईल फोनची निर्मिती भारतात करण्यास सुरूवात केली आहे.', 'अ‍ॅपलनं आपल्या मोबाईल फोनची निर्मिती भारतात करण्यास सुरूवात केली आहे.', 'Active', NULL),
(7, '7', 'अ‍ॅपलनं आपल्या मोबाईल फोनची निर्मिती भारतात करण्यास सुरूवात केली आहे.', 'अ‍ॅपलनं आपल्या मोबाईल फोनची निर्मिती भारतात करण्यास सुरूवात केली आहे.', 'Active', NULL),
(8, '8', 'अ‍ॅपलनं आपल्या मोबाईल फोनची निर्मिती भारतात करण्यास सुरूवात केली आहे.', 'अ‍ॅपलनं आपल्या मोबाईल फोनची निर्मिती भारतात करण्यास सुरूवात केली आहे.', 'Active', NULL),
(9, '9', 'अ‍ॅपलनं आपल्या मोबाईल फोनची निर्मिती भारतात करण्यास सुरूवात केली आहे.', 'अ‍ॅपलनं आपल्या मोबाईल फोनची निर्मिती भारतात करण्यास सुरूवात केली आहे.', 'Active', NULL),
(10, '10', 'अ‍ॅपलनं आपल्या मोबाईल फोनची निर्मिती भारतात करण्यास सुरूवात केली आहे.', 'अ‍ॅपलनं आपल्या मोबाईल फोनची निर्मिती भारतात करण्यास सुरूवात केली आहे.', 'Active', NULL),
(11, '11', 'अ‍ॅपलनं आपल्या मोबाईल फोनची निर्मिती भारतात करण्यास सुरूवात केली आहे.', 'अ‍ॅपलनं आपल्या मोबाईल फोनची निर्मिती भारतात करण्यास सुरूवात केली आहे.', 'Active', NULL),
(12, '12', 'अ‍ॅपलनं आपल्या मोबाईल फोनची निर्मिती भारतात करण्यास सुरूवात केली आहे.', 'अ‍ॅपलनं आपल्या मोबाईल फोनची निर्मिती भारतात करण्यास सुरूवात केली आहे.', 'Active', NULL),
(13, '13', 'अ‍ॅपलनं आपल्या मोबाईल फोनची निर्मिती भारतात करण्यास सुरूवात केली आहे.', 'अ‍ॅपलनं आपल्या मोबाईल फोनची निर्मिती भारतात करण्यास सुरूवात केली आहे.', 'Active', NULL),
(14, '14', 'अ‍ॅपलनं आपल्या मोबाईल फोनची निर्मिती भारतात करण्यास सुरूवात केली आहे.', 'अ‍ॅपलनं आपल्या मोबाईल फोनची निर्मिती भारतात करण्यास सुरूवात केली आहे.', 'Active', NULL),
(15, '15', 'अ‍ॅपलनं आपल्या मोबाईल फोनची निर्मिती भारतात करण्यास सुरूवात केली आहे.', 'अ‍ॅपलनं आपल्या मोबाईल फोनची निर्मिती भारतात करण्यास सुरूवात केली आहे.', 'Active', NULL),
(16, '16', 'अ‍ॅपलनं आपल्या मोबाईल फोनची निर्मिती भारतात करण्यास सुरूवात केली आहे.', 'अ‍ॅपलनं आपल्या मोबाईल फोनची निर्मिती भारतात करण्यास सुरूवात केली आहे.', 'Active', NULL),
(17, '17', 'अ‍ॅपलनं आपल्या मोबाईल फोनची निर्मिती भारतात करण्यास सुरूवात केली आहे.', 'अ‍ॅपलनं आपल्या मोबाईल फोनची निर्मिती भारतात करण्यास सुरूवात केली आहे.', 'Active', NULL),
(18, '18', 'अ‍ॅपलनं आपल्या मोबाईल फोनची निर्मिती भारतात करण्यास सुरूवात केली आहे.', 'अ‍ॅपलनं आपल्या मोबाईल फोनची निर्मिती भारतात करण्यास सुरूवात केली आहे.', 'Active', NULL),
(19, '19', 'अ‍ॅपलनं आपल्या मोबाईल फोनची निर्मिती भारतात करण्यास सुरूवात केली आहे.', 'अ‍ॅपलनं आपल्या मोबाईल फोनची निर्मिती भारतात करण्यास सुरूवात केली आहे.', 'Active', NULL),
(20, '20', 'अ‍ॅपलनं आपल्या मोबाईल फोनची निर्मिती भारतात करण्यास सुरूवात केली आहे.', 'अ‍ॅपलनं आपल्या मोबाईल फोनची निर्मिती भारतात करण्यास सुरूवात केली आहे.', 'Active', NULL),
(21, '21', 'अ‍ॅपलनं आपल्या मोबाईल फोनची निर्मिती भारतात करण्यास सुरूवात केली आहे.', 'अ‍ॅपलनं आपल्या मोबाईल फोनची निर्मिती भारतात करण्यास सुरूवात केली आहे.', 'Active', NULL),
(22, '22', 'अ‍ॅपलनं आपल्या मोबाईल फोनची निर्मिती भारतात करण्यास सुरूवात केली आहे.', 'अ‍ॅपलनं आपल्या मोबाईल फोनची निर्मिती भारतात करण्यास सुरूवात केली आहे.', 'Active', NULL),
(23, '23', 'अ‍ॅपलनं आपल्या मोबाईल फोनची निर्मिती भारतात करण्यास सुरूवात केली आहे.', 'अ‍ॅपलनं आपल्या मोबाईल फोनची निर्मिती भारतात करण्यास सुरूवात केली आहे.', 'Active', NULL),
(24, '24', 'अ‍ॅपलनं आपल्या मोबाईल फोनची निर्मिती भारतात करण्यास सुरूवात केली आहे.', 'अ‍ॅपलनं आपल्या मोबाईल फोनची निर्मिती भारतात करण्यास सुरूवात केली आहे.', 'Active', NULL),
(25, '25', 'अ‍ॅपलनं आपल्या मोबाईल फोनची निर्मिती भारतात करण्यास सुरूवात केली आहे.', 'अ‍ॅपलनं आपल्या मोबाईल फोनची निर्मिती भारतात करण्यास सुरूवात केली आहे.', 'Active', NULL),
(26, '26', 'अ‍ॅपलनं आपल्या मोबाईल फोनची निर्मिती भारतात करण्यास सुरूवात केली आहे.', 'अ‍ॅपलनं आपल्या मोबाईल फोनची निर्मिती भारतात करण्यास सुरूवात केली आहे.', 'Active', NULL),
(27, '27', 'अ‍ॅपलनं आपल्या मोबाईल फोनची निर्मिती भारतात करण्यास सुरूवात केली आहे.', 'अ‍ॅपलनं आपल्या मोबाईल फोनची निर्मिती भारतात करण्यास सुरूवात केली आहे.', 'Active', NULL),
(28, '28', 'अ‍ॅपलनं आपल्या मोबाईल फोनची निर्मिती भारतात करण्यास सुरूवात केली आहे.', 'अ‍ॅपलनं आपल्या मोबाईल फोनची निर्मिती भारतात करण्यास सुरूवात केली आहे.', 'Active', NULL),
(29, '29', 'अ‍ॅपलनं आपल्या मोबाईल फोनची निर्मिती भारतात करण्यास सुरूवात केली आहे.', 'अ‍ॅपलनं आपल्या मोबाईल फोनची निर्मिती भारतात करण्यास सुरूवात केली आहे.', 'Active', NULL),
(30, '30', 'अ‍ॅपलनं आपल्या मोबाईल फोनची निर्मिती भारतात करण्यास सुरूवात केली आहे.', 'अ‍ॅपलनं आपल्या मोबाईल फोनची निर्मिती भारतात करण्यास सुरूवात केली आहे.', 'Active', NULL),
(31, '31', 'अ‍ॅपलनं आपल्या मोबाईल फोनची निर्मिती भारतात करण्यास सुरूवात केली आहे.', 'अ‍ॅपलनं आपल्या मोबाईल फोनची निर्मिती भारतात करण्यास सुरूवात केली आहे.', 'Active', NULL),
(32, '32', 'अ‍ॅपलनं आपल्या मोबाईल फोनची निर्मिती भारतात करण्यास सुरूवात केली आहे.', 'अ‍ॅपलनं आपल्या मोबाईल फोनची निर्मिती भारतात करण्यास सुरूवात केली आहे.', 'Active', NULL),
(33, '33', 'अ‍ॅपलनं आपल्या मोबाईल फोनची निर्मिती भारतात करण्यास सुरूवात केली आहे.', 'अ‍ॅपलनं आपल्या मोबाईल फोनची निर्मिती भारतात करण्यास सुरूवात केली आहे.', 'Active', NULL),
(34, '34', 'अ‍ॅपलनं आपल्या मोबाईल फोनची निर्मिती भारतात करण्यास सुरूवात केली आहे.', 'अ‍ॅपलनं आपल्या मोबाईल फोनची निर्मिती भारतात करण्यास सुरूवात केली आहे.', 'Active', NULL),
(35, '35', 'अ‍ॅपलनं आपल्या मोबाईल फोनची निर्मिती भारतात करण्यास सुरूवात केली आहे.', 'अ‍ॅपलनं आपल्या मोबाईल फोनची निर्मिती भारतात करण्यास सुरूवात केली आहे.', 'Active', NULL);

-- --------------------------------------------------------

--
-- Table structure for table `pariksha_paddhati_abhyaskram_syllabus`
--

CREATE TABLE `pariksha_paddhati_abhyaskram_syllabus` (
  `exam_syllabus_syllabus_id` int(11) NOT NULL,
  `pariksha_paddhati_abhyaskram_id` text DEFAULT NULL,
  `title` text DEFAULT NULL,
  `description` text DEFAULT NULL,
  `status` text DEFAULT NULL,
  `created_on` text DEFAULT NULL
) ENGINE=InnoDB DEFAULT CHARSET=utf8mb4;

--
-- Dumping data for table `pariksha_paddhati_abhyaskram_syllabus`
--

INSERT INTO `pariksha_paddhati_abhyaskram_syllabus` (`exam_syllabus_syllabus_id`, `pariksha_paddhati_abhyaskram_id`, `title`, `description`, `status`, `created_on`) VALUES
(1, '1', 'अ‍ॅपलनं आपल्या मोबाईल फोनची निर्मिती भारतात करण्यास सुरूवात केली आहे.', 'अ‍ॅपलनं आपल्या मोबाईल फोनची निर्मिती भारतात करण्यास सुरूवात केली आहे.', 'Active', NULL),
(2, '2', 'अ‍ॅपलनं आपल्या मोबाईल फोनची निर्मिती भारतात करण्यास सुरूवात केली आहे.', 'अ‍ॅपलनं आपल्या मोबाईल फोनची निर्मिती भारतात करण्यास सुरूवात केली आहे.', 'Active', NULL),
(3, '3', 'अ‍ॅपलनं आपल्या मोबाईल फोनची निर्मिती भारतात करण्यास सुरूवात केली आहे.', 'अ‍ॅपलनं आपल्या मोबाईल फोनची निर्मिती भारतात करण्यास सुरूवात केली आहे.', 'Active', NULL),
(4, '4', 'अ‍ॅपलनं आपल्या मोबाईल फोनची निर्मिती भारतात करण्यास सुरूवात केली आहे.', 'अ‍ॅपलनं आपल्या मोबाईल फोनची निर्मिती भारतात करण्यास सुरूवात केली आहे.', 'Active', NULL),
(5, '5', 'अ‍ॅपलनं आपल्या मोबाईल फोनची निर्मिती भारतात करण्यास सुरूवात केली आहे.', 'अ‍ॅपलनं आपल्या मोबाईल फोनची निर्मिती भारतात करण्यास सुरूवात केली आहे.', 'Active', NULL),
(6, '6', 'अ‍ॅपलनं आपल्या मोबाईल फोनची निर्मिती भारतात करण्यास सुरूवात केली आहे.', 'अ‍ॅपलनं आपल्या मोबाईल फोनची निर्मिती भारतात करण्यास सुरूवात केली आहे.', 'Active', NULL),
(7, '7', 'अ‍ॅपलनं आपल्या मोबाईल फोनची निर्मिती भारतात करण्यास सुरूवात केली आहे.', 'अ‍ॅपलनं आपल्या मोबाईल फोनची निर्मिती भारतात करण्यास सुरूवात केली आहे.', 'Active', NULL),
(8, '8', 'अ‍ॅपलनं आपल्या मोबाईल फोनची निर्मिती भारतात करण्यास सुरूवात केली आहे.', 'अ‍ॅपलनं आपल्या मोबाईल फोनची निर्मिती भारतात करण्यास सुरूवात केली आहे.', 'Active', NULL),
(9, '9', 'अ‍ॅपलनं आपल्या मोबाईल फोनची निर्मिती भारतात करण्यास सुरूवात केली आहे.', 'अ‍ॅपलनं आपल्या मोबाईल फोनची निर्मिती भारतात करण्यास सुरूवात केली आहे.', 'Active', NULL),
(10, '10', 'अ‍ॅपलनं आपल्या मोबाईल फोनची निर्मिती भारतात करण्यास सुरूवात केली आहे.', 'अ‍ॅपलनं आपल्या मोबाईल फोनची निर्मिती भारतात करण्यास सुरूवात केली आहे.', 'Active', NULL),
(11, '11', 'अ‍ॅपलनं आपल्या मोबाईल फोनची निर्मिती भारतात करण्यास सुरूवात केली आहे.', 'अ‍ॅपलनं आपल्या मोबाईल फोनची निर्मिती भारतात करण्यास सुरूवात केली आहे.', 'Active', NULL),
(12, '12', 'अ‍ॅपलनं आपल्या मोबाईल फोनची निर्मिती भारतात करण्यास सुरूवात केली आहे.', 'अ‍ॅपलनं आपल्या मोबाईल फोनची निर्मिती भारतात करण्यास सुरूवात केली आहे.', 'Active', NULL),
(13, '13', 'अ‍ॅपलनं आपल्या मोबाईल फोनची निर्मिती भारतात करण्यास सुरूवात केली आहे.', 'अ‍ॅपलनं आपल्या मोबाईल फोनची निर्मिती भारतात करण्यास सुरूवात केली आहे.', 'Active', NULL),
(14, '11', 'अ‍ॅपलनं आपल्या मोबाईल फोनची निर्मिती भारतात करण्यास सुरूवात केली आहे.', 'अ‍ॅपलनं आपल्या मोबाईल फोनची निर्मिती भारतात करण्यास सुरूवात केली आहे.', 'Active', NULL),
(15, '15', 'अ‍ॅपलनं आपल्या मोबाईल फोनची निर्मिती भारतात करण्यास सुरूवात केली आहे.', 'अ‍ॅपलनं आपल्या मोबाईल फोनची निर्मिती भारतात करण्यास सुरूवात केली आहे.', 'Active', NULL),
(16, '16', 'अ‍ॅपलनं आपल्या मोबाईल फोनची निर्मिती भारतात करण्यास सुरूवात केली आहे.', 'अ‍ॅपलनं आपल्या मोबाईल फोनची निर्मिती भारतात करण्यास सुरूवात केली आहे.', 'Active', NULL),
(17, '17', 'अ‍ॅपलनं आपल्या मोबाईल फोनची निर्मिती भारतात करण्यास सुरूवात केली आहे.', 'अ‍ॅपलनं आपल्या मोबाईल फोनची निर्मिती भारतात करण्यास सुरूवात केली आहे.', 'Active', NULL),
(18, '18', 'अ‍ॅपलनं आपल्या मोबाईल फोनची निर्मिती भारतात करण्यास सुरूवात केली आहे.', 'अ‍ॅपलनं आपल्या मोबाईल फोनची निर्मिती भारतात करण्यास सुरूवात केली आहे.', 'Active', NULL),
(19, '19', 'अ‍ॅपलनं आपल्या मोबाईल फोनची निर्मिती भारतात करण्यास सुरूवात केली आहे.', 'अ‍ॅपलनं आपल्या मोबाईल फोनची निर्मिती भारतात करण्यास सुरूवात केली आहे.', 'Active', NULL),
(20, '20', 'अ‍ॅपलनं आपल्या मोबाईल फोनची निर्मिती भारतात करण्यास सुरूवात केली आहे.', 'अ‍ॅपलनं आपल्या मोबाईल फोनची निर्मिती भारतात करण्यास सुरूवात केली आहे.', 'Active', NULL),
(21, '21', 'अ‍ॅपलनं आपल्या मोबाईल फोनची निर्मिती भारतात करण्यास सुरूवात केली आहे.', 'अ‍ॅपलनं आपल्या मोबाईल फोनची निर्मिती भारतात करण्यास सुरूवात केली आहे.', 'Active', NULL),
(22, '22', 'अ‍ॅपलनं आपल्या मोबाईल फोनची निर्मिती भारतात करण्यास सुरूवात केली आहे.', 'अ‍ॅपलनं आपल्या मोबाईल फोनची निर्मिती भारतात करण्यास सुरूवात केली आहे.', 'Active', NULL),
(23, '23', 'अ‍ॅपलनं आपल्या मोबाईल फोनची निर्मिती भारतात करण्यास सुरूवात केली आहे.', 'अ‍ॅपलनं आपल्या मोबाईल फोनची निर्मिती भारतात करण्यास सुरूवात केली आहे.', 'Active', NULL),
(24, '24', 'अ‍ॅपलनं आपल्या मोबाईल फोनची निर्मिती भारतात करण्यास सुरूवात केली आहे.', 'अ‍ॅपलनं आपल्या मोबाईल फोनची निर्मिती भारतात करण्यास सुरूवात केली आहे.', 'Active', NULL),
(25, '25', 'अ‍ॅपलनं आपल्या मोबाईल फोनची निर्मिती भारतात करण्यास सुरूवात केली आहे.', 'अ‍ॅपलनं आपल्या मोबाईल फोनची निर्मिती भारतात करण्यास सुरूवात केली आहे.', 'Active', NULL),
(26, '26', 'अ‍ॅपलनं आपल्या मोबाईल फोनची निर्मिती भारतात करण्यास सुरूवात केली आहे.', 'अ‍ॅपलनं आपल्या मोबाईल फोनची निर्मिती भारतात करण्यास सुरूवात केली आहे.', 'Active', NULL),
(27, '27', 'अ‍ॅपलनं आपल्या मोबाईल फोनची निर्मिती भारतात करण्यास सुरूवात केली आहे.', 'अ‍ॅपलनं आपल्या मोबाईल फोनची निर्मिती भारतात करण्यास सुरूवात केली आहे.', 'Active', NULL),
(28, '28', 'अ‍ॅपलनं आपल्या मोबाईल फोनची निर्मिती भारतात करण्यास सुरूवात केली आहे.', 'अ‍ॅपलनं आपल्या मोबाईल फोनची निर्मिती भारतात करण्यास सुरूवात केली आहे.', 'Active', NULL),
(29, '29', 'अ‍ॅपलनं आपल्या मोबाईल फोनची निर्मिती भारतात करण्यास सुरूवात केली आहे.', 'अ‍ॅपलनं आपल्या मोबाईल फोनची निर्मिती भारतात करण्यास सुरूवात केली आहे.', 'Active', NULL),
(30, '30', 'अ‍ॅपलनं आपल्या मोबाईल फोनची निर्मिती भारतात करण्यास सुरूवात केली आहे.', 'अ‍ॅपलनं आपल्या मोबाईल फोनची निर्मिती भारतात करण्यास सुरूवात केली आहे.', 'Active', NULL),
(31, '31', 'अ‍ॅपलनं आपल्या मोबाईल फोनची निर्मिती भारतात करण्यास सुरूवात केली आहे.', 'अ‍ॅपलनं आपल्या मोबाईल फोनची निर्मिती भारतात करण्यास सुरूवात केली आहे.', 'Active', NULL),
(32, '32', 'अ‍ॅपलनं आपल्या मोबाईल फोनची निर्मिती भारतात करण्यास सुरूवात केली आहे.', 'अ‍ॅपलनं आपल्या मोबाईल फोनची निर्मिती भारतात करण्यास सुरूवात केली आहे.', 'Active', NULL),
(33, '33', 'अ‍ॅपलनं आपल्या मोबाईल फोनची निर्मिती भारतात करण्यास सुरूवात केली आहे.', 'अ‍ॅपलनं आपल्या मोबाईल फोनची निर्मिती भारतात करण्यास सुरूवात केली आहे.', 'Active', NULL),
(34, '34', 'अ‍ॅपलनं आपल्या मोबाईल फोनची निर्मिती भारतात करण्यास सुरूवात केली आहे.', 'अ‍ॅपलनं आपल्या मोबाईल फोनची निर्मिती भारतात करण्यास सुरूवात केली आहे.', 'Active', NULL),
(35, '35', 'अ‍ॅपलनं आपल्या मोबाईल फोनची निर्मिती भारतात करण्यास सुरूवात केली आहे.', 'अ‍ॅपलनं आपल्या मोबाईल फोनची निर्मिती भारतात करण्यास सुरूवात केली आहे.', 'Active', NULL);

-- --------------------------------------------------------

--
-- Table structure for table `pariksha_paddhati_abhyaskram_wattage`
--

CREATE TABLE `pariksha_paddhati_abhyaskram_wattage` (
  `pariksha_paddhati_abhyaskram_wattage_id` int(11) NOT NULL,
  `pariksha_paddhati_abhyaskram_id` text DEFAULT NULL,
  `title` text DEFAULT NULL,
  `description` text DEFAULT NULL,
  `status` text DEFAULT NULL,
  `created_on` text DEFAULT NULL
) ENGINE=InnoDB DEFAULT CHARSET=utf8mb4;

--
-- Dumping data for table `pariksha_paddhati_abhyaskram_wattage`
--

INSERT INTO `pariksha_paddhati_abhyaskram_wattage` (`pariksha_paddhati_abhyaskram_wattage_id`, `pariksha_paddhati_abhyaskram_id`, `title`, `description`, `status`, `created_on`) VALUES
(1, '1', 'अ‍ॅपलनं आपल्या मोबाईल फोनची निर्मिती भारतात करण्यास सुरूवात केली आहे.', 'अ‍ॅपलनं आपल्या मोबाईल फोनची निर्मिती भारतात करण्यास सुरूवात केली आहे.', 'Active', NULL),
(2, '2', 'अ‍ॅपलनं आपल्या मोबाईल फोनची निर्मिती भारतात करण्यास सुरूवात केली आहे.', 'अ‍ॅपलनं आपल्या मोबाईल फोनची निर्मिती भारतात करण्यास सुरूवात केली आहे.', 'Active', NULL),
(3, '3', 'अ‍ॅपलनं आपल्या मोबाईल फोनची निर्मिती भारतात करण्यास सुरूवात केली आहे.', 'अ‍ॅपलनं आपल्या मोबाईल फोनची निर्मिती भारतात करण्यास सुरूवात केली आहे.', 'Active', NULL),
(4, '4', 'अ‍ॅपलनं आपल्या मोबाईल फोनची निर्मिती भारतात करण्यास सुरूवात केली आहे.', 'अ‍ॅपलनं आपल्या मोबाईल फोनची निर्मिती भारतात करण्यास सुरूवात केली आहे.', 'Active', NULL),
(5, '5', 'अ‍ॅपलनं आपल्या मोबाईल फोनची निर्मिती भारतात करण्यास सुरूवात केली आहे.', 'अ‍ॅपलनं आपल्या मोबाईल फोनची निर्मिती भारतात करण्यास सुरूवात केली आहे.', 'Active', NULL),
(6, '6', 'अ‍ॅपलनं आपल्या मोबाईल फोनची निर्मिती भारतात करण्यास सुरूवात केली आहे.', 'अ‍ॅपलनं आपल्या मोबाईल फोनची निर्मिती भारतात करण्यास सुरूवात केली आहे.', 'Active', NULL),
(7, '7', 'अ‍ॅपलनं आपल्या मोबाईल फोनची निर्मिती भारतात करण्यास सुरूवात केली आहे.', 'अ‍ॅपलनं आपल्या मोबाईल फोनची निर्मिती भारतात करण्यास सुरूवात केली आहे.', 'Active', NULL),
(8, '8', 'अ‍ॅपलनं आपल्या मोबाईल फोनची निर्मिती भारतात करण्यास सुरूवात केली आहे.', 'अ‍ॅपलनं आपल्या मोबाईल फोनची निर्मिती भारतात करण्यास सुरूवात केली आहे.', 'Active', NULL),
(9, '9', 'अ‍ॅपलनं आपल्या मोबाईल फोनची निर्मिती भारतात करण्यास सुरूवात केली आहे.', 'अ‍ॅपलनं आपल्या मोबाईल फोनची निर्मिती भारतात करण्यास सुरूवात केली आहे.', 'Active', NULL),
(10, '10', 'अ‍ॅपलनं आपल्या मोबाईल फोनची निर्मिती भारतात करण्यास सुरूवात केली आहे.', 'अ‍ॅपलनं आपल्या मोबाईल फोनची निर्मिती भारतात करण्यास सुरूवात केली आहे.', 'Active', NULL),
(11, '11', 'अ‍ॅपलनं आपल्या मोबाईल फोनची निर्मिती भारतात करण्यास सुरूवात केली आहे.', 'अ‍ॅपलनं आपल्या मोबाईल फोनची निर्मिती भारतात करण्यास सुरूवात केली आहे.', 'Active', NULL),
(12, '12', 'अ‍ॅपलनं आपल्या मोबाईल फोनची निर्मिती भारतात करण्यास सुरूवात केली आहे.', 'अ‍ॅपलनं आपल्या मोबाईल फोनची निर्मिती भारतात करण्यास सुरूवात केली आहे.', 'Active', NULL),
(13, '13', 'अ‍ॅपलनं आपल्या मोबाईल फोनची निर्मिती भारतात करण्यास सुरूवात केली आहे.', 'अ‍ॅपलनं आपल्या मोबाईल फोनची निर्मिती भारतात करण्यास सुरूवात केली आहे.', 'Active', NULL),
(14, '14', 'अ‍ॅपलनं आपल्या मोबाईल फोनची निर्मिती भारतात करण्यास सुरूवात केली आहे.', 'अ‍ॅपलनं आपल्या मोबाईल फोनची निर्मिती भारतात करण्यास सुरूवात केली आहे.', 'Active', NULL),
(15, '15', 'अ‍ॅपलनं आपल्या मोबाईल फोनची निर्मिती भारतात करण्यास सुरूवात केली आहे.', 'अ‍ॅपलनं आपल्या मोबाईल फोनची निर्मिती भारतात करण्यास सुरूवात केली आहे.', 'Active', NULL),
(16, '16', 'अ‍ॅपलनं आपल्या मोबाईल फोनची निर्मिती भारतात करण्यास सुरूवात केली आहे.', 'अ‍ॅपलनं आपल्या मोबाईल फोनची निर्मिती भारतात करण्यास सुरूवात केली आहे.', 'Active', NULL),
(17, '17', 'अ‍ॅपलनं आपल्या मोबाईल फोनची निर्मिती भारतात करण्यास सुरूवात केली आहे.', 'अ‍ॅपलनं आपल्या मोबाईल फोनची निर्मिती भारतात करण्यास सुरूवात केली आहे.', 'Active', NULL),
(18, '18', 'अ‍ॅपलनं आपल्या मोबाईल फोनची निर्मिती भारतात करण्यास सुरूवात केली आहे.', 'अ‍ॅपलनं आपल्या मोबाईल फोनची निर्मिती भारतात करण्यास सुरूवात केली आहे.', 'Active', NULL),
(19, '19', 'अ‍ॅपलनं आपल्या मोबाईल फोनची निर्मिती भारतात करण्यास सुरूवात केली आहे.', 'अ‍ॅपलनं आपल्या मोबाईल फोनची निर्मिती भारतात करण्यास सुरूवात केली आहे.', 'Active', NULL),
(20, '20', 'अ‍ॅपलनं आपल्या मोबाईल फोनची निर्मिती भारतात करण्यास सुरूवात केली आहे.', 'अ‍ॅपलनं आपल्या मोबाईल फोनची निर्मिती भारतात करण्यास सुरूवात केली आहे.', 'Active', NULL),
(21, '21', 'अ‍ॅपलनं आपल्या मोबाईल फोनची निर्मिती भारतात करण्यास सुरूवात केली आहे.', 'अ‍ॅपलनं आपल्या मोबाईल फोनची निर्मिती भारतात करण्यास सुरूवात केली आहे.', 'Active', NULL),
(22, '22', 'अ‍ॅपलनं आपल्या मोबाईल फोनची निर्मिती भारतात करण्यास सुरूवात केली आहे.', 'अ‍ॅपलनं आपल्या मोबाईल फोनची निर्मिती भारतात करण्यास सुरूवात केली आहे.', 'Active', NULL),
(23, '23', 'अ‍ॅपलनं आपल्या मोबाईल फोनची निर्मिती भारतात करण्यास सुरूवात केली आहे.', 'अ‍ॅपलनं आपल्या मोबाईल फोनची निर्मिती भारतात करण्यास सुरूवात केली आहे.', 'Active', NULL),
(24, '24', 'अ‍ॅपलनं आपल्या मोबाईल फोनची निर्मिती भारतात करण्यास सुरूवात केली आहे.', 'अ‍ॅपलनं आपल्या मोबाईल फोनची निर्मिती भारतात करण्यास सुरूवात केली आहे.', 'Active', NULL),
(25, '25', 'अ‍ॅपलनं आपल्या मोबाईल फोनची निर्मिती भारतात करण्यास सुरूवात केली आहे.', 'अ‍ॅपलनं आपल्या मोबाईल फोनची निर्मिती भारतात करण्यास सुरूवात केली आहे.', 'Active', NULL),
(26, '26', 'अ‍ॅपलनं आपल्या मोबाईल फोनची निर्मिती भारतात करण्यास सुरूवात केली आहे.', 'अ‍ॅपलनं आपल्या मोबाईल फोनची निर्मिती भारतात करण्यास सुरूवात केली आहे.', 'Active', NULL),
(27, '27', 'अ‍ॅपलनं आपल्या मोबाईल फोनची निर्मिती भारतात करण्यास सुरूवात केली आहे.', 'अ‍ॅपलनं आपल्या मोबाईल फोनची निर्मिती भारतात करण्यास सुरूवात केली आहे.', 'Active', NULL),
(28, '28', 'अ‍ॅपलनं आपल्या मोबाईल फोनची निर्मिती भारतात करण्यास सुरूवात केली आहे.', 'अ‍ॅपलनं आपल्या मोबाईल फोनची निर्मिती भारतात करण्यास सुरूवात केली आहे.', 'Active', NULL),
(29, '29', 'अ‍ॅपलनं आपल्या मोबाईल फोनची निर्मिती भारतात करण्यास सुरूवात केली आहे.', 'अ‍ॅपलनं आपल्या मोबाईल फोनची निर्मिती भारतात करण्यास सुरूवात केली आहे.', 'Active', NULL),
(30, '30', 'अ‍ॅपलनं आपल्या मोबाईल फोनची निर्मिती भारतात करण्यास सुरूवात केली आहे.', 'अ‍ॅपलनं आपल्या मोबाईल फोनची निर्मिती भारतात करण्यास सुरूवात केली आहे.', 'Active', NULL),
(31, '31', 'अ‍ॅपलनं आपल्या मोबाईल फोनची निर्मिती भारतात करण्यास सुरूवात केली आहे.', 'अ‍ॅपलनं आपल्या मोबाईल फोनची निर्मिती भारतात करण्यास सुरूवात केली आहे.', 'Active', NULL),
(32, '32', 'अ‍ॅपलनं आपल्या मोबाईल फोनची निर्मिती भारतात करण्यास सुरूवात केली आहे.', 'अ‍ॅपलनं आपल्या मोबाईल फोनची निर्मिती भारतात करण्यास सुरूवात केली आहे.', 'Active', NULL),
(33, '33', 'अ‍ॅपलनं आपल्या मोबाईल फोनची निर्मिती भारतात करण्यास सुरूवात केली आहे.', 'अ‍ॅपलनं आपल्या मोबाईल फोनची निर्मिती भारतात करण्यास सुरूवात केली आहे.', 'Active', NULL),
(34, '34', 'अ‍ॅपलनं आपल्या मोबाईल फोनची निर्मिती भारतात करण्यास सुरूवात केली आहे.', 'अ‍ॅपलनं आपल्या मोबाईल फोनची निर्मिती भारतात करण्यास सुरूवात केली आहे.', 'Active', NULL),
(35, '35', 'अ‍ॅपलनं आपल्या मोबाईल फोनची निर्मिती भारतात करण्यास सुरूवात केली आहे.', 'अ‍ॅपलनं आपल्या मोबाईल फोनची निर्मिती भारतात करण्यास सुरूवात केली आहे.', 'Active', NULL);

-- --------------------------------------------------------

--
-- Table structure for table `previous_exam_live_test_result`
--

CREATE TABLE `previous_exam_live_test_result` (
  `previous_exam_live_test_result_id` int(11) NOT NULL,
  `question_papers_id` text DEFAULT NULL,
  `login_id` text DEFAULT NULL,
  `correct_answer` text DEFAULT NULL,
  `wrong_answer` text DEFAULT NULL,
  `total_questions` text DEFAULT NULL,
  `time_taken` text DEFAULT NULL,
  `obtain_marks` decimal(10,2) NOT NULL DEFAULT 0.00,
  `status` text DEFAULT NULL,
  `created_on` text DEFAULT NULL
) ENGINE=InnoDB DEFAULT CHARSET=utf8mb4;

--
-- Dumping data for table `previous_exam_live_test_result`
--

INSERT INTO `previous_exam_live_test_result` (`previous_exam_live_test_result_id`, `question_papers_id`, `login_id`, `correct_answer`, `wrong_answer`, `total_questions`, `time_taken`, `obtain_marks`, `status`, `created_on`) VALUES
(1, '12', '4', '1', '2', '3', NULL, '0.00', 'Active', '2021-02-04'),
(2, '8', '4', '2', '1', '3', NULL, '0.00', 'Active', '2021-02-04'),
(3, '12', '4', '0', '3', '3', NULL, '0.00', 'Active', '2021-02-04'),
(4, '16', '4', '0', '3', '3', NULL, '0.00', 'Active', '2021-02-04'),
(5, '16', '4', '1', '2', '3', NULL, '0.00', 'Active', '2021-02-04'),
(6, '16', '4', '0', '3', '3', NULL, '0.00', 'Active', '2021-02-04');

-- --------------------------------------------------------

--
-- Table structure for table `previous_exam_live_test_result_details`
--

CREATE TABLE `previous_exam_live_test_result_details` (
  `previous_exam_live_test_result_details_id` int(11) NOT NULL,
  `subject_id` text DEFAULT NULL,
  `previous_exam_live_test_result_id` text DEFAULT NULL,
  `question` text DEFAULT NULL,
  `correct_answer` text DEFAULT NULL,
  `users_answer` text DEFAULT NULL
) ENGINE=InnoDB DEFAULT CHARSET=utf8mb4;

--
-- Dumping data for table `previous_exam_live_test_result_details`
--

INSERT INTO `previous_exam_live_test_result_details` (`previous_exam_live_test_result_details_id`, `subject_id`, `previous_exam_live_test_result_id`, `question`, `correct_answer`, `users_answer`) VALUES
(1, '1', '1', 'Entomology is the science that studies', 'Insects', ' The formation of rocks'),
(2, '1', '1', 'First human heart transplant operation conducted by Dr. Christiaan Barnard on Louis Washkansky, was conducted in', '1967', '1967'),
(3, '2', '1', 'Gulf cooperation council was originally formed by', 'Bahrain, Kuwait, Oman, Qatar, Saudi Arabia and United Arab Emirates', 'Second World Nations'),
(4, '1', '2', 'Entomology is the science that studies', 'Insects', 'Insects'),
(5, '1', '2', 'First human heart transplant operation conducted by Dr. Christiaan Barnard on Louis Washkansky, was conducted in', '1967', '1968'),
(6, '2', '2', 'Gulf cooperation council was originally formed by', 'Bahrain, Kuwait, Oman, Qatar, Saudi Arabia and United Arab Emirates', 'Bahrain, Kuwait, Oman, Qatar, Saudi Arabia and United Arab Emirates'),
(7, '1', '3', 'Entomology is the science that studies', 'Insects', 'The origin and history of technical and scientific terms'),
(8, '1', '3', 'First human heart transplant operation conducted by Dr. Christiaan Barnard on Louis Washkansky, was conducted in', '1967', '1968'),
(9, '2', '3', 'Gulf cooperation council was originally formed by', 'Bahrain, Kuwait, Oman, Qatar, Saudi Arabia and United Arab Emirates', 'Second World Nations'),
(10, '1', '4', 'Entomology is the science that studies', 'Insects', 'The origin and history of technical and scientific terms'),
(11, '1', '4', 'First human heart transplant operation conducted by Dr. Christiaan Barnard on Louis Washkansky, was conducted in', '1967', '1968'),
(12, '2', '4', 'Gulf cooperation council was originally formed by', 'Bahrain, Kuwait, Oman, Qatar, Saudi Arabia and United Arab Emirates', 'Fourth World Nations'),
(13, '1', '5', 'Entomology is the science that studies', 'Insects', 'The origin and history of technical and scientific terms'),
(14, '1', '5', 'First human heart transplant operation conducted by Dr. Christiaan Barnard on Louis Washkansky, was conducted in', '1967', '1967'),
(15, '2', '5', 'Gulf cooperation council was originally formed by', 'Bahrain, Kuwait, Oman, Qatar, Saudi Arabia and United Arab Emirates', 'Third World Nations'),
(16, '1', '6', 'Entomology is the science that studies', 'Insects', ' The formation of rocks'),
(17, '1', '6', 'First human heart transplant operation conducted by Dr. Christiaan Barnard on Louis Washkansky, was conducted in', '1967', '1968'),
(18, '2', '6', 'Gulf cooperation council was originally formed by', 'Bahrain, Kuwait, Oman, Qatar, Saudi Arabia and United Arab Emirates', 'Third World Nations');

-- --------------------------------------------------------

--
-- Table structure for table `previous_exam_result`
--

CREATE TABLE `previous_exam_result` (
  `previous_exam_result_id` int(11) NOT NULL,
  `question_papers_id` text DEFAULT NULL,
  `login_id` text DEFAULT NULL,
  `correct_answer` text DEFAULT NULL,
  `wrong_answer` text DEFAULT NULL,
  `total_questions` text DEFAULT NULL,
  `obtain_marks` decimal(10,2) NOT NULL DEFAULT 0.00,
  `status` text DEFAULT NULL,
  `created_on` text DEFAULT NULL
) ENGINE=InnoDB DEFAULT CHARSET=utf8mb4;

--
-- Dumping data for table `previous_exam_result`
--

INSERT INTO `previous_exam_result` (`previous_exam_result_id`, `question_papers_id`, `login_id`, `correct_answer`, `wrong_answer`, `total_questions`, `obtain_marks`, `status`, `created_on`) VALUES
(1, '8', '4', '1', '2', '3', '0.00', 'Active', '2021-02-04'),
(2, '16', '4', '1', '2', '3', '0.00', 'Active', '2021-02-04'),
(3, '16', '4', '1', '2', '3', '0.00', 'Active', '2021-02-04'),
(4, '12', '4', '1', '2', '3', '0.00', 'Active', '2021-02-04'),
(5, '15', '4', '1', '2', '3', '0.00', 'Active', '2021-02-04'),
(6, '16', '4', '0', '3', '3', '0.00', 'Active', '2021-02-04'),
(7, '16', '4', '0', '3', '3', '0.00', 'Active', '2021-02-04'),
(8, '16', '4', '0', '3', '3', '0.00', 'Active', '2021-02-04');

-- --------------------------------------------------------

--
-- Table structure for table `previous_exam_result_details`
--

CREATE TABLE `previous_exam_result_details` (
  `id` int(11) NOT NULL,
  `subject_id` text DEFAULT NULL,
  `previous_exam_result_id` text DEFAULT NULL,
  `question` text DEFAULT NULL,
  `correct_answer` text DEFAULT NULL,
  `users_answer` text DEFAULT NULL
) ENGINE=InnoDB DEFAULT CHARSET=utf8mb4;

--
-- Dumping data for table `previous_exam_result_details`
--

INSERT INTO `previous_exam_result_details` (`id`, `subject_id`, `previous_exam_result_id`, `question`, `correct_answer`, `users_answer`) VALUES
(1, '1', '1', 'Entomology is the science that studies', 'Insects', 'Insects'),
(2, '2', '1', 'First human heart transplant operation conducted by Dr. Christiaan Barnard on Louis Washkansky, was conducted in', '1967', '1958'),
(3, '1', '1', 'Gulf cooperation council was originally formed by', 'Bahrain, Kuwait, Oman, Qatar, Saudi Arabia and United Arab Emirates', 'Fourth World Nations'),
(4, '2', '2', 'Entomology is the science that studies', 'Insects', 'The formation of rocks'),
(5, '1', '2', 'First human heart transplant operation conducted by Dr. Christiaan Barnard on Louis Washkansky, was conducted in', '1967', '1967'),
(6, '2', '2', 'Gulf cooperation council was originally formed by', 'Bahrain, Kuwait, Oman, Qatar, Saudi Arabia and United Arab Emirates', 'Third World Nations'),
(7, '2', '3', 'Entomology is the science that studies', 'Insects', 'Insects'),
(8, '1', '3', 'First human heart transplant operation conducted by Dr. Christiaan Barnard on Louis Washkansky, was conducted in', '1967', '1968'),
(9, '2', '3', 'Gulf cooperation council was originally formed by', 'Bahrain, Kuwait, Oman, Qatar, Saudi Arabia and United Arab Emirates', 'Second World Nations'),
(10, '1', '4', 'Entomology is the science that studies', 'Insects', 'Insects'),
(11, '2', '4', 'First human heart transplant operation conducted by Dr. Christiaan Barnard on Louis Washkansky, was conducted in', '1967', '1958'),
(12, '1', '4', 'Gulf cooperation council was originally formed by', 'Bahrain, Kuwait, Oman, Qatar, Saudi Arabia and United Arab Emirates', 'Second World Nations'),
(13, '2', '5', 'Entomology is the science that studies', 'Insects', 'Insects'),
(14, '2', '5', 'First human heart transplant operation conducted by Dr. Christiaan Barnard on Louis Washkansky, was conducted in', '1967', '1958'),
(15, '1', '5', 'Gulf cooperation council was originally formed by', 'Bahrain, Kuwait, Oman, Qatar, Saudi Arabia and United Arab Emirates', 'Third World Nations'),
(16, '2', '6', 'Entomology is the science that studies', 'Insects', 'The origin and history of technical and scientific terms'),
(17, '1', '6', 'First human heart transplant operation conducted by Dr. Christiaan Barnard on Louis Washkansky, was conducted in', '1967', '1968'),
(18, '2', '6', 'Gulf cooperation council was originally formed by', 'Bahrain, Kuwait, Oman, Qatar, Saudi Arabia and United Arab Emirates', 'Third World Nations'),
(19, '2', '7', 'Entomology is the science that studies', 'Insects', 'The formation of rocks'),
(20, '1', '7', 'First human heart transplant operation conducted by Dr. Christiaan Barnard on Louis Washkansky, was conducted in', '1967', '1922'),
(21, '2', '7', 'Gulf cooperation council was originally formed by', 'Bahrain, Kuwait, Oman, Qatar, Saudi Arabia and United Arab Emirates', 'Second World Nations'),
(22, '2', '8', 'Entomology is the science that studies', 'Insects', 'The formation of rocks'),
(23, '1', '8', 'First human heart transplant operation conducted by Dr. Christiaan Barnard on Louis Washkansky, was conducted in', '1967', '1958'),
(24, '2', '8', 'Gulf cooperation council was originally formed by', 'Bahrain, Kuwait, Oman, Qatar, Saudi Arabia and United Arab Emirates', 'Third World Nations');

-- --------------------------------------------------------

--
-- Table structure for table `quiz_result`
--

CREATE TABLE `quiz_result` (
  `quiz_result_id` int(11) NOT NULL,
  `quiz_id` text DEFAULT NULL,
  `login_id` text DEFAULT NULL,
  `correct_answer` text DEFAULT NULL,
  `wrong_answer` text DEFAULT NULL,
  `total_questions` text DEFAULT NULL,
  `time_taken` text DEFAULT NULL,
  `obtain_marks` decimal(10,2) NOT NULL DEFAULT 0.00,
  `status` text DEFAULT NULL,
  `created_on` text DEFAULT NULL
) ENGINE=InnoDB DEFAULT CHARSET=utf8mb4;

--
-- Dumping data for table `quiz_result`
--

INSERT INTO `quiz_result` (`quiz_result_id`, `quiz_id`, `login_id`, `correct_answer`, `wrong_answer`, `total_questions`, `time_taken`, `obtain_marks`, `status`, `created_on`) VALUES
(1, '3', '4', '1', '2', '3', '0:01:57', '2.00', 'Active', '2021-02-04'),
(2, '3', '4', '2', '1', '3', '0:01:58', '7.00', 'Active', '2021-02-04'),
(3, '4', '4', '0', '3', '3', '0:01:55', '0.00', 'Active', '2021-02-04'),
(4, '3', '4', '1', '2', '3', '0:01:53', '2.00', 'Active', '2021-02-04'),
(5, '3', '4', '1', '2', '3', '0:01:57', '2.00', 'Active', '2021-02-04'),
(6, '3', '4', '1', '2', '3', '0:01:57', '2.00', 'Active', '2021-02-04'),
(7, '3', '4', '1', '2', '3', '0:01:57', '2.00', 'Active', '2021-02-04'),
(8, '3', '4', '1', '2', '3', '0:01:56', '2.00', 'Active', '2021-02-04'),
(9, '3', '4', '1', '2', '3', '0:01:57', '2.00', 'Active', '2021-02-04'),
(10, '3', '4', '1', '1', '3', '0:01:52', '3.00', 'Active', '2021-02-04'),
(11, '3', '4', '1', '2', '3', '0:01:50', '2.00', 'Active', '2021-02-05');

-- --------------------------------------------------------

--
-- Table structure for table `quiz_result_detail`
--

CREATE TABLE `quiz_result_detail` (
  `id` int(11) NOT NULL,
  `subject_id` text DEFAULT NULL,
  `quiz_result_id` int(11) NOT NULL,
  `question` text NOT NULL,
  `correct_answer` text NOT NULL,
  `users_answer` text NOT NULL
) ENGINE=InnoDB DEFAULT CHARSET=utf8mb4;

--
-- Dumping data for table `quiz_result_detail`
--

INSERT INTO `quiz_result_detail` (`id`, `subject_id`, `quiz_result_id`, `question`, `correct_answer`, `users_answer`) VALUES
(1, '1', 1, 'Which state has become the first to have high-tech classrooms in all its public schools?', 'Tamil Nadu', 'Kerala'),
(2, '1', 1, 'What is the scientific name of a butterfly?', 'Formicidae', 'Rhopalocera'),
(3, '2', 1, 'How hot is the surface of the sun?', '1,233 K', '1,233 K'),
(4, '1', 2, 'Which state has become the first to have high-tech classrooms in all its public schools?', 'Tamil Nadu', 'Telangana'),
(5, '1', 2, 'What is the scientific name of a butterfly?', 'Formicidae', 'Formicidae'),
(6, '2', 2, 'How hot is the surface of the sun?', '1,233 K', '1,233 K'),
(7, '1', 3, 'Who are the actors in The Internship?', 'Kaley Cuoco, Jim Parsons', 'Ben Stiller, Jonah Hill'),
(8, '2', 3, 'What is the capital of Spain?', 'San Juan', 'Buenos Aires'),
(9, '2', 3, 'When did The Avengers come out?', 'May 2, 2008', 'May 4, 2012'),
(10, '1', 4, 'Which state has become the first to have high-tech classrooms in all its public schools?', 'Tamil Nadu', 'Andhra Pradesh'),
(11, '1', 4, 'What is the scientific name of a butterfly?', 'Formicidae', 'Formicidae'),
(12, '2', 4, 'How hot is the surface of the sun?', '1,233 K', '5,778 K'),
(13, '1', 5, 'Which state has become the first to have high-tech classrooms in all its public schools?', 'Tamil Nadu', 'Kerala'),
(14, '1', 5, 'What is the scientific name of a butterfly?', 'Formicidae', 'Formicidae'),
(15, '2', 5, 'How hot is the surface of the sun?', '1,233 K', '12,130 K'),
(16, '1', 6, 'Which state has become the first to have high-tech classrooms in all its public schools?', 'Tamil Nadu', 'Andhra Pradesh'),
(17, '1', 6, 'What is the scientific name of a butterfly?', 'Formicidae', 'Formicidae'),
(18, '2', 6, 'How hot is the surface of the sun?', '1,233 K', '12,130 K'),
(19, '1', 7, 'Which state has become the first to have high-tech classrooms in all its public schools?', 'Tamil Nadu', 'Kerala'),
(20, '1', 7, 'What is the scientific name of a butterfly?', 'Formicidae', 'Formicidae'),
(21, '2', 7, 'How hot is the surface of the sun?', '1,233 K', '5,778 K'),
(22, '1', 8, 'Which state has become the first to have high-tech classrooms in all its public schools?', 'Tamil Nadu', 'Kerala'),
(23, '1', 8, 'What is the scientific name of a butterfly?', 'Formicidae', 'Formicidae'),
(24, '2', 8, 'How hot is the surface of the sun?', '1,233 K', '12,130 K'),
(25, '1', 9, 'Which state has become the first to have high-tech classrooms in all its public schools?', 'Tamil Nadu', 'Andhra Pradesh'),
(26, '1', 9, 'What is the scientific name of a butterfly?', 'Formicidae', 'Formicidae'),
(27, '2', 9, 'How hot is the surface of the sun?', '1,233 K', '12,130 K'),
(28, '1', 10, 'Which state has become the first to have high-tech classrooms in all its public schools?', 'Tamil Nadu', 'Telangana'),
(29, '1', 10, 'What is the scientific name of a butterfly?', 'Formicidae', 'Formicidae'),
(30, '2', 10, 'How hot is the surface of the sun?', '1,233 K', 'N/A'),
(31, '1', 11, 'Which state has become the first to have high-tech classrooms in all its public schools?', 'Tamil Nadu', 'Andhra Pradesh'),
(32, '1', 11, 'What is the scientific name of a butterfly?', 'Formicidae', 'Formicidae'),
(33, '2', 11, 'How hot is the surface of the sun?', '1,233 K', '5,778 K');

-- --------------------------------------------------------

--
-- Table structure for table `quiz_subject`
--

CREATE TABLE `quiz_subject` (
  `subject_id` int(11) NOT NULL,
  `subject_name` text DEFAULT NULL,
  `status` text DEFAULT NULL,
  `created_on` text DEFAULT NULL
) ENGINE=InnoDB DEFAULT CHARSET=utf8mb4;

--
-- Dumping data for table `quiz_subject`
--

INSERT INTO `quiz_subject` (`subject_id`, `subject_name`, `status`, `created_on`) VALUES
(1, 'राज्यशास्त्र ', 'Active', NULL),
(2, 'अर्थशास्त्र', 'Active', NULL),
(3, 'भूगोल', 'Active', NULL),
(4, 'इतिहास', 'Active', NULL),
(5, 'विज्ञान', 'Active', NULL),
(6, 'गणित', 'Active', NULL),
(7, 'बुद्धिमत्ता', 'Active', NULL),
(8, 'पर्यावरण', 'Active', NULL),
(9, 'मराठी', 'Active', NULL),
(10, 'इंग्लिश', 'Active', NULL),
(11, 'इयत्ता पाचवी', 'Active', NULL),
(12, 'इयत्ता सहावी', 'Active', NULL),
(13, 'इयत्ता सातवी', 'Active', NULL),
(14, 'इयत्ता आठवी', 'Active', NULL),
(15, 'इयत्ता नववी', 'Active', NULL),
(16, 'इयत्ता दहावी', 'Active', NULL);

-- --------------------------------------------------------

--
-- Table structure for table `sarav_prashnasanch_question`
--

CREATE TABLE `sarav_prashnasanch_question` (
  `sarav_prashnasanch_question_id` int(11) NOT NULL,
  `subject_id` text DEFAULT NULL,
  `sarav_prasnasanch_id` text DEFAULT NULL,
  `question` text DEFAULT NULL,
  `question_image` text DEFAULT NULL,
  `question_type` text DEFAULT NULL,
  `option1` text DEFAULT NULL,
  `option2` text DEFAULT NULL,
  `option3` text DEFAULT NULL,
  `option4` text DEFAULT NULL,
  `answer` text DEFAULT NULL,
  `explanation` text DEFAULT NULL,
  `status` text DEFAULT NULL,
  `created_on` text DEFAULT NULL
) ENGINE=InnoDB DEFAULT CHARSET=utf8mb4;

--
-- Dumping data for table `sarav_prashnasanch_question`
--

INSERT INTO `sarav_prashnasanch_question` (`sarav_prashnasanch_question_id`, `subject_id`, `sarav_prasnasanch_id`, `question`, `question_image`, `question_type`, `option1`, `option2`, `option3`, `option4`, `answer`, `explanation`, `status`, `created_on`) VALUES
(1, '1', '1', 'Which of the following personalities gave ‘The Laws of Heredity’?   ', 'job1.png', 'image', 'Robert Hook ', 'G.J. Mendel', 'Charles Darwin', 'William Harvey', 'G.J. Mendel', NULL, 'Active', NULL),
(2, '1', '1', 'Name the person who was also known as Deshbandhu.', NULL, 'text', 'S. Radhakrishnan', 'G.K. Gokhale', 'Chittaranjan Das', 'Madan Mohan Malviya', 'Chittaranjan Das', NULL, 'Active', NULL),
(3, '2', '1', 'Which of the following is NOT the language enshrined in the eighth schedule of the Indian Constitution, as the language of the state?', 'job2.jpg', 'image', 'Nepali', 'Kashmiri', 'English', 'Konkani', 'English', NULL, 'Active', NULL),
(4, '1', '2', 'The capital of Uttarakhand is… ', 'job3.jpg', 'image', 'Masoorie', 'Dehra Dun', 'Nainital', 'None of these', 'Dehra Dun', NULL, 'Active', NULL),
(5, '2', '2', 'Geet Govind is a famous creation of ……', NULL, 'text', 'Bana Bhatt', 'Kalidas', 'Jayadev', 'Bharat Muni', 'Jayadev', NULL, 'Active', NULL),
(6, '2', '2', 'Which of the following represents the Finance Commissions that have been set-up so far?', NULL, 'text', '10', '11', '12', '13', '13', NULL, 'Active', NULL),
(7, '2', '3', 'World Trade Organization came into existence in……', 'job3.jpg', 'image', '1992', '1993', '1994', '1995', '1995', NULL, 'Active', NULL),
(8, '1', '3', 'Which of the following personalities gave ‘The Laws of Heredity’?   ', 'job1.png', 'image', 'Robert Hook ', 'G.J. Mendel', 'Charles Darwin', 'William Harvey', 'G.J. Mendel', NULL, 'Active', NULL),
(9, '1', '3', 'Name the person who was also known as Deshbandhu.', NULL, 'text', 'S. Radhakrishnan', 'G.K. Gokhale', 'Chittaranjan Das', 'Madan Mohan Malviya', 'Chittaranjan Das', NULL, 'Active', NULL),
(10, '2', '4', 'World Trade Organization came into existence in……', 'job3.jpg', 'image', '1992', '1993', '1994', '1995', '1995', NULL, 'Active', NULL),
(11, '1', '4', 'Which of the following personalities gave ‘The Laws of Heredity’?   ', 'job1.png', 'image', 'Robert Hook ', 'G.J. Mendel', 'Charles Darwin', 'William Harvey', 'G.J. Mendel', NULL, 'Active', NULL),
(12, '1', '4', 'Name the person who was also known as Deshbandhu.', NULL, 'text', 'S. Radhakrishnan', 'G.K. Gokhale', 'Chittaranjan Das', 'Madan Mohan Malviya', 'Chittaranjan Das', NULL, 'Active', NULL),
(13, '2', '5', 'World Trade Organization came into existence in……', 'job3.jpg', 'image', '1992', '1993', '1994', '1995', '1995', NULL, 'Active', NULL),
(14, '1', '5', 'Which of the following personalities gave ‘The Laws of Heredity’? ', 'job1.png', 'image', 'Robert Hook ', 'G.J. Mendel', 'Charles Darwin', 'William Harvey', 'G.J. Mendel', NULL, 'Active', NULL),
(15, '1', '5', 'Name the person who was also known as Deshbandhu.', NULL, 'text', 'S. Radhakrishnan', 'G.K. Gokhale', 'Chittaranjan Das', 'Madan Mohan Malviya', 'Chittaranjan Das', NULL, 'Active', NULL),
(16, '2', '6', 'World Trade Organization came into existence in……', 'job3.jpg', 'image', '1992', '1993', '1994', '1995', '1995', NULL, 'Active', NULL),
(17, '1', '6', 'Which of the following personalities gave ‘The Laws of Heredity’? ', 'job1.png', 'image', 'Robert Hook ', 'G.J. Mendel', 'Charles Darwin', 'William Harvey', 'G.J. Mendel', NULL, 'Active', NULL),
(18, '1', '6', 'Name the person who was also known as Deshbandhu.', NULL, 'text', 'S. Radhakrishnan', 'G.K. Gokhale', 'Chittaranjan Das', 'Madan Mohan Malviya', 'Chittaranjan Das', NULL, 'Active', NULL),
(19, '2', '7', 'World Trade Organization came into existence in……', 'job3.jpg', 'image', '1992', '1993', '1994', '1995', '1995', NULL, 'Active', NULL),
(20, '1', '7', 'Which of the following personalities gave ‘The Laws of Heredity’? ', 'job1.png', 'image', 'Robert Hook ', 'G.J. Mendel', 'Charles Darwin', 'William Harvey', 'G.J. Mendel', NULL, 'Active', NULL),
(21, '1', '7', 'Name the person who was also known as Deshbandhu.', NULL, 'text', 'S. Radhakrishnan', 'G.K. Gokhale', 'Chittaranjan Das', 'Madan Mohan Malviya', 'Chittaranjan Das', NULL, 'Active', NULL),
(22, '2', '8', 'World Trade Organization came into existence in……', 'job3.jpg', 'image', '1992', '1993', '1994', '1995', '1995', NULL, 'Active', NULL),
(23, '1', '8', 'Which of the following personalities gave ‘The Laws of Heredity’? ', 'job1.png', 'image', 'Robert Hook ', 'G.J. Mendel', 'Charles Darwin', 'William Harvey', 'G.J. Mendel', NULL, 'Active', NULL),
(24, '1', '8', 'Name the person who was also known as Deshbandhu.', NULL, 'text', 'S. Radhakrishnan', 'G.K. Gokhale', 'Chittaranjan Das', 'Madan Mohan Malviya', 'Chittaranjan Das', NULL, 'Active', NULL),
(25, '2', '9', 'World Trade Organization came into existence in……', 'job3.jpg', 'image', '1992', '1993', '1994', '1995', '1995', NULL, 'Active', NULL),
(26, '1', '9', 'Which of the following personalities gave ‘The Laws of Heredity’? ', 'job1.png', 'image', 'Robert Hook ', 'G.J. Mendel', 'Charles Darwin', 'William Harvey', 'G.J. Mendel', NULL, 'Active', NULL),
(27, '1', '9', 'Name the person who was also known as Deshbandhu.', NULL, 'text', 'S. Radhakrishnan', 'G.K. Gokhale', 'Chittaranjan Das', 'Madan Mohan Malviya', 'Chittaranjan Das', NULL, 'Active', NULL),
(28, '2', '10', 'World Trade Organization came into existence in……', 'job3.jpg', 'image', '1992', '1993', '1994', '1995', '1995', NULL, 'Active', NULL),
(29, '1', '10', 'Which of the following personalities gave ‘The Laws of Heredity’? ', 'job1.png', 'image', 'Robert Hook ', 'G.J. Mendel', 'Charles Darwin', 'William Harvey', 'G.J. Mendel', NULL, 'Active', NULL),
(30, '1', '10', 'Name the person who was also known as Deshbandhu.', NULL, 'text', 'S. Radhakrishnan', 'G.K. Gokhale', 'Chittaranjan Das', 'Madan Mohan Malviya', 'Chittaranjan Das', NULL, 'Active', NULL),
(31, '2', '11', 'World Trade Organization came into existence in……', 'job3.jpg', 'image', '1992', '1993', '1994', '1995', '1995', NULL, 'Active', NULL),
(32, '1', '11', 'Which of the following personalities gave ‘The Laws of Heredity’? ', 'job1.png', 'image', 'Robert Hook ', 'G.J. Mendel', 'Charles Darwin', 'William Harvey', 'G.J. Mendel', NULL, 'Active', NULL),
(33, '1', '11', 'Name the person who was also known as Deshbandhu.', NULL, 'text', 'S. Radhakrishnan', 'G.K. Gokhale', 'Chittaranjan Das', 'Madan Mohan Malviya', 'Chittaranjan Das', NULL, 'Active', NULL),
(34, '2', '12', 'World Trade Organization came into existence in……', 'job3.jpg', 'image', '1992', '1993', '1994', '1995', '1995', NULL, 'Active', NULL),
(35, '1', '12', 'Which of the following personalities gave ‘The Laws of Heredity’? ', 'job1.png', 'image', 'Robert Hook ', 'G.J. Mendel', 'Charles Darwin', 'William Harvey', 'G.J. Mendel', NULL, 'Active', NULL),
(36, '1', '12', 'Name the person who was also known as Deshbandhu.', NULL, 'text', 'S. Radhakrishnan', 'G.K. Gokhale', 'Chittaranjan Das', 'Madan Mohan Malviya', 'Chittaranjan Das', NULL, 'Active', NULL),
(37, '2', '13', 'World Trade Organization came into existence in……', 'job3.jpg', 'image', '1992', '1993', '1994', '1995', '1995', NULL, 'Active', NULL),
(38, '1', '13', 'Which of the following personalities gave ‘The Laws of Heredity’? ', 'job1.png', 'image', 'Robert Hook ', 'G.J. Mendel', 'Charles Darwin', 'William Harvey', 'G.J. Mendel', NULL, 'Active', NULL),
(39, '1', '13', 'Name the person who was also known as Deshbandhu.', NULL, 'text', 'S. Radhakrishnan', 'G.K. Gokhale', 'Chittaranjan Das', 'Madan Mohan Malviya', 'Chittaranjan Das', NULL, 'Active', NULL),
(40, '2', '14', 'World Trade Organization came into existence in……', 'job3.jpg', 'image', '1992', '1993', '1994', '1995', '1995', NULL, 'Active', NULL),
(41, '1', '14', 'Which of the following personalities gave ‘The Laws of Heredity’? ', 'job1.png', 'image', 'Robert Hook ', 'G.J. Mendel', 'Charles Darwin', 'William Harvey', 'G.J. Mendel', NULL, 'Active', NULL),
(42, '1', '14', 'Name the person who was also known as Deshbandhu.', NULL, 'text', 'S. Radhakrishnan', 'G.K. Gokhale', 'Chittaranjan Das', 'Madan Mohan Malviya', 'Chittaranjan Das', NULL, 'Active', NULL),
(43, '2', '15', 'World Trade Organization came into existence in……', 'job3.jpg', 'image', '1992', '1993', '1994', '1995', '1995', NULL, 'Active', NULL),
(44, '1', '15', 'Which of the following personalities gave ‘The Laws of Heredity’? ', 'job1.png', 'image', 'Robert Hook ', 'G.J. Mendel', 'Charles Darwin', 'William Harvey', 'G.J. Mendel', NULL, 'Active', NULL),
(45, '1', '15', 'Name the person who was also known as Deshbandhu.', NULL, 'text', 'S. Radhakrishnan', 'G.K. Gokhale', 'Chittaranjan Das', 'Madan Mohan Malviya', 'Chittaranjan Das', NULL, 'Active', NULL),
(46, '2', '16', 'World Trade Organization came into existence in……', 'job3.jpg', 'image', '1992', '1993', '1994', '1995', '1995', NULL, 'Active', NULL),
(47, '1', '16', 'Which of the following personalities gave ‘The Laws of Heredity’? ', 'job1.png', 'image', 'Robert Hook ', 'G.J. Mendel', 'Charles Darwin', 'William Harvey', 'G.J. Mendel', NULL, 'Active', NULL),
(48, '1', '16', 'Name the person who was also known as Deshbandhu.', NULL, 'text', 'S. Radhakrishnan', 'G.K. Gokhale', 'Chittaranjan Das', 'Madan Mohan Malviya', 'Chittaranjan Das', NULL, 'Active', NULL),
(49, '2', '17', 'World Trade Organization came into existence in……', 'job3.jpg', 'image', '1992', '1993', '1994', '1995', '1995', NULL, 'Active', NULL),
(50, '1', '17', 'Which of the following personalities gave ‘The Laws of Heredity’? ', 'job1.png', 'image', 'Robert Hook ', 'G.J. Mendel', 'Charles Darwin', 'William Harvey', 'G.J. Mendel', NULL, 'Active', NULL),
(51, '1', '17', 'Name the person who was also known as Deshbandhu.', NULL, 'text', 'S. Radhakrishnan', 'G.K. Gokhale', 'Chittaranjan Das', 'Madan Mohan Malviya', 'Chittaranjan Das', NULL, 'Active', NULL),
(52, '2', '18', 'World Trade Organization came into existence in……', 'job3.jpg', 'image', '1992', '1993', '1994', '1995', '1995', NULL, 'Active', NULL),
(53, '1', '18', 'Which of the following personalities gave ‘The Laws of Heredity’? ', 'job1.png', 'image', 'Robert Hook ', 'G.J. Mendel', 'Charles Darwin', 'William Harvey', 'G.J. Mendel', NULL, 'Active', NULL),
(54, '1', '18', 'Name the person who was also known as Deshbandhu.', NULL, 'text', 'S. Radhakrishnan', 'G.K. Gokhale', 'Chittaranjan Das', 'Madan Mohan Malviya', 'Chittaranjan Das', NULL, 'Active', NULL),
(55, '2', '19', 'World Trade Organization came into existence in……', 'job3.jpg', 'image', '1992', '1993', '1994', '1995', '1995', NULL, 'Active', NULL),
(56, '1', '19', 'Which of the following personalities gave ‘The Laws of Heredity’? ', 'job1.png', 'image', 'Robert Hook ', 'G.J. Mendel', 'Charles Darwin', 'William Harvey', 'G.J. Mendel', NULL, 'Active', NULL),
(57, '1', '19', 'Name the person who was also known as Deshbandhu.', NULL, 'text', 'S. Radhakrishnan', 'G.K. Gokhale', 'Chittaranjan Das', 'Madan Mohan Malviya', 'Chittaranjan Das', NULL, 'Active', NULL),
(58, '2', '20', 'World Trade Organization came into existence in……', 'job3.jpg', 'image', '1992', '1993', '1994', '1995', '1995', NULL, 'Active', NULL),
(59, '1', '20', 'Which of the following personalities gave ‘The Laws of Heredity’? ', 'job1.png', 'image', 'Robert Hook ', 'G.J. Mendel', 'Charles Darwin', 'William Harvey', 'G.J. Mendel', NULL, 'Active', NULL),
(60, '1', '20', 'Name the person who was also known as Deshbandhu.', NULL, 'text', 'S. Radhakrishnan', 'G.K. Gokhale', 'Chittaranjan Das', 'Madan Mohan Malviya', 'Chittaranjan Das', NULL, 'Active', NULL),
(61, '2', '21', 'World Trade Organization came into existence in……', 'job3.jpg', 'image', '1992', '1993', '1994', '1995', '1995', NULL, 'Active', NULL),
(62, '1', '21', 'Which of the following personalities gave ‘The Laws of Heredity’? ', 'job1.png', 'image', 'Robert Hook ', 'G.J. Mendel', 'Charles Darwin', 'William Harvey', 'G.J. Mendel', NULL, 'Active', NULL),
(63, '1', '21', 'Name the person who was also known as Deshbandhu.', NULL, 'text', 'S. Radhakrishnan', 'G.K. Gokhale', 'Chittaranjan Das', 'Madan Mohan Malviya', 'Chittaranjan Das', NULL, 'Active', NULL),
(64, '2', '22', 'World Trade Organization came into existence in……', 'job3.jpg', 'image', '1992', '1993', '1994', '1995', '1995', NULL, 'Active', NULL),
(65, '1', '22', 'Which of the following personalities gave ‘The Laws of Heredity’? ', 'job1.png', 'image', 'Robert Hook ', 'G.J. Mendel', 'Charles Darwin', 'William Harvey', 'G.J. Mendel', NULL, 'Active', NULL),
(66, '1', '22', 'Name the person who was also known as Deshbandhu.', NULL, 'text', 'S. Radhakrishnan', 'G.K. Gokhale', 'Chittaranjan Das', 'Madan Mohan Malviya', 'Chittaranjan Das', NULL, 'Active', NULL),
(67, '2', '23', 'World Trade Organization came into existence in……', 'job3.jpg', 'image', '1992', '1993', '1994', '1995', '1995', NULL, 'Active', NULL),
(68, '1', '23', 'Which of the following personalities gave ‘The Laws of Heredity’? ', 'job1.png', 'image', 'Robert Hook ', 'G.J. Mendel', 'Charles Darwin', 'William Harvey', 'G.J. Mendel', NULL, 'Active', NULL),
(69, '1', '23', 'Name the person who was also known as Deshbandhu.', NULL, 'text', 'S. Radhakrishnan', 'G.K. Gokhale', 'Chittaranjan Das', 'Madan Mohan Malviya', 'Chittaranjan Das', NULL, 'Active', NULL),
(70, '2', '24', 'World Trade Organization came into existence in……', 'job3.jpg', 'image', '1992', '1993', '1994', '1995', '1995', NULL, 'Active', NULL),
(71, '1', '24', 'Which of the following personalities gave ‘The Laws of Heredity’? ', 'job1.png', 'image', 'Robert Hook ', 'G.J. Mendel', 'Charles Darwin', 'William Harvey', 'G.J. Mendel', NULL, 'Active', NULL),
(72, '1', '24', 'Name the person who was also known as Deshbandhu.', NULL, 'text', 'S. Radhakrishnan', 'G.K. Gokhale', 'Chittaranjan Das', 'Madan Mohan Malviya', 'Chittaranjan Das', NULL, 'Active', NULL),
(73, '2', '25', 'World Trade Organization came into existence in……', 'job3.jpg', 'image', '1992', '1993', '1994', '1995', '1995', NULL, 'Active', NULL),
(74, '1', '25', 'Which of the following personalities gave ‘The Laws of Heredity’? ', 'job1.png', 'image', 'Robert Hook ', 'G.J. Mendel', 'Charles Darwin', 'William Harvey', 'G.J. Mendel', NULL, 'Active', NULL),
(75, '1', '25', 'Name the person who was also known as Deshbandhu.', NULL, 'text', 'S. Radhakrishnan', 'G.K. Gokhale', 'Chittaranjan Das', 'Madan Mohan Malviya', 'Chittaranjan Das', NULL, 'Active', NULL),
(76, '2', '26', 'World Trade Organization came into existence in……', 'job3.jpg', 'image', '1992', '1993', '1994', '1995', '1995', NULL, 'Active', NULL),
(77, '1', '26', 'Which of the following personalities gave ‘The Laws of Heredity’? ', 'job1.png', 'image', 'Robert Hook ', 'G.J. Mendel', 'Charles Darwin', 'William Harvey', 'G.J. Mendel', NULL, 'Active', NULL),
(78, '1', '26', 'Name the person who was also known as Deshbandhu.', NULL, 'text', 'S. Radhakrishnan', 'G.K. Gokhale', 'Chittaranjan Das', 'Madan Mohan Malviya', 'Chittaranjan Das', NULL, 'Active', NULL),
(79, '2', '27', 'World Trade Organization came into existence in……', 'job3.jpg', 'image', '1992', '1993', '1994', '1995', '1995', NULL, 'Active', NULL),
(80, '1', '27', 'Which of the following personalities gave ‘The Laws of Heredity’? ', 'job1.png', 'image', 'Robert Hook ', 'G.J. Mendel', 'Charles Darwin', 'William Harvey', 'G.J. Mendel', NULL, 'Active', NULL),
(81, '1', '27', 'Name the person who was also known as Deshbandhu.', NULL, 'text', 'S. Radhakrishnan', 'G.K. Gokhale', 'Chittaranjan Das', 'Madan Mohan Malviya', 'Chittaranjan Das', NULL, 'Active', NULL),
(82, '2', '28', 'World Trade Organization came into existence in……', 'job3.jpg', 'image', '1992', '1993', '1994', '1995', '1995', NULL, 'Active', NULL),
(83, '1', '28', 'Which of the following personalities gave ‘The Laws of Heredity’? ', 'job1.png', 'image', 'Robert Hook ', 'G.J. Mendel', 'Charles Darwin', 'William Harvey', 'G.J. Mendel', NULL, 'Active', NULL),
(84, '1', '28', 'Name the person who was also known as Deshbandhu.', NULL, 'text', 'S. Radhakrishnan', 'G.K. Gokhale', 'Chittaranjan Das', 'Madan Mohan Malviya', 'Chittaranjan Das', NULL, 'Active', NULL),
(85, '2', '29', 'World Trade Organization came into existence in……', 'job3.jpg', 'image', '1992', '1993', '1994', '1995', '1995', NULL, 'Active', NULL),
(86, '1', '29', 'Which of the following personalities gave ‘The Laws of Heredity’? ', 'job1.png', 'image', 'Robert Hook ', 'G.J. Mendel', 'Charles Darwin', 'William Harvey', 'G.J. Mendel', NULL, 'Active', NULL),
(87, '1', '29', 'Name the person who was also known as Deshbandhu.', NULL, 'text', 'S. Radhakrishnan', 'G.K. Gokhale', 'Chittaranjan Das', 'Madan Mohan Malviya', 'Chittaranjan Das', NULL, 'Active', NULL),
(88, '2', '30', 'World Trade Organization came into existence in……', 'job3.jpg', 'image', '1992', '1993', '1994', '1995', '1995', NULL, 'Active', NULL),
(89, '1', '30', 'Which of the following personalities gave ‘The Laws of Heredity’? ', 'job1.png', 'image', 'Robert Hook ', 'G.J. Mendel', 'Charles Darwin', 'William Harvey', 'G.J. Mendel', NULL, 'Active', NULL),
(90, '1', '30', 'Name the person who was also known as Deshbandhu.', NULL, 'text', 'S. Radhakrishnan', 'G.K. Gokhale', 'Chittaranjan Das', 'Madan Mohan Malviya', 'Chittaranjan Das', NULL, 'Active', NULL),
(91, '2', '31', 'World Trade Organization came into existence in……', 'job3.jpg', 'image', '1992', '1993', '1994', '1995', '1995', NULL, 'Active', NULL),
(92, '1', '31', 'Which of the following personalities gave ‘The Laws of Heredity’? ', 'job1.png', 'image', 'Robert Hook ', 'G.J. Mendel', 'Charles Darwin', 'William Harvey', 'G.J. Mendel', NULL, 'Active', NULL),
(93, '1', '31', 'Name the person who was also known as Deshbandhu.', NULL, 'text', 'S. Radhakrishnan', 'G.K. Gokhale', 'Chittaranjan Das', 'Madan Mohan Malviya', 'Chittaranjan Das', NULL, 'Active', NULL),
(94, '2', '32', 'World Trade Organization came into existence in……', 'job3.jpg', 'image', '1992', '1993', '1994', '1995', '1995', NULL, 'Active', NULL),
(95, '1', '32', 'Which of the following personalities gave ‘The Laws of Heredity’? ', 'job1.png', 'image', 'Robert Hook ', 'G.J. Mendel', 'Charles Darwin', 'William Harvey', 'G.J. Mendel', NULL, 'Active', NULL),
(96, '1', '32', 'Name the person who was also known as Deshbandhu.', NULL, 'text', 'S. Radhakrishnan', 'G.K. Gokhale', 'Chittaranjan Das', 'Madan Mohan Malviya', 'Chittaranjan Das', NULL, 'Active', NULL),
(97, '2', '33', 'World Trade Organization came into existence in……', 'job3.jpg', 'image', '1992', '1993', '1994', '1995', '1995', NULL, 'Active', NULL),
(98, '1', '33', 'Which of the following personalities gave ‘The Laws of Heredity’? ', 'job1.png', 'image', 'Robert Hook ', 'G.J. Mendel', 'Charles Darwin', 'William Harvey', 'G.J. Mendel', NULL, 'Active', NULL),
(99, '1', '33', 'Name the person who was also known as Deshbandhu.', NULL, 'text', 'S. Radhakrishnan', 'G.K. Gokhale', 'Chittaranjan Das', 'Madan Mohan Malviya', 'Chittaranjan Das', NULL, 'Active', NULL),
(100, '2', '34', 'World Trade Organization came into existence in……', 'job3.jpg', 'image', '1992', '1993', '1994', '1995', '1995', NULL, 'Active', NULL),
(101, '1', '34', 'Which of the following personalities gave ‘The Laws of Heredity’? ', 'job1.png', 'image', 'Robert Hook ', 'G.J. Mendel', 'Charles Darwin', 'William Harvey', 'G.J. Mendel', NULL, 'Active', NULL),
(102, '1', '34', 'Name the person who was also known as Deshbandhu.', NULL, 'text', 'S. Radhakrishnan', 'G.K. Gokhale', 'Chittaranjan Das', 'Madan Mohan Malviya', 'Chittaranjan Das', NULL, 'Active', NULL),
(103, '2', '35', 'World Trade Organization came into existence in……', 'job3.jpg', 'image', '1992', '1993', '1994', '1995', '1995', NULL, 'Active', NULL),
(104, '1', '35', 'Which of the following personalities gave ‘The Laws of Heredity’? ', 'job1.png', 'image', 'Robert Hook ', 'G.J. Mendel', 'Charles Darwin', 'William Harvey', 'G.J. Mendel', NULL, 'Active', NULL),
(105, '1', '35', 'Name the person who was also known as Deshbandhu.', NULL, 'text', 'S. Radhakrishnan', 'G.K. Gokhale', 'Chittaranjan Das', 'Madan Mohan Malviya', 'Chittaranjan Das', NULL, 'Active', NULL);

-- --------------------------------------------------------

--
-- Table structure for table `sarav_prashnasanch_result`
--

CREATE TABLE `sarav_prashnasanch_result` (
  `sarav_prashnasanch_result_id` int(11) NOT NULL,
  `quiz_id` text DEFAULT NULL,
  `login_id` text DEFAULT NULL,
  `correct_answer` text DEFAULT NULL,
  `wrong_answer` text DEFAULT NULL,
  `total_questions` text DEFAULT NULL,
  `time_taken` text DEFAULT NULL,
  `obtain_marks` decimal(10,2) NOT NULL DEFAULT 0.00,
  `status` text DEFAULT NULL,
  `created_on` text DEFAULT NULL
) ENGINE=InnoDB DEFAULT CHARSET=utf8mb4;

--
-- Dumping data for table `sarav_prashnasanch_result`
--

INSERT INTO `sarav_prashnasanch_result` (`sarav_prashnasanch_result_id`, `quiz_id`, `login_id`, `correct_answer`, `wrong_answer`, `total_questions`, `time_taken`, `obtain_marks`, `status`, `created_on`) VALUES
(1, '1', '4', '0', '3', '3', NULL, '0.00', 'Active', '2021-02-04'),
(2, '3', '4', '1', '2', '3', NULL, '0.00', 'Active', '2021-02-04'),
(3, '4', '4', '2', '1', '3', NULL, '0.00', 'Active', '2021-02-04'),
(4, '2', '4', '1', '2', '3', NULL, '0.00', 'Active', '2021-02-04'),
(5, '4', '4', '0', '3', '3', NULL, '0.00', 'Active', '2021-02-04'),
(6, '4', '4', '2', '1', '3', NULL, '0.00', 'Active', '2021-02-04');

-- --------------------------------------------------------

--
-- Table structure for table `sarav_prashnasanch_result_details`
--

CREATE TABLE `sarav_prashnasanch_result_details` (
  `id` int(11) NOT NULL,
  `subject_id` text DEFAULT NULL,
  `sarav_prashnasanch_result_id` text DEFAULT NULL,
  `question` text DEFAULT NULL,
  `correct_answer` text DEFAULT NULL,
  `users_answer` text DEFAULT NULL
) ENGINE=InnoDB DEFAULT CHARSET=utf8mb4;

--
-- Dumping data for table `sarav_prashnasanch_result_details`
--

INSERT INTO `sarav_prashnasanch_result_details` (`id`, `subject_id`, `sarav_prashnasanch_result_id`, `question`, `correct_answer`, `users_answer`) VALUES
(1, '1', '1', 'Which of the following personalities gave ‘The Laws of Heredity’?   ', 'G.J. Mendel', 'Robert Hook '),
(2, '1', '1', 'Name the person who was also known as Deshbandhu.', 'Chittaranjan Das', 'Madan Mohan Malviya'),
(3, '2', '1', 'Which of the following is NOT the language enshrined in the eighth schedule of the Indian Constitution, as the language of the state?', 'English', 'Kashmiri'),
(4, '2', '2', 'World Trade Organization came into existence in……', '1995', '1992'),
(5, '1', '2', 'Which of the following personalities gave ‘The Laws of Heredity’?   ', 'G.J. Mendel', 'William Harvey'),
(6, '1', '2', 'Name the person who was also known as Deshbandhu.', 'Chittaranjan Das', 'Chittaranjan Das'),
(7, '2', '3', 'World Trade Organization came into existence in……', '1995', '1993'),
(8, '1', '3', 'Which of the following personalities gave ‘The Laws of Heredity’?   ', 'G.J. Mendel', 'G.J. Mendel'),
(9, '1', '3', 'Name the person who was also known as Deshbandhu.', 'Chittaranjan Das', 'Chittaranjan Das'),
(10, '1', '4', 'The capital of Uttarakhand is… ', 'Dehra Dun', 'Dehra Dun'),
(11, '2', '4', 'Geet Govind is a famous creation of ……', 'Jayadev', 'Bharat Muni'),
(12, '2', '4', 'Which of the following represents the Finance Commissions that have been set-up so far?', '13', '11'),
(13, '2', '5', 'World Trade Organization came into existence in……', '1995', '1994'),
(14, '1', '5', 'Which of the following personalities gave ‘The Laws of Heredity’?   ', 'G.J. Mendel', 'Robert Hook '),
(15, '1', '5', 'Name the person who was also known as Deshbandhu.', 'Chittaranjan Das', 'Madan Mohan Malviya'),
(16, '2', '6', 'World Trade Organization came into existence in……', '1995', '1994'),
(17, '1', '6', 'Which of the following personalities gave ‘The Laws of Heredity’?   ', 'G.J. Mendel', 'G.J. Mendel'),
(18, '1', '6', 'Name the person who was also known as Deshbandhu.', 'Chittaranjan Das', 'Chittaranjan Das');

-- --------------------------------------------------------

--
-- Table structure for table `sarav_prashnasanch_subjects`
--

CREATE TABLE `sarav_prashnasanch_subjects` (
  `sarav_prashnasanch_subjects_id` int(11) NOT NULL,
  `selected_exams_id` text DEFAULT NULL,
  `subject_name` text DEFAULT NULL,
  `status` text DEFAULT NULL,
  `created_on` text DEFAULT NULL
) ENGINE=InnoDB DEFAULT CHARSET=utf8mb4;

--
-- Dumping data for table `sarav_prashnasanch_subjects`
--

INSERT INTO `sarav_prashnasanch_subjects` (`sarav_prashnasanch_subjects_id`, `selected_exams_id`, `subject_name`, `status`, `created_on`) VALUES
(1, '1', 'राज्यशास्त्र ', 'Active', '2020-11-20'),
(2, '1', 'अर्थशास्त्र ', 'Active', '2020-11-20'),
(3, '1', 'भूगोल ', 'Active', '2020-11-20'),
(4, '1', 'इतिहास', 'Active', '2020-11-20'),
(5, '1', 'विज्ञान ', 'Active', '2020-11-20'),
(6, '1', 'गणित ', 'Active', '2020-11-20'),
(7, '1', 'बुद्धिमत्ता ', 'Active', '2020-11-20'),
(8, '1', 'पर्यावरण ', 'Active', '2020-11-20'),
(9, '1', 'मराठी ', 'Active', '2020-11-20'),
(10, '1', 'इंग्लिश ', 'Active', '2020-11-20'),
(11, '1', 'चालू घडामोडी ', 'Active', '2020-11-20'),
(12, '2', 'मराठी', 'Active', '2020-11-20'),
(13, '2', 'इंग्रजी', 'Active', '2020-11-20'),
(14, '2', 'गणित', 'Active', '2020-11-20'),
(15, '2', 'बुद्धिमत्ता', 'Active', '2020-11-20'),
(16, '3', 'राज्यशास्त्र ', 'Active', '2020-11-20'),
(17, '3', 'अर्थशास्त्र ', 'Active', '2020-11-20'),
(18, '3', 'भूगोल ', 'Active', '2020-11-20'),
(19, '3', 'इतिहास', 'Active', '2020-11-20'),
(20, '3', 'विज्ञान ', 'Active', '2020-11-20'),
(21, '3', 'गणित ', 'Active', '2020-11-20'),
(22, '3', 'बुद्धिमत्ता ', 'Active', '2020-11-20'),
(23, '3', 'मराठी ', 'Active', '2020-11-20'),
(24, '3', 'इंग्लिश ', 'Active', '2020-11-20'),
(25, '3', 'चालू घडामोडी ', 'Active', '2020-11-20'),
(26, '4', 'राज्यशास्त्र ', 'Active', '2020-11-20'),
(27, '4', 'अर्थशास्त्र ', 'Active', '2020-11-20'),
(28, '4', 'भूगोल ', 'Active', '2020-11-20'),
(29, '4', 'इतिहास', 'Active', '2020-11-20'),
(30, '4', 'विज्ञान ', 'Active', '2020-11-20'),
(31, '4', 'गणित ', 'Active', '2020-11-20'),
(32, '4', 'बुद्धिमत्ता ', 'Active', '2020-11-20'),
(33, '4', 'मराठी ', 'Active', '2020-11-20'),
(34, '4', 'इंग्लिश ', 'Active', '2020-11-20'),
(35, '4', 'चालू घडामोडी ', 'Active', '2020-11-20');

-- --------------------------------------------------------

--
-- Table structure for table `sarav_prasnasanch`
--

CREATE TABLE `sarav_prasnasanch` (
  `sarav_prasnasanch_id` int(11) NOT NULL,
  `sarav_prashnasanch_subjects_id` text DEFAULT NULL,
  `selected_exams_id` text DEFAULT NULL,
  `quiz_title` text DEFAULT NULL,
  `quiz_questions` text DEFAULT NULL,
  `quiz_duration` text DEFAULT NULL,
  `correct_answer_mark` decimal(10,2) NOT NULL DEFAULT 0.00,
  `wrong_answer_mark` decimal(10,2) NOT NULL DEFAULT 0.00,
  `instructions` text DEFAULT NULL,
  `status` text DEFAULT NULL,
  `created_on` text DEFAULT NULL
) ENGINE=InnoDB DEFAULT CHARSET=utf8mb4;

--
-- Dumping data for table `sarav_prasnasanch`
--

INSERT INTO `sarav_prasnasanch` (`sarav_prasnasanch_id`, `sarav_prashnasanch_subjects_id`, `selected_exams_id`, `quiz_title`, `quiz_questions`, `quiz_duration`, `correct_answer_mark`, `wrong_answer_mark`, `instructions`, `status`, `created_on`) VALUES
(1, '1', '1', 'General Knowledge Questions and Answers for Competitive Exams ', '3', '2', '0.00', '0.00', '1) Before beginning the exam Log out of\r\nBlackboard and then back in to Blackboard\r\nbefore you begin.\r\n2) If you are taking the exam late in the day.\r\n3) It is recommended that you reboot your\r\ncomputer before beginning to free up memory\r\nresources from other programs on your\r\ncomputer.', 'Active', NULL),
(2, '2', '1', 'General Knowledge Questions and Answers for Competitive Exams ', '3', '2', '0.00', '0.00', '1) Before beginning the exam Log out of\r\nBlackboard and then back in to Blackboard\r\nbefore you begin.\r\n2) If you are taking the exam late in the day.\r\n3) It is recommended that you reboot your\r\ncomputer before beginning to free up memory\r\nresources from other programs on your\r\ncomputer.', 'Active', NULL),
(3, '3', '1', 'General Knowledge Questions and Answers for Competitive Exams ', '3', '2', '0.00', '0.00', '1) Before beginning the exam Log out of\r\nBlackboard and then back in to Blackboard\r\nbefore you begin.\r\n2) If you are taking the exam late in the day.\r\n3) It is recommended that you reboot your\r\ncomputer before beginning to free up memory\r\nresources from other programs on your\r\ncomputer.', 'Active', NULL),
(4, '4', '1', 'General Knowledge Questions and Answers for Competitive Exams ', '3', '2', '0.00', '0.00', '1) Before beginning the exam Log out of\r\nBlackboard and then back in to Blackboard\r\nbefore you begin.\r\n2) If you are taking the exam late in the day.\r\n3) It is recommended that you reboot your\r\ncomputer before beginning to free up memory\r\nresources from other programs on your\r\ncomputer.', 'Active', NULL),
(5, '5', '1', 'General Knowledge Questions and Answers for Competitive Exams ', '3', '2', '0.00', '0.00', '1) Before beginning the exam Log out of\r\nBlackboard and then back in to Blackboard\r\nbefore you begin.\r\n2) If you are taking the exam late in the day.\r\n3) It is recommended that you reboot your\r\ncomputer before beginning to free up memory\r\nresources from other programs on your\r\ncomputer.', 'Active', NULL),
(6, '6', '1', 'General Knowledge Questions and Answers for Competitive Exams ', '3', '2', '0.00', '0.00', NULL, 'Active', NULL),
(7, '7', '1', 'General Knowledge Questions and Answers for Competitive Exams ', '3', '2', '0.00', '0.00', NULL, 'Active', NULL),
(8, '8', '1', 'General Knowledge Questions and Answers for Competitive Exams ', '3', '2', '0.00', '0.00', NULL, 'Active', NULL),
(9, '9', '1', 'General Knowledge Questions and Answers for Competitive Exams ', '3', '2', '0.00', '0.00', NULL, 'Active', NULL),
(10, '10', '1', 'General Knowledge Questions and Answers for Competitive Exams ', '3', '2', '0.00', '0.00', NULL, 'Active', NULL),
(11, '11', '1', 'General Knowledge Questions and Answers for Competitive Exams ', '3', '2', '0.00', '0.00', NULL, 'Active', NULL),
(12, '12', '1', 'General Knowledge Questions and Answers for Competitive Exams ', '3', '2', '0.00', '0.00', NULL, 'Active', NULL),
(13, '13', '1', 'General Knowledge Questions and Answers for Competitive Exams ', '3', '2', '0.00', '0.00', NULL, 'Active', NULL),
(14, '14', '1', 'General Knowledge Questions and Answers for Competitive Exams ', '3', '2', '0.00', '0.00', NULL, 'Active', NULL),
(15, '15', '1', 'General Knowledge Questions and Answers for Competitive Exams ', '3', '2', '0.00', '0.00', NULL, 'Active', NULL),
(16, '16', '1', 'General Knowledge Questions and Answers for Competitive Exams ', '3', '2', '0.00', '0.00', NULL, 'Active', NULL),
(17, '17', '1', 'General Knowledge Questions and Answers for Competitive Exams ', '3', '2', '0.00', '0.00', NULL, 'Active', NULL),
(18, '18', '1', 'General Knowledge Questions and Answers for Competitive Exams ', '3', '2', '0.00', '0.00', NULL, 'Active', NULL),
(19, '19', '1', 'General Knowledge Questions and Answers for Competitive Exams ', '3', '2', '0.00', '0.00', NULL, 'Active', NULL),
(20, '20', '1', 'General Knowledge Questions and Answers for Competitive Exams ', '3', '2', '0.00', '0.00', NULL, 'Active', NULL),
(21, '21', '1', 'General Knowledge Questions and Answers for Competitive Exams ', '3', '2', '0.00', '0.00', NULL, 'Active', NULL),
(22, '22', '1', 'General Knowledge Questions and Answers for Competitive Exams ', '3', '2', '0.00', '0.00', NULL, 'Active', NULL),
(23, '23', '1', 'General Knowledge Questions and Answers for Competitive Exams ', '3', '2', '0.00', '0.00', NULL, 'Active', NULL),
(24, '24', '1', 'General Knowledge Questions and Answers for Competitive Exams ', '3', '2', '0.00', '0.00', NULL, 'Active', NULL),
(25, '25', '1', 'General Knowledge Questions and Answers for Competitive Exams ', '3', '2', '0.00', '0.00', NULL, 'Active', NULL),
(26, '26', '1', 'General Knowledge Questions and Answers for Competitive Exams ', '3', '2', '0.00', '0.00', NULL, 'Active', NULL),
(27, '27', '1', 'General Knowledge Questions and Answers for Competitive Exams ', '3', '2', '0.00', '0.00', NULL, 'Active', NULL),
(28, '28', '1', 'General Knowledge Questions and Answers for Competitive Exams ', '3', '2', '0.00', '0.00', NULL, 'Active', NULL),
(29, '29', '1', 'General Knowledge Questions and Answers for Competitive Exams ', '3', '2', '0.00', '0.00', NULL, 'Active', NULL),
(30, '30', '1', 'General Knowledge Questions and Answers for Competitive Exams ', '3', '2', '0.00', '0.00', NULL, 'Active', NULL),
(31, '31', '1', 'General Knowledge Questions and Answers for Competitive Exams ', '3', '2', '0.00', '0.00', NULL, 'Active', NULL),
(32, '32', '1', 'General Knowledge Questions and Answers for Competitive Exams ', '3', '2', '0.00', '0.00', NULL, 'Active', NULL),
(33, '33', '1', 'General Knowledge Questions and Answers for Competitive Exams ', '3', '2', '0.00', '0.00', NULL, 'Active', NULL),
(34, '34', '1', 'General Knowledge Questions and Answers for Competitive Exams ', '3', '2', '0.00', '0.00', NULL, 'Active', NULL),
(35, '35', '1', 'General Knowledge Questions and Answers for Competitive Exams ', '3', '2', '0.00', '0.00', NULL, 'Active', NULL);

-- --------------------------------------------------------

--
-- Table structure for table `selected_exams_pref`
--

CREATE TABLE `selected_exams_pref` (
  `selected_exams_id` int(11) NOT NULL,
  `login_id` text DEFAULT NULL,
  `exam_id` text DEFAULT NULL,
  `status` text DEFAULT NULL,
  `created_on` text DEFAULT NULL
) ENGINE=InnoDB DEFAULT CHARSET=utf8mb4;

-- --------------------------------------------------------

--
-- Table structure for table `study_material_content`
--

CREATE TABLE `study_material_content` (
  `study_material_content_id` int(11) NOT NULL,
  `study_material_id` text DEFAULT NULL,
  `study_material_content_title` text DEFAULT NULL,
  `status` text DEFAULT NULL,
  `created_on` text DEFAULT NULL
) ENGINE=InnoDB DEFAULT CHARSET=utf8mb4;

--
-- Dumping data for table `study_material_content`
--

INSERT INTO `study_material_content` (`study_material_content_id`, `study_material_id`, `study_material_content_title`, `status`, `created_on`) VALUES
(1, '4', 'राज्यशास्त्र', 'Active', NULL),
(2, '4', 'अर्थशास्त्र', 'Active', NULL),
(3, '4', 'भूगोल', 'Active', NULL),
(4, '4', 'इतिहास', 'Active', NULL),
(5, '4', 'विज्ञान', 'Active', NULL),
(6, '4', 'गणित', 'Active', NULL),
(7, '4', 'बुद्धिमत्ता', 'Active', NULL),
(8, '3', 'राज्यसेवा', 'Active', NULL),
(9, '3', 'राज्यकर निरीक्षक (STI)', 'Active', NULL),
(10, '3', ' सहायक कक्ष अधिकारी (ASO)', 'Active', NULL),
(11, '3', 'राज्य कर सहायक', 'Active', NULL),
(12, '3', 'लिपिक', 'Active', NULL);

-- --------------------------------------------------------

--
-- Table structure for table `study_material_content_quiz`
--

CREATE TABLE `study_material_content_quiz` (
  `study_material_content_quiz_id` int(11) NOT NULL,
  `study_material_id` text DEFAULT NULL,
  `quiz_title` text DEFAULT NULL,
  `total_questions` text DEFAULT NULL,
  `total_time` text DEFAULT NULL,
  `status` text DEFAULT NULL,
  `created_on` text DEFAULT NULL
) ENGINE=InnoDB DEFAULT CHARSET=utf8mb4;

--
-- Dumping data for table `study_material_content_quiz`
--

INSERT INTO `study_material_content_quiz` (`study_material_content_quiz_id`, `study_material_id`, `quiz_title`, `total_questions`, `total_time`, `status`, `created_on`) VALUES
(1, '4', 'सराव प्रश्नसंच १', '10', '10 min', 'Active', NULL),
(2, '4', 'सराव प्रश्नसंच २', '5', '5 min', 'Active', NULL);

-- --------------------------------------------------------

--
-- Table structure for table `test_series`
--

CREATE TABLE `test_series` (
  `test_series` int(11) NOT NULL,
  `selected_exams_id` text DEFAULT NULL,
  `test_title` text DEFAULT NULL,
  `status` text DEFAULT NULL,
  `created_on` text DEFAULT NULL
) ENGINE=InnoDB DEFAULT CHARSET=utf8mb4;

--
-- Dumping data for table `test_series`
--

INSERT INTO `test_series` (`test_series`, `selected_exams_id`, `test_title`, `status`, `created_on`) VALUES
(1, '1', 'Test Series 1', 'Active', NULL),
(2, '1', 'Test Series 2', 'Active', NULL),
(3, '2', 'Test Series 1', 'Active', NULL),
(4, '2', 'Test Series 2', 'Active', NULL),
(5, '3', 'Test Series 1', 'Active', NULL),
(6, '3', 'Test Series 2', 'Active', NULL),
(7, '4', 'Test Series 1', 'Active', NULL),
(8, '4', 'Test Series 2', 'Active', NULL);

-- --------------------------------------------------------

--
-- Table structure for table `test_series_exam_list`
--

CREATE TABLE `test_series_exam_list` (
  `test_series_exam_list_id` int(11) NOT NULL,
  `test_series` text DEFAULT NULL,
  `exam_title` text DEFAULT NULL,
  `exam_questions` text DEFAULT NULL,
  `exam_duration` text DEFAULT NULL,
  `correct_answer_mark` decimal(10,2) NOT NULL DEFAULT 0.00,
  `wrong_answer_mark` decimal(10,2) NOT NULL DEFAULT 0.00,
  `instructions` text DEFAULT NULL,
  `status` text DEFAULT NULL,
  `created_on` text DEFAULT NULL
) ENGINE=InnoDB DEFAULT CHARSET=utf8mb4;

--
-- Dumping data for table `test_series_exam_list`
--

INSERT INTO `test_series_exam_list` (`test_series_exam_list_id`, `test_series`, `exam_title`, `exam_questions`, `exam_duration`, `correct_answer_mark`, `wrong_answer_mark`, `instructions`, `status`, `created_on`) VALUES
(1, '1', 'Test Series - 1 - Exam 1', '3', '2', '0.00', '0.00', NULL, 'Active', NULL),
(2, '1', 'Test Series - 1 - Exam 2', '3', '2', '0.00', '0.00', NULL, 'Active', NULL),
(3, '2', 'Test Series - 2 - Exam 1', '3', '2', '0.00', '0.00', NULL, 'Active', NULL),
(4, '2', 'Test Series - 2 - Exam 2', '3', '2', '0.00', '0.00', NULL, 'Active', NULL),
(5, '3', 'Test Series - 1 - Exam 1', '3', '2', '0.00', '0.00', NULL, 'Active', NULL),
(6, '3', 'Test Series - 1 - Exam 2', '3', '2', '0.00', '0.00', NULL, 'Active', NULL),
(7, '4', 'Test Series - 2 - Exam 1', '3', '2', '0.00', '0.00', NULL, 'Active', NULL),
(8, '4', 'Test Series - 2 - Exam 2', '3', '2', '0.00', '0.00', NULL, 'Active', NULL),
(9, '5', 'Test Series - 1 - Exam 1', '3', '2', '0.00', '0.00', NULL, 'Active', NULL),
(10, '5', 'Test Series - 1 - Exam 2', '3', '2', '0.00', '0.00', NULL, 'Active', NULL),
(11, '6', 'Test Series - 2 - Exam 1', '3', '2', '0.00', '0.00', NULL, 'Active', NULL),
(12, '6', 'Test Series - 2 - Exam 2', '3', '2', '0.00', '0.00', NULL, 'Active', NULL),
(13, '7', 'Test Series - 1 - Exam 1', '3', '2', '0.00', '0.00', NULL, 'Active', NULL),
(14, '7', 'Test Series - 1 - Exam 2', '3', '2', '0.00', '0.00', NULL, 'Active', NULL),
(15, '8', 'Test Series - 2 - Exam 1', '3', '2', '0.00', '0.00', NULL, 'Active', NULL),
(16, '8', 'Test Series - 2 - Exam 2', '3', '2', '0.00', '0.00', NULL, 'Active', NULL);

-- --------------------------------------------------------

--
-- Table structure for table `test_series_questions`
--

CREATE TABLE `test_series_questions` (
  `test_series_questions_id` int(11) NOT NULL,
  `subject_id` text DEFAULT NULL,
  `test_series` text DEFAULT NULL,
  `question` text DEFAULT NULL,
  `question_image` text DEFAULT NULL,
  `question_type` text DEFAULT NULL,
  `option1` text DEFAULT NULL,
  `option2` text DEFAULT NULL,
  `option3` text DEFAULT NULL,
  `option4` text DEFAULT NULL,
  `answer` text DEFAULT NULL,
  `explanation` text DEFAULT NULL,
  `status` text DEFAULT NULL,
  `created_on` text DEFAULT NULL
) ENGINE=InnoDB DEFAULT CHARSET=utf8mb4;

--
-- Dumping data for table `test_series_questions`
--

INSERT INTO `test_series_questions` (`test_series_questions_id`, `subject_id`, `test_series`, `question`, `question_image`, `question_type`, `option1`, `option2`, `option3`, `option4`, `answer`, `explanation`, `status`, `created_on`) VALUES
(1, '1', '1', 'Which of the following personalities gave ‘The Laws of Heredity’?   ', NULL, 'text', 'Robert Hook', 'G.J. Mendel', 'Charles Darwin', 'William Harvey', 'G.J. Mendel', NULL, 'Active', NULL),
(2, '1', '1', 'Name the person who was also known as Deshbandhu.', 'job2.jpg', 'image', 'S. Radhakrishnan', 'G.K. Gokhale', 'Chittaranjan Das', 'Madan Mohan Malviya', 'Chittaranjan Das', NULL, 'Active', NULL),
(3, '2', '1', 'Which of the following is NOT the language enshrined in the eighth schedule of the Indian Constitution, as the language of the state?', 'job2.jpg', 'image', 'Nepali', 'Kashmiri', 'English', 'Konkani', 'English', NULL, 'Active', NULL),
(4, '1', '2', 'Which of the following personalities gave ‘The Laws of Heredity’?   ', NULL, 'text', 'Robert Hook', 'G.J. Mendel', 'Charles Darwin', 'William Harvey', 'G.J. Mendel', NULL, 'Active', NULL),
(5, '1', '2', 'Name the person who was also known as Deshbandhu.', 'job2.jpg', 'image', 'S. Radhakrishnan', 'G.K. Gokhale', 'Chittaranjan Das', 'Madan Mohan Malviya', 'Chittaranjan Das', NULL, 'Active', NULL),
(6, '2', '2', 'Which of the following is NOT the language enshrined in the eighth schedule of the Indian Constitution, as the language of the state?', 'job2.jpg', 'image', 'Nepali', 'Kashmiri', 'English', 'Konkani', 'English', NULL, 'Active', NULL),
(7, '1', '3', 'Which of the following personalities gave ‘The Laws of Heredity’? ', NULL, 'text', 'Robert Hook', 'G.J. Mendel', 'Charles Darwin', 'William Harvey', 'G.J. Mendel', NULL, 'Active', NULL),
(8, '1', '3', 'Name the person who was also known as Deshbandhu.', 'job2.jpg', 'image', 'S. Radhakrishnan', 'G.K. Gokhale', 'Chittaranjan Das', 'Madan Mohan Malviya', 'Chittaranjan Das', NULL, 'Active', NULL),
(9, '2', '3', 'Which of the following is NOT the language enshrined in the eighth schedule of the Indian Constitution, as the language of the state?', 'job2.jpg', 'image', 'Nepali', 'Kashmiri', 'English', 'Konkani', 'English', NULL, 'Active', NULL),
(10, '1', '4', 'Which of the following personalities gave ‘The Laws of Heredity’? ', NULL, 'text', 'Robert Hook', 'G.J. Mendel', 'Charles Darwin', 'William Harvey', 'G.J. Mendel', NULL, 'Active', NULL),
(11, '1', '4', 'Name the person who was also known as Deshbandhu.', 'job2.jpg', 'image', 'S. Radhakrishnan', 'G.K. Gokhale', 'Chittaranjan Das', 'Madan Mohan Malviya', 'Chittaranjan Das', NULL, 'Active', NULL),
(12, '2', '4', 'Which of the following is NOT the language enshrined in the eighth schedule of the Indian Constitution, as the language of the state?', 'job2.jpg', 'image', 'Nepali', 'Kashmiri', 'English', 'Konkani', 'English', NULL, 'Active', NULL),
(13, '1', '5', 'Which of the following personalities gave ‘The Laws of Heredity’? ', NULL, 'text', 'Robert Hook', 'G.J. Mendel', 'Charles Darwin', 'William Harvey', 'G.J. Mendel', NULL, 'Active', NULL),
(14, '1', '5', 'Name the person who was also known as Deshbandhu.', 'job2.jpg', 'image', 'S. Radhakrishnan', 'G.K. Gokhale', 'Chittaranjan Das', 'Madan Mohan Malviya', 'Chittaranjan Das', NULL, 'Active', NULL),
(15, '2', '5', 'Which of the following is NOT the language enshrined in the eighth schedule of the Indian Constitution, as the language of the state?', 'job2.jpg', 'image', 'Nepali', 'Kashmiri', 'English', 'Konkani', 'English', NULL, 'Active', NULL),
(16, '1', '6', 'Which of the following personalities gave ‘The Laws of Heredity’? ', NULL, 'text', 'Robert Hook', 'G.J. Mendel', 'Charles Darwin', 'William Harvey', 'G.J. Mendel', NULL, 'Active', NULL),
(17, '1', '6', 'Name the person who was also known as Deshbandhu.', 'job2.jpg', 'image', 'S. Radhakrishnan', 'G.K. Gokhale', 'Chittaranjan Das', 'Madan Mohan Malviya', 'Chittaranjan Das', NULL, 'Active', NULL),
(18, '2', '6', 'Which of the following is NOT the language enshrined in the eighth schedule of the Indian Constitution, as the language of the state?', 'job2.jpg', 'image', 'Nepali', 'Kashmiri', 'English', 'Konkani', 'English', NULL, 'Active', NULL),
(19, '1', '7', 'Which of the following personalities gave ‘The Laws of Heredity’? ', NULL, 'text', 'Robert Hook', 'G.J. Mendel', 'Charles Darwin', 'William Harvey', 'G.J. Mendel', NULL, 'Active', NULL),
(20, '1', '7', 'Name the person who was also known as Deshbandhu.', 'job2.jpg', 'image', 'S. Radhakrishnan', 'G.K. Gokhale', 'Chittaranjan Das', 'Madan Mohan Malviya', 'Chittaranjan Das', NULL, 'Active', NULL),
(21, '2', '7', 'Which of the following is NOT the language enshrined in the eighth schedule of the Indian Constitution, as the language of the state?', 'job2.jpg', 'image', 'Nepali', 'Kashmiri', 'English', 'Konkani', 'English', NULL, 'Active', NULL),
(22, '1', '8', 'Which of the following personalities gave ‘The Laws of Heredity’? ', NULL, 'text', 'Robert Hook', 'G.J. Mendel', 'Charles Darwin', 'William Harvey', 'G.J. Mendel', NULL, 'Active', NULL),
(23, '1', '8', 'Name the person who was also known as Deshbandhu.', 'job2.jpg', 'image', 'S. Radhakrishnan', 'G.K. Gokhale', 'Chittaranjan Das', 'Madan Mohan Malviya', 'Chittaranjan Das', NULL, 'Active', NULL),
(24, '2', '8', 'Which of the following is NOT the language enshrined in the eighth schedule of the Indian Constitution, as the language of the state?', 'job2.jpg', 'image', 'Nepali', 'Kashmiri', 'English', 'Konkani', 'English', NULL, 'Active', NULL),
(25, '1', '9', 'Which of the following personalities gave ‘The Laws of Heredity’? ', NULL, 'text', 'Robert Hook', 'G.J. Mendel', 'Charles Darwin', 'William Harvey', 'G.J. Mendel', NULL, 'Active', NULL),
(26, '1', '9', 'Name the person who was also known as Deshbandhu.', 'job2.jpg', 'image', 'S. Radhakrishnan', 'G.K. Gokhale', 'Chittaranjan Das', 'Madan Mohan Malviya', 'Chittaranjan Das', NULL, 'Active', NULL),
(27, '2', '9', 'Which of the following is NOT the language enshrined in the eighth schedule of the Indian Constitution, as the language of the state?', 'job2.jpg', 'image', 'Nepali', 'Kashmiri', 'English', 'Konkani', 'English', NULL, 'Active', NULL),
(28, '1', '10', 'Which of the following personalities gave ‘The Laws of Heredity’? ', NULL, 'text', 'Robert Hook', 'G.J. Mendel', 'Charles Darwin', 'William Harvey', 'G.J. Mendel', NULL, 'Active', NULL),
(29, '1', '10', 'Name the person who was also known as Deshbandhu.', 'job2.jpg', 'image', 'S. Radhakrishnan', 'G.K. Gokhale', 'Chittaranjan Das', 'Madan Mohan Malviya', 'Chittaranjan Das', NULL, 'Active', NULL),
(30, '2', '10', 'Which of the following is NOT the language enshrined in the eighth schedule of the Indian Constitution, as the language of the state?', 'job2.jpg', 'image', 'Nepali', 'Kashmiri', 'English', 'Konkani', 'English', NULL, 'Active', NULL),
(31, '1', '11', 'Which of the following personalities gave ‘The Laws of Heredity’? ', NULL, 'text', 'Robert Hook', 'G.J. Mendel', 'Charles Darwin', 'William Harvey', 'G.J. Mendel', NULL, 'Active', NULL),
(32, '1', '11', 'Name the person who was also known as Deshbandhu.', 'job2.jpg', 'image', 'S. Radhakrishnan', 'G.K. Gokhale', 'Chittaranjan Das', 'Madan Mohan Malviya', 'Chittaranjan Das', NULL, 'Active', NULL),
(33, '2', '11', 'Which of the following is NOT the language enshrined in the eighth schedule of the Indian Constitution, as the language of the state?', 'job2.jpg', 'image', 'Nepali', 'Kashmiri', 'English', 'Konkani', 'English', NULL, 'Active', NULL),
(34, '1', '12', 'Which of the following personalities gave ‘The Laws of Heredity’? ', NULL, 'text', 'Robert Hook', 'G.J. Mendel', 'Charles Darwin', 'William Harvey', 'G.J. Mendel', NULL, 'Active', NULL),
(35, '1', '12', 'Name the person who was also known as Deshbandhu.', 'job2.jpg', 'image', 'S. Radhakrishnan', 'G.K. Gokhale', 'Chittaranjan Das', 'Madan Mohan Malviya', 'Chittaranjan Das', NULL, 'Active', NULL),
(36, '2', '12', 'Which of the following is NOT the language enshrined in the eighth schedule of the Indian Constitution, as the language of the state?', 'job2.jpg', 'image', 'Nepali', 'Kashmiri', 'English', 'Konkani', 'English', NULL, 'Active', NULL),
(37, '1', '13', 'Which of the following personalities gave ‘The Laws of Heredity’? ', NULL, 'text', 'Robert Hook', 'G.J. Mendel', 'Charles Darwin', 'William Harvey', 'G.J. Mendel', NULL, 'Active', NULL),
(38, '1', '13', 'Name the person who was also known as Deshbandhu.', 'job2.jpg', 'image', 'S. Radhakrishnan', 'G.K. Gokhale', 'Chittaranjan Das', 'Madan Mohan Malviya', 'Chittaranjan Das', NULL, 'Active', NULL),
(39, '2', '13', 'Which of the following is NOT the language enshrined in the eighth schedule of the Indian Constitution, as the language of the state?', 'job2.jpg', 'image', 'Nepali', 'Kashmiri', 'English', 'Konkani', 'English', NULL, 'Active', NULL),
(40, '1', '14', 'Which of the following personalities gave ‘The Laws of Heredity’? ', NULL, 'text', 'Robert Hook', 'G.J. Mendel', 'Charles Darwin', 'William Harvey', 'G.J. Mendel', NULL, 'Active', NULL),
(41, '1', '14', 'Name the person who was also known as Deshbandhu.', 'job2.jpg', 'image', 'S. Radhakrishnan', 'G.K. Gokhale', 'Chittaranjan Das', 'Madan Mohan Malviya', 'Chittaranjan Das', NULL, 'Active', NULL),
(42, '2', '14', 'Which of the following is NOT the language enshrined in the eighth schedule of the Indian Constitution, as the language of the state?', 'job2.jpg', 'image', 'Nepali', 'Kashmiri', 'English', 'Konkani', 'English', NULL, 'Active', NULL),
(43, '1', '15', 'Which of the following personalities gave ‘The Laws of Heredity’? ', NULL, 'text', 'Robert Hook', 'G.J. Mendel', 'Charles Darwin', 'William Harvey', 'G.J. Mendel', NULL, 'Active', NULL),
(44, '1', '15', 'Name the person who was also known as Deshbandhu.', 'job2.jpg', 'image', 'S. Radhakrishnan', 'G.K. Gokhale', 'Chittaranjan Das', 'Madan Mohan Malviya', 'Chittaranjan Das', NULL, 'Active', NULL),
(45, '2', '15', 'Which of the following is NOT the language enshrined in the eighth schedule of the Indian Constitution, as the language of the state?', 'job2.jpg', 'image', 'Nepali', 'Kashmiri', 'English', 'Konkani', 'English', NULL, 'Active', NULL),
(46, '1', '16', 'Which of the following personalities gave ‘The Laws of Heredity’? ', NULL, 'text', 'Robert Hook', 'G.J. Mendel', 'Charles Darwin', 'William Harvey', 'G.J. Mendel', NULL, 'Active', NULL),
(47, '1', '16', 'Name the person who was also known as Deshbandhu.', 'job2.jpg', 'image', 'S. Radhakrishnan', 'G.K. Gokhale', 'Chittaranjan Das', 'Madan Mohan Malviya', 'Chittaranjan Das', NULL, 'Active', NULL),
(48, '2', '16', 'Which of the following is NOT the language enshrined in the eighth schedule of the Indian Constitution, as the language of the state?', 'job2.jpg', 'image', 'Nepali', 'Kashmiri', 'English', 'Konkani', 'English', NULL, 'Active', NULL);

-- --------------------------------------------------------

--
-- Table structure for table `test_series_result`
--

CREATE TABLE `test_series_result` (
  `test_series_result_id` int(11) NOT NULL,
  `quiz_id` text DEFAULT NULL,
  `login_id` text DEFAULT NULL,
  `correct_answer` text DEFAULT NULL,
  `wrong_answer` text DEFAULT NULL,
  `total_questions` text DEFAULT NULL,
  `time_taken` text DEFAULT NULL,
  `obtain_marks` decimal(10,2) NOT NULL DEFAULT 0.00,
  `status` text DEFAULT NULL,
  `created_on` text DEFAULT NULL
) ENGINE=InnoDB DEFAULT CHARSET=utf8mb4;

--
-- Dumping data for table `test_series_result`
--

INSERT INTO `test_series_result` (`test_series_result_id`, `quiz_id`, `login_id`, `correct_answer`, `wrong_answer`, `total_questions`, `time_taken`, `obtain_marks`, `status`, `created_on`) VALUES
(1, '4', '4', '1', '2', '3', '0:01:53', '0.00', 'Active', '2021-02-04'),
(2, '2', '4', '2', '1', '3', '0:01:58', '0.00', 'Active', '2021-02-04'),
(3, '2', '4', '0', '3', '3', '0:01:54', '0.00', 'Active', '2021-02-04'),
(4, '2', '4', '0', '3', '3', '0:01:55', '0.00', 'Active', '2021-02-04'),
(5, '2', '4', '0', '3', '3', '0:01:55', '0.00', 'Active', '2021-02-04'),
(6, '2', '4', '1', '2', '3', '0:01:55', '0.00', 'Active', '2021-02-04');

-- --------------------------------------------------------

--
-- Table structure for table `test_series_result_details`
--

CREATE TABLE `test_series_result_details` (
  `test_series_result_details_id` int(11) NOT NULL,
  `subject_id` text DEFAULT NULL,
  `test_series_result_id` text DEFAULT NULL,
  `question` text DEFAULT NULL,
  `correct_answer` text DEFAULT NULL,
  `users_answer` text DEFAULT NULL
) ENGINE=InnoDB DEFAULT CHARSET=utf8mb4;

--
-- Dumping data for table `test_series_result_details`
--

INSERT INTO `test_series_result_details` (`test_series_result_details_id`, `subject_id`, `test_series_result_id`, `question`, `correct_answer`, `users_answer`) VALUES
(1, '1', '1', 'Which of the following personalities gave ‘The Laws of Heredity’? ', 'G.J. Mendel', 'G.J. Mendel'),
(2, '1', '1', 'Name the person who was also known as Deshbandhu.', 'Chittaranjan Das', 'Madan Mohan Malviya'),
(3, '2', '1', 'Which of the following is NOT the language enshrined in the eighth schedule of the Indian Constitution, as the language of the state?', 'English', 'Nepali'),
(4, '1', '2', 'Which of the following personalities gave ‘The Laws of Heredity’?   ', 'G.J. Mendel', 'G.J. Mendel'),
(5, '1', '2', 'Name the person who was also known as Deshbandhu.', 'Chittaranjan Das', 'S. Radhakrishnan'),
(6, '2', '2', 'Which of the following is NOT the language enshrined in the eighth schedule of the Indian Constitution, as the language of the state?', 'English', 'English'),
(7, '1', '3', 'Which of the following personalities gave ‘The Laws of Heredity’?   ', 'G.J. Mendel', 'Charles Darwin'),
(8, '1', '3', 'Name the person who was also known as Deshbandhu.', 'Chittaranjan Das', 'S. Radhakrishnan'),
(9, '2', '3', 'Which of the following is NOT the language enshrined in the eighth schedule of the Indian Constitution, as the language of the state?', 'English', 'Kashmiri'),
(10, '1', '4', 'Which of the following personalities gave ‘The Laws of Heredity’?   ', 'G.J. Mendel', 'Charles Darwin'),
(11, '1', '4', 'Name the person who was also known as Deshbandhu.', 'Chittaranjan Das', 'S. Radhakrishnan'),
(12, '2', '4', 'Which of the following is NOT the language enshrined in the eighth schedule of the Indian Constitution, as the language of the state?', 'English', 'Kashmiri'),
(13, '1', '5', 'Which of the following personalities gave ‘The Laws of Heredity’?   ', 'G.J. Mendel', 'Charles Darwin'),
(14, '1', '5', 'Name the person who was also known as Deshbandhu.', 'Chittaranjan Das', 'G.K. Gokhale'),
(15, '2', '5', 'Which of the following is NOT the language enshrined in the eighth schedule of the Indian Constitution, as the language of the state?', 'English', 'Konkani'),
(16, '1', '6', 'Which of the following personalities gave ‘The Laws of Heredity’?   ', 'G.J. Mendel', 'Charles Darwin'),
(17, '1', '6', 'Name the person who was also known as Deshbandhu.', 'Chittaranjan Das', 'S. Radhakrishnan'),
(18, '2', '6', 'Which of the following is NOT the language enshrined in the eighth schedule of the Indian Constitution, as the language of the state?', 'English', 'English');

-- --------------------------------------------------------

--
-- Table structure for table `user_login`
--

CREATE TABLE `user_login` (
  `login_id` int(11) NOT NULL,
  `full_name` text DEFAULT NULL,
  `email` text DEFAULT NULL,
  `mobile_number` text DEFAULT NULL,
  `password` text DEFAULT NULL,
  `gender` text DEFAULT NULL,
  `profile_image` text DEFAULT NULL,
  `selected_exams` text DEFAULT NULL,
  `selected_exams_id` text DEFAULT NULL,
  `login_type` text DEFAULT NULL,
  `status` text DEFAULT NULL,
  `created_on` text DEFAULT NULL
) ENGINE=InnoDB DEFAULT CHARSET=utf8mb4;

--
-- Dumping data for table `user_login`
--

INSERT INTO `user_login` (`login_id`, `full_name`, `email`, `mobile_number`, `password`, `gender`, `profile_image`, `selected_exams`, `selected_exams_id`, `login_type`, `status`, `created_on`) VALUES
(1, '1sdvsdv', '2tut', '2dvdsv', '11568b37b43ca31db4fd040e90f7d79c', NULL, NULL, NULL, NULL, '6sdvsd', 'Active', '2021-01-22'),
(2, '1sdvsdv', '2tutfdbfd', '2dvdsv', '11568b37b43ca31db4fd040e90f7d79c', NULL, NULL, NULL, NULL, '6sdvsd', 'Active', '2021-01-22'),
(3, 'eg3gwt', 'wcwfw@dve.3g3', '9484848484', 'e10adc3949ba59abbe56e057f20f883e', NULL, NULL, NULL, NULL, 'credential', 'Active', '2021-01-22'),
(4, 'Shubham Mahalkar', 'shubham@gmail.com', '8087163177', 'e10adc3949ba59abbe56e057f20f883e', NULL, NULL, 'MPSC', '1', 'credential', 'Active', '2021-01-22'),
(5, 'Shubham Mahalkar', 'shubham@gmail.com', '8087163177', 'e10adc3949ba59abbe56e057f20f883e', NULL, NULL, 'MPSC', '1', 'credential', 'Active', '2021-01-22');

-- --------------------------------------------------------

--
-- Table structure for table `videos`
--

CREATE TABLE `videos` (
  `video_id` int(11) NOT NULL,
  `selected_exams_id` text DEFAULT NULL,
  `payment_status` text DEFAULT NULL,
  `output` text DEFAULT NULL,
  `video_title` text DEFAULT NULL,
  `video_url` text DEFAULT NULL,
  `video_duration` text DEFAULT NULL,
  `video_thumbnail` text DEFAULT NULL,
  `video_likes` text DEFAULT NULL,
  `status` text DEFAULT NULL,
  `recommended_status` text DEFAULT NULL,
  `created_on` text DEFAULT NULL
) ENGINE=InnoDB DEFAULT CHARSET=utf8mb4;

--
-- Dumping data for table `videos`
--

INSERT INTO `videos` (`video_id`, `selected_exams_id`, `payment_status`, `output`, `video_title`, `video_url`, `video_duration`, `video_thumbnail`, `video_likes`, `status`, `recommended_status`, `created_on`) VALUES
(1, '2', 'free', 'youtube', 'YouTube Video', 'TnYXQHvuPIw', '3 Min', 'TnYXQHvuPIw', '2', 'Active', 'recommended', NULL),
(2, '2', 'free', 'exo_player', 'Exo Player', 'https://i.imgur.com/7bMqysJ.mp4', NULL, 'https://i.imgur.com/7bMqysJ.mp4', NULL, 'Active', 'recommended', NULL),
(3, '2', 'free', 'vimeo', 'Vimeo', 'https://vimeo.com/73214621', NULL, NULL, NULL, 'Active', 'recommended', NULL),
(4, '1', 'free', 'youtube', 'YouTube Video', 'TnYXQHvuPIw', '3 Min', 'TnYXQHvuPIw', '2', 'Active', NULL, NULL),
(5, '1', 'free', 'exo_player', 'Exo Player', 'https://i.imgur.com/7bMqysJ.mp4', NULL, 'https://i.imgur.com/7bMqysJ.mp4', NULL, 'Active', NULL, NULL),
(6, '1', 'free', 'vimeo', 'Vimeo', 'https://vimeo.com/73214621', NULL, NULL, NULL, 'Active', NULL, NULL),
(7, '3', 'free', 'youtube', 'YouTube Video', 'TnYXQHvuPIw', '3 Min', 'TnYXQHvuPIw', '2', 'Active', NULL, NULL),
(8, '3', 'free', 'exo_player', 'Exo Player', 'https://i.imgur.com/7bMqysJ.mp4', NULL, 'https://i.imgur.com/7bMqysJ.mp4', NULL, 'Active', NULL, NULL),
(9, '3', 'free', 'vimeo', 'Vimeo', 'https://vimeo.com/73214621', NULL, NULL, NULL, 'Active', NULL, NULL),
(10, '4', 'free', 'youtube', 'YouTube Video', 'TnYXQHvuPIw', '3 Min', 'TnYXQHvuPIw', '2', 'Active', NULL, NULL),
(11, '4', 'free', 'exo_player', 'Exo Player', 'https://i.imgur.com/7bMqysJ.mp4', NULL, 'https://i.imgur.com/7bMqysJ.mp4', NULL, 'Active', NULL, NULL),
(12, '4', 'free', 'vimeo', 'Vimeo', 'https://vimeo.com/73214621', NULL, NULL, NULL, 'Active', NULL, NULL);

-- --------------------------------------------------------

--
-- Table structure for table `yashogatha`
--

CREATE TABLE `yashogatha` (
  `yashogatha_id` int(11) NOT NULL,
  `category` text DEFAULT NULL,
  `yashogatha_image` text DEFAULT NULL,
  `yashogatha_title` text DEFAULT NULL,
  `yashogatha_description` text DEFAULT NULL,
  `status` text DEFAULT NULL,
  `created_on` double DEFAULT current_timestamp()
) ENGINE=InnoDB DEFAULT CHARSET=utf8mb4;

--
-- Dumping data for table `yashogatha`
--

INSERT INTO `yashogatha` (`yashogatha_id`, `category`, `yashogatha_image`, `yashogatha_title`, `yashogatha_description`, `status`, `created_on`) VALUES
(1, 'Technology', 'yashogatha-1.jpg', 'ग्रामीण तरुणाची यशोगाथा ', 'डॉ. राहुल अशोक पाटील\r\n\r\n\'ज्यांच्या पायावर डोकं टेकावं, अशी माणसं आज आपल्याला दिसत नाहीच\', अशी परिस्थिती असताना कोणत्याही पार्श्वभूमीशिवाय काही माणसं अभूतपूर्व यश संपादन करत, आपापल्या क्षेत्रात आदर्श निर्माण करतात. ध्येयनिष्ठा, प्रामाणिकपणा आणि सामाजिक बांधिलकी जपत यशस्वी होतात. अशा दुर्मीळ व्यक्तिमत्त्वांपैकी एक यशस्वी व्यक्तिमत्त्व म्हणजे प्राचार्य डॉ. पंडितराव पवार. त्यांच्या जीवन प्रवासावरील लेखन नुकतेच \'फुलाफुलात चाललो\' या शीर्षकाने प्रकाशित झाले आहे. या आत्मकथनात स्वान्तसुखाय आठवणींचा पट, मानवी आयुष्यातील चढ- उतार, भटकंतीतील भारतदर्शन नि त्यातून मिळालेले समृद्ध अनुभव आणि गेल्या पन्नास वर्षांतील शिक्षण क्षेत्रात झालेले बदल, यांचे चित्रण आले आहे.\r\n\r\nबालपणी शाळेत जायला कंटाळा करणारे पंडितराव पुढे प्राध्यापक, प्राचार्य आणि पुणे विद्यापीठाच्या विविध अधिकार मंडळांवर प्रभावी काम करणारे \'प्रशासक\' बनले. स्वतःचे कर्तृत्व सिद्ध करण्यासाठी विविध पातळ्यांवर संघर्ष अटळ आहे. त्यामुळे त्यांनी मांडलेला हा जीवनप्रवास ग्रामीण भागातील तरुणांसाठी प्रेरणादायी आहे.\r\n\r\n१० जानेवारी, १९४७ रोजी खुंटेवाडी येथे त्यांचा जन्म झाला. गिरणा नदीच्या काठावरील भऊर गावात, पंचवीस जणांच्या शेतकरी कुटुंबात ते लहानाचे मोठे झाले. एकत्र कुटुंबात समृद्ध संस्कार मिळाले. १९५३ ला शाळा सुरू झाली, पण दूरवर पायी चालणे, रस्त्यातील धूळ आणि पावसाळ्यातील चिखल यांमुळे शाळेत जाण्याचा कंटाळा हा पहिला अनुभव. दुपारच्या जेवणात फडक्यात बांधलेली भाकरी, लोणचे व हिरव्या मिरचीचा ठेचा मित्रांसोबत खाणे हा दुसरा अनुभव. पहिली ते सातवीपर्यंतच्या शाळेत, एकच शिक्षक दोन-तीन वर्ग शिकवत हा तिसरा अनुभव. अशा जीवन घडविणाऱ्या अनुभवांचे आणि शाळेचे लेखकाने केलेले वर्णन चित्रमय आहे. या शाळेत भौतिक सुविधा कमी होत्या, पण संस्कार मात्र भरपूर होते. दरम्यानच्या काळात कुटुंबाचे विभक्तीकरण होऊन असुरक्षिततेची भावना निर्माण झाली. सातवीत अनुत्तीर्ण झाल्यावर शाळेचा रस्ता बंद होईल अशी भीती वाटत राहिली, पण गावातील शाळेने पुस्तकी शिक्षणाबरोबर व्यवहारज्ञानही दिल्याचे समाधान होते. पुढील शिक्षणासाठी प्रवेश न मिळाल्याने लेखक शेतीच्या कामात गुंतले. योगायोगाने त्याच वर्षी नवी बेज येथे ना.जि.म.वि.प्र. समाज संस्थेची शाळा सुरू झाली. उशिरा परवानगी मिळाल्याने मुले कमी पडू लागली आणि लेखकाला सहज प्रवेश मिळाला. १९६४ साली ते एस.एस.सी. उत्तीर्ण झाले. आयुष्यात पहिली आणि शेवटची कॉपी केली आणि मन सतत खात राहिले. तिकडे आईची तब्ब्येत बरीच खालावली. कौटुंबिक चढ-उतार वाढले.\r\n\r\nआईचे आजारपण, बहिणीचे लग्न, त्यामुळे झालेले कर्ज, भावंडांचे शाळा सोडणे, धान्य संपणे, पुन्हा कर्ज... यात लेखकाने अनुभवलेली ओढाताण, सर्वसामान्य शेतकरी कुटुंबाचे भोग प्रत्ययकारी पद्धतीने मांडते. काटकसरीच्या संसारातून हा प्रवास कसाबसा सुरू असताना लेखकाचे मन मात्र शिक्षणाकडेच होते. शिकलो तर नोकरी मिळेल, परिस्थिती सुधारेल व कुटुंबाला हातभार लागेल हे कळत होते, पण परिस्थिती काही सुचू देत नव्हती. तेव्हा शाळेतील बच्छाव सरांच्या मार्गदर्शनामुळे लेखकाने महाविद्यालयात प्रवेश घ्यायचा ठरविले. प्रवेशासाठी लागणारे पाचशे रुपये हात उसनवार व कर्जातून उभे करत एच.पी.टी. महाविद्यालयात प्रवेश घेतला. प्रारंभी तेथील रंगीबेरंगी वातावरणात लेखक संकोचला, पण सवयीने हळूहळू रुळला. प्रा. वसंत कानेटकर, प्रा. प्रभाकर राजगुरू व प्रा. रा. रं. गोसावी साहित्य व प्रा. राम बापट इतिहास शिकवित. पहिल्या वर्षी राष्ट्रीय छात्र सेनेच्या प्रशिक्षणात शिकलेल्या गोष्टींचा आयुष्यभर उपयोग झाला.\r\n\r\nमे, १९६५ मध्ये लग्न झाले. १९६८ ला बी.ए. झाल्यावर नोकरीचे प्रयत्न सुरू केले. शिक्षकी व्यवसाय आवडत असल्याने तिकडे ओढा होताच. अॅड. एल. एम. पाटील यांच्या सहकार्याने जून, १९६८ मध्ये नोकरी मिळाली. \'जनता इंग्लिश स्कूल, दिंडोरी\' येथे रुजू झाल्यावर एक नवा प्रवास सुरू झाला. १०५ रुपये पहिला पगार मिळाला. शाळेच्या विविध उपक्रमात हिरिरीने भाग घेतल्याने व्यक्तिमत्त्व विकसित होत गेले. एक वर्ष सेवा दिल्यावर १९६९- ७० साली संस्थेने डेप्युटेशनवर शिक्षणशास्त्र प्रशिक्षणासाठी पाठविले व पाच वर्षे सेवा देण्याचा करार केला. मोहाडीत बदली झाल्यावर शालेय उपक्रमासोबतच पवारसर गावातील सर्व प्रकारच्या उपक्रमात सक्रिय झाले. वडाळीभोईच्या नोकरीनंतर महाविद्यालयात सेवा करण्याची संधी मिळाली. मार्च, १९८१ ला पीएच.डी. पदवी प्राप्त केली. १९८९ मध्ये पत्नी आणि १९९७ ला पुत्रवियोग सहन करावा लागला.\r\n\r\nमविप्रच्या विविध शाळा-महाविद्यालयात चाळीस वर्ष सेवा देताना तब्बल २८ वर्षे \'प्राचार्य\' म्हणून काम करण्याची संधी मिळाली. या संधीचे सोने करत एकीकडे पवार यांनी साधारण सोळा पुस्तकांचे लेखन केले, तर दुसरीकडे इगतपुरी, निफाड, नांदगाव, सटाणा व पिंपळगाव बसवंत येथे \'प्राचार्य\' म्हणून महाविद्यालयाची घडी बसविण्यात, शिस्त लावण्यात त्यांचे सक्रिय योगदान होते. प्रशासकीय व शैक्षणिक काम करतानाच त्यांनी लेखन, व्याख्याने यातून समाजप्रबोधन केले. वृत्तपत्रांमध्ये प्रासंगिक लेखन व स्तंभलेखन केले. पुणे विद्यापीठाच्या मराठी अभ्यास मंडळापासून तर सर्वोच्च अशा व्यवस्थापन परिषदेपर्यंत विविध जबाबदाऱ्या पार पाडत भरीव योगदान दिले. निवृत्तीनंतर विद्यापीठाच्या नाशिक येथील उपकेंद्रात पाच वर्षे \'समन्वयक\' म्हणून काम पाहिले. वयाच्या ७२व्या वर्षीदेखील ते उत्साहाने वाचन-लेखन करतात. आयुष्यातील अनेक चढ-उतार, व्यावसायिक जबाबदाऱ्या व कौटुंबिक कर्तव्ये पार पाडताना त्यांनी भारतभ्रमण केले.\r\n\r\nडॉ. पंडितराव पवार यांनी आपल्या जीवन प्रवासावर लिहिलेले हे पुस्तक, केवळ आत्मकथन नसून इतरांना प्रेरणा देणारे प्रेरक लेखन आहे. या पुस्तकातील अनेक वर्णने डोळ्यांसमोर प्रत्यक्ष चित्रं उभी करतात. फक्त या आत्मकथनातील बराचसा भाग हा प्रवासवर्णनांशी निगडित असल्याने \'भारत दर्शनाचा अनुभव\' यावर स्वतंत्र लेखन आणि जीवन प्रवासावर स्वतंत्र लेखन केले असते तर ते अधिक औचित्यपूर्ण ठरले असते. \'आयुष्यामध्ये चांगली माणसे विशेषतः चांगले शिक्षक भेटले, ध्येय-जिद्द ठेवली, स्वाभिमान बाळगला आणि काटेकोर नियोजन करून सातत्यपूर्ण प्रयत्न केले, तर यश मिळाल्याशिवाय राहत नाही\' याची प्रचिती \'फुलाफुलात चाललो\' या आत्मकथनातून येते.\r\n\r\nफुलाफुलात चाललो (आत्मकथन)\r\n\r\nलेखक : प्राचार्य डॉ. पंडितराव पवार\r\n\r\nमुखपृष्ठ : सतीश खानविलकर\r\n\r\nप्रकाशन : ग्रंथाली प्रकाशन, मुंबई\r\n\r\nपृष्ठं : १८०\r\n\r\nकिंमत : २५० रु.\r\n', 'Active', 1607121305000),
(3, 'Technology', 'yashogatha-1.jpg', 'ग्रामीण तरुणाची यशोगाथा ', 'डॉ. राहुल अशोक पाटील\r\n\r\n\'ज्यांच्या पायावर डोकं टेकावं, अशी माणसं आज आपल्याला दिसत नाहीच\', अशी परिस्थिती असताना कोणत्याही पार्श्वभूमीशिवाय काही माणसं अभूतपूर्व यश संपादन करत, आपापल्या क्षेत्रात आदर्श निर्माण करतात. ध्येयनिष्ठा, प्रामाणिकपणा आणि सामाजिक बांधिलकी जपत यशस्वी होतात. अशा दुर्मीळ व्यक्तिमत्त्वांपैकी एक यशस्वी व्यक्तिमत्त्व म्हणजे प्राचार्य डॉ. पंडितराव पवार. त्यांच्या जीवन प्रवासावरील लेखन नुकतेच \'फुलाफुलात चाललो\' या शीर्षकाने प्रकाशित झाले आहे. या आत्मकथनात स्वान्तसुखाय आठवणींचा पट, मानवी आयुष्यातील चढ- उतार, भटकंतीतील भारतदर्शन नि त्यातून मिळालेले समृद्ध अनुभव आणि गेल्या पन्नास वर्षांतील शिक्षण क्षेत्रात झालेले बदल, यांचे चित्रण आले आहे.\r\n\r\nबालपणी शाळेत जायला कंटाळा करणारे पंडितराव पुढे प्राध्यापक, प्राचार्य आणि पुणे विद्यापीठाच्या विविध अधिकार मंडळांवर प्रभावी काम करणारे \'प्रशासक\' बनले. स्वतःचे कर्तृत्व सिद्ध करण्यासाठी विविध पातळ्यांवर संघर्ष अटळ आहे. त्यामुळे त्यांनी मांडलेला हा जीवनप्रवास ग्रामीण भागातील तरुणांसाठी प्रेरणादायी आहे.\r\n\r\n१० जानेवारी, १९४७ रोजी खुंटेवाडी येथे त्यांचा जन्म झाला. गिरणा नदीच्या काठावरील भऊर गावात, पंचवीस जणांच्या शेतकरी कुटुंबात ते लहानाचे मोठे झाले. एकत्र कुटुंबात समृद्ध संस्कार मिळाले. १९५३ ला शाळा सुरू झाली, पण दूरवर पायी चालणे, रस्त्यातील धूळ आणि पावसाळ्यातील चिखल यांमुळे शाळेत जाण्याचा कंटाळा हा पहिला अनुभव. दुपारच्या जेवणात फडक्यात बांधलेली भाकरी, लोणचे व हिरव्या मिरचीचा ठेचा मित्रांसोबत खाणे हा दुसरा अनुभव. पहिली ते सातवीपर्यंतच्या शाळेत, एकच शिक्षक दोन-तीन वर्ग शिकवत हा तिसरा अनुभव. अशा जीवन घडविणाऱ्या अनुभवांचे आणि शाळेचे लेखकाने केलेले वर्णन चित्रमय आहे. या शाळेत भौतिक सुविधा कमी होत्या, पण संस्कार मात्र भरपूर होते. दरम्यानच्या काळात कुटुंबाचे विभक्तीकरण होऊन असुरक्षिततेची भावना निर्माण झाली. सातवीत अनुत्तीर्ण झाल्यावर शाळेचा रस्ता बंद होईल अशी भीती वाटत राहिली, पण गावातील शाळेने पुस्तकी शिक्षणाबरोबर व्यवहारज्ञानही दिल्याचे समाधान होते. पुढील शिक्षणासाठी प्रवेश न मिळाल्याने लेखक शेतीच्या कामात गुंतले. योगायोगाने त्याच वर्षी नवी बेज येथे ना.जि.म.वि.प्र. समाज संस्थेची शाळा सुरू झाली. उशिरा परवानगी मिळाल्याने मुले कमी पडू लागली आणि लेखकाला सहज प्रवेश मिळाला. १९६४ साली ते एस.एस.सी. उत्तीर्ण झाले. आयुष्यात पहिली आणि शेवटची कॉपी केली आणि मन सतत खात राहिले. तिकडे आईची तब्ब्येत बरीच खालावली. कौटुंबिक चढ-उतार वाढले.\r\n\r\nआईचे आजारपण, बहिणीचे लग्न, त्यामुळे झालेले कर्ज, भावंडांचे शाळा सोडणे, धान्य संपणे, पुन्हा कर्ज... यात लेखकाने अनुभवलेली ओढाताण, सर्वसामान्य शेतकरी कुटुंबाचे भोग प्रत्ययकारी पद्धतीने मांडते. काटकसरीच्या संसारातून हा प्रवास कसाबसा सुरू असताना लेखकाचे मन मात्र शिक्षणाकडेच होते. शिकलो तर नोकरी मिळेल, परिस्थिती सुधारेल व कुटुंबाला हातभार लागेल हे कळत होते, पण परिस्थिती काही सुचू देत नव्हती. तेव्हा शाळेतील बच्छाव सरांच्या मार्गदर्शनामुळे लेखकाने महाविद्यालयात प्रवेश घ्यायचा ठरविले. प्रवेशासाठी लागणारे पाचशे रुपये हात उसनवार व कर्जातून उभे करत एच.पी.टी. महाविद्यालयात प्रवेश घेतला. प्रारंभी तेथील रंगीबेरंगी वातावरणात लेखक संकोचला, पण सवयीने हळूहळू रुळला. प्रा. वसंत कानेटकर, प्रा. प्रभाकर राजगुरू व प्रा. रा. रं. गोसावी साहित्य व प्रा. राम बापट इतिहास शिकवित. पहिल्या वर्षी राष्ट्रीय छात्र सेनेच्या प्रशिक्षणात शिकलेल्या गोष्टींचा आयुष्यभर उपयोग झाला.\r\n\r\nमे, १९६५ मध्ये लग्न झाले. १९६८ ला बी.ए. झाल्यावर नोकरीचे प्रयत्न सुरू केले. शिक्षकी व्यवसाय आवडत असल्याने तिकडे ओढा होताच. अॅड. एल. एम. पाटील यांच्या सहकार्याने जून, १९६८ मध्ये नोकरी मिळाली. \'जनता इंग्लिश स्कूल, दिंडोरी\' येथे रुजू झाल्यावर एक नवा प्रवास सुरू झाला. १०५ रुपये पहिला पगार मिळाला. शाळेच्या विविध उपक्रमात हिरिरीने भाग घेतल्याने व्यक्तिमत्त्व विकसित होत गेले. एक वर्ष सेवा दिल्यावर १९६९- ७० साली संस्थेने डेप्युटेशनवर शिक्षणशास्त्र प्रशिक्षणासाठी पाठविले व पाच वर्षे सेवा देण्याचा करार केला. मोहाडीत बदली झाल्यावर शालेय उपक्रमासोबतच पवारसर गावातील सर्व प्रकारच्या उपक्रमात सक्रिय झाले. वडाळीभोईच्या नोकरीनंतर महाविद्यालयात सेवा करण्याची संधी मिळाली. मार्च, १९८१ ला पीएच.डी. पदवी प्राप्त केली. १९८९ मध्ये पत्नी आणि १९९७ ला पुत्रवियोग सहन करावा लागला.\r\n\r\nमविप्रच्या विविध शाळा-महाविद्यालयात चाळीस वर्ष सेवा देताना तब्बल २८ वर्षे \'प्राचार्य\' म्हणून काम करण्याची संधी मिळाली. या संधीचे सोने करत एकीकडे पवार यांनी साधारण सोळा पुस्तकांचे लेखन केले, तर दुसरीकडे इगतपुरी, निफाड, नांदगाव, सटाणा व पिंपळगाव बसवंत येथे \'प्राचार्य\' म्हणून महाविद्यालयाची घडी बसविण्यात, शिस्त लावण्यात त्यांचे सक्रिय योगदान होते. प्रशासकीय व शैक्षणिक काम करतानाच त्यांनी लेखन, व्याख्याने यातून समाजप्रबोधन केले. वृत्तपत्रांमध्ये प्रासंगिक लेखन व स्तंभलेखन केले. पुणे विद्यापीठाच्या मराठी अभ्यास मंडळापासून तर सर्वोच्च अशा व्यवस्थापन परिषदेपर्यंत विविध जबाबदाऱ्या पार पाडत भरीव योगदान दिले. निवृत्तीनंतर विद्यापीठाच्या नाशिक येथील उपकेंद्रात पाच वर्षे \'समन्वयक\' म्हणून काम पाहिले. वयाच्या ७२व्या वर्षीदेखील ते उत्साहाने वाचन-लेखन करतात. आयुष्यातील अनेक चढ-उतार, व्यावसायिक जबाबदाऱ्या व कौटुंबिक कर्तव्ये पार पाडताना त्यांनी भारतभ्रमण केले.\r\n\r\nडॉ. पंडितराव पवार यांनी आपल्या जीवन प्रवासावर लिहिलेले हे पुस्तक, केवळ आत्मकथन नसून इतरांना प्रेरणा देणारे प्रेरक लेखन आहे. या पुस्तकातील अनेक वर्णने डोळ्यांसमोर प्रत्यक्ष चित्रं उभी करतात. फक्त या आत्मकथनातील बराचसा भाग हा प्रवासवर्णनांशी निगडित असल्याने \'भारत दर्शनाचा अनुभव\' यावर स्वतंत्र लेखन आणि जीवन प्रवासावर स्वतंत्र लेखन केले असते तर ते अधिक औचित्यपूर्ण ठरले असते. \'आयुष्यामध्ये चांगली माणसे विशेषतः चांगले शिक्षक भेटले, ध्येय-जिद्द ठेवली, स्वाभिमान बाळगला आणि काटेकोर नियोजन करून सातत्यपूर्ण प्रयत्न केले, तर यश मिळाल्याशिवाय राहत नाही\' याची प्रचिती \'फुलाफुलात चाललो\' या आत्मकथनातून येते.\r\n\r\nफुलाफुलात चाललो (आत्मकथन)\r\n\r\nलेखक : प्राचार्य डॉ. पंडितराव पवार\r\n\r\nमुखपृष्ठ : सतीश खानविलकर\r\n\r\nप्रकाशन : ग्रंथाली प्रकाशन, मुंबई\r\n\r\nपृष्ठं : १८०\r\n\r\nकिंमत : २५० रु.\r\n', 'Active', 1570231860000);

-- --------------------------------------------------------

--
-- Table structure for table `yashogatha_comments`
--

CREATE TABLE `yashogatha_comments` (
  `yashogatha_comments_id` int(11) NOT NULL,
  `yashogatha_id` text DEFAULT NULL,
  `login_id` text DEFAULT NULL,
  `comment_body` text DEFAULT NULL,
  `comment_status` text DEFAULT NULL,
  `date` text DEFAULT NULL,
  `time` text DEFAULT NULL,
  `status` text DEFAULT NULL,
  `created_on` text DEFAULT NULL,
  `updated_on` text DEFAULT NULL
) ENGINE=InnoDB DEFAULT CHARSET=utf8mb4;

-- --------------------------------------------------------

--
-- Table structure for table `yashogatha_likes`
--

CREATE TABLE `yashogatha_likes` (
  `yashogatha_likes_id` int(11) NOT NULL,
  `yashogatha_id` text DEFAULT NULL,
  `login_id` text DEFAULT NULL,
  `status` text DEFAULT NULL,
  `created_on` text DEFAULT NULL
) ENGINE=InnoDB DEFAULT CHARSET=utf8mb4;

--
-- Dumping data for table `yashogatha_likes`
--

INSERT INTO `yashogatha_likes` (`yashogatha_likes_id`, `yashogatha_id`, `login_id`, `status`, `created_on`) VALUES
(0, '1', '4', 'Active', '2021-01-29'),
(1, '1', '1', 'Inactive', '2020-11-20'),
(2, '1', '1', 'Inactive', '2020-11-20'),
(3, '1', '1', 'Inactive', '2020-11-20'),
(4, '1', '1', 'Inactive', '2020-11-20'),
(5, '1', '1', 'Inactive', '2020-11-20'),
(6, '1', '1', 'Inactive', '2020-11-20'),
(7, '1', '1', 'Inactive', '2020-11-20'),
(8, '1', '1', 'Inactive', '2020-11-20'),
(9, '1', '9', 'Active', '2020-11-26');

-- --------------------------------------------------------

--
-- Table structure for table `yashogatha_saved`
--

CREATE TABLE `yashogatha_saved` (
  `yashogatha_saved_id` int(11) NOT NULL,
  `yashogatha_id` text DEFAULT NULL,
  `login_id` text DEFAULT NULL,
  `status` text DEFAULT NULL,
  `created_on` text DEFAULT NULL,
  `updated_on` text DEFAULT NULL
) ENGINE=InnoDB DEFAULT CHARSET=utf8mb4;

--
-- Dumping data for table `yashogatha_saved`
--

INSERT INTO `yashogatha_saved` (`yashogatha_saved_id`, `yashogatha_id`, `login_id`, `status`, `created_on`, `updated_on`) VALUES
(0, '1', '4', 'Active', '2021-01-29', NULL),
(1, '1', '1', 'Inactive', '2020-11-20', NULL),
(2, '1', '1', 'Inactive', '2020-11-20', NULL),
(3, '1', '1', 'Inactive', '2020-11-20', NULL),
(4, '1', '1', 'Inactive', '2020-11-20', NULL),
(5, '1', '1', 'Active', '2020-11-20', NULL),
(6, '1', '2', 'Inactive', '2021-01-04', NULL),
(7, '1', '2', 'Inactive', '2021-01-04', NULL),
(8, '3', '2', 'Inactive', '2021-01-04', NULL),
(9, '1', '2', 'Inactive', '2021-01-07', NULL);

--
-- Indexes for dumped tables
--

--
-- Indexes for table `abhyas_sahitya`
--
ALTER TABLE `abhyas_sahitya`
  ADD PRIMARY KEY (`abhyas_sahitya_id`);

--
-- Indexes for table `abhyas_sahitya_category`
--
ALTER TABLE `abhyas_sahitya_category`
  ADD PRIMARY KEY (`abhyas_sahitya_category_id`);

--
-- Indexes for table `abhyas_sahitya_category_subject`
--
ALTER TABLE `abhyas_sahitya_category_subject`
  ADD PRIMARY KEY (`abhyas_sahitya_category_subject_id`);

--
-- Indexes for table `banner`
--
ALTER TABLE `banner`
  ADD PRIMARY KEY (`banner_id`);

--
-- Indexes for table `current_affairs`
--
ALTER TABLE `current_affairs`
  ADD PRIMARY KEY (`current_affair_id`);

--
-- Indexes for table `current_affairs_comments`
--
ALTER TABLE `current_affairs_comments`
  ADD PRIMARY KEY (`current_affairs_comments_id`);

--
-- Indexes for table `current_affairs_likes`
--
ALTER TABLE `current_affairs_likes`
  ADD PRIMARY KEY (`current_affairs_likes_id`);

--
-- Indexes for table `current_affairs_saved`
--
ALTER TABLE `current_affairs_saved`
  ADD PRIMARY KEY (`current_affairs_saved_id`);

--
-- Indexes for table `daily_quiz`
--
ALTER TABLE `daily_quiz`
  ADD PRIMARY KEY (`quiz_id`);

--
-- Indexes for table `daily_quiz_questions`
--
ALTER TABLE `daily_quiz_questions`
  ADD PRIMARY KEY (`daily_quiz_questions_id`);

--
-- Indexes for table `doubts`
--
ALTER TABLE `doubts`
  ADD PRIMARY KEY (`doubt_id`);

--
-- Indexes for table `doubts_comment`
--
ALTER TABLE `doubts_comment`
  ADD PRIMARY KEY (`doubts_comment_id`);

--
-- Indexes for table `exams`
--
ALTER TABLE `exams`
  ADD PRIMARY KEY (`exam_id`);

--
-- Indexes for table `gatavarshichya_prashna_patrika`
--
ALTER TABLE `gatavarshichya_prashna_patrika`
  ADD PRIMARY KEY (`gatavarshichya_prashna_patrika_id`);

--
-- Indexes for table `gatavarshichya_prashna_patrika_live_test`
--
ALTER TABLE `gatavarshichya_prashna_patrika_live_test`
  ADD PRIMARY KEY (`live_test_id`);

--
-- Indexes for table `gatavarshichya_prashna_patrika_practice_test`
--
ALTER TABLE `gatavarshichya_prashna_patrika_practice_test`
  ADD PRIMARY KEY (`practice_test_id`);

--
-- Indexes for table `gatavarshichya_prashna_patrika_year`
--
ALTER TABLE `gatavarshichya_prashna_patrika_year`
  ADD PRIMARY KEY (`year_id`);

--
-- Indexes for table `gatavarshichya_prashna_patrika_year_title`
--
ALTER TABLE `gatavarshichya_prashna_patrika_year_title`
  ADD PRIMARY KEY (`question_papers_id`);

--
-- Indexes for table `job_alert`
--
ALTER TABLE `job_alert`
  ADD PRIMARY KEY (`job_alert_id`);

--
-- Indexes for table `masike`
--
ALTER TABLE `masike`
  ADD PRIMARY KEY (`masike_id`);

--
-- Indexes for table `masike_category`
--
ALTER TABLE `masike_category`
  ADD PRIMARY KEY (`masike_category_id`);

--
-- Indexes for table `notes_subject`
--
ALTER TABLE `notes_subject`
  ADD PRIMARY KEY (`notes_subject_id`);

--
-- Indexes for table `notes_subject_content`
--
ALTER TABLE `notes_subject_content`
  ADD PRIMARY KEY (`notes_subject_content_id`);

--
-- Indexes for table `pariksha_paddhati_abhyaskram`
--
ALTER TABLE `pariksha_paddhati_abhyaskram`
  ADD PRIMARY KEY (`pariksha_paddhati_abhyaskram_id`);

--
-- Indexes for table `pariksha_paddhati_abhyaskram_last_yearcut`
--
ALTER TABLE `pariksha_paddhati_abhyaskram_last_yearcut`
  ADD PRIMARY KEY (`pariksha_paddhati_abhyaskram_last_yearcut_id`);

--
-- Indexes for table `pariksha_paddhati_abhyaskram_syllabus`
--
ALTER TABLE `pariksha_paddhati_abhyaskram_syllabus`
  ADD PRIMARY KEY (`exam_syllabus_syllabus_id`);

--
-- Indexes for table `pariksha_paddhati_abhyaskram_wattage`
--
ALTER TABLE `pariksha_paddhati_abhyaskram_wattage`
  ADD PRIMARY KEY (`pariksha_paddhati_abhyaskram_wattage_id`);

--
-- Indexes for table `previous_exam_live_test_result`
--
ALTER TABLE `previous_exam_live_test_result`
  ADD PRIMARY KEY (`previous_exam_live_test_result_id`);

--
-- Indexes for table `previous_exam_live_test_result_details`
--
ALTER TABLE `previous_exam_live_test_result_details`
  ADD PRIMARY KEY (`previous_exam_live_test_result_details_id`);

--
-- Indexes for table `previous_exam_result`
--
ALTER TABLE `previous_exam_result`
  ADD PRIMARY KEY (`previous_exam_result_id`);

--
-- Indexes for table `previous_exam_result_details`
--
ALTER TABLE `previous_exam_result_details`
  ADD PRIMARY KEY (`id`);

--
-- Indexes for table `quiz_result`
--
ALTER TABLE `quiz_result`
  ADD PRIMARY KEY (`quiz_result_id`);

--
-- Indexes for table `quiz_result_detail`
--
ALTER TABLE `quiz_result_detail`
  ADD PRIMARY KEY (`id`);

--
-- Indexes for table `quiz_subject`
--
ALTER TABLE `quiz_subject`
  ADD PRIMARY KEY (`subject_id`);

--
-- Indexes for table `sarav_prashnasanch_question`
--
ALTER TABLE `sarav_prashnasanch_question`
  ADD PRIMARY KEY (`sarav_prashnasanch_question_id`);

--
-- Indexes for table `sarav_prashnasanch_result`
--
ALTER TABLE `sarav_prashnasanch_result`
  ADD PRIMARY KEY (`sarav_prashnasanch_result_id`);

--
-- Indexes for table `sarav_prashnasanch_result_details`
--
ALTER TABLE `sarav_prashnasanch_result_details`
  ADD PRIMARY KEY (`id`);

--
-- Indexes for table `sarav_prashnasanch_subjects`
--
ALTER TABLE `sarav_prashnasanch_subjects`
  ADD PRIMARY KEY (`sarav_prashnasanch_subjects_id`);

--
-- Indexes for table `sarav_prasnasanch`
--
ALTER TABLE `sarav_prasnasanch`
  ADD PRIMARY KEY (`sarav_prasnasanch_id`);

--
-- Indexes for table `selected_exams_pref`
--
ALTER TABLE `selected_exams_pref`
  ADD PRIMARY KEY (`selected_exams_id`);

--
-- Indexes for table `study_material_content`
--
ALTER TABLE `study_material_content`
  ADD PRIMARY KEY (`study_material_content_id`);

--
-- Indexes for table `study_material_content_quiz`
--
ALTER TABLE `study_material_content_quiz`
  ADD PRIMARY KEY (`study_material_content_quiz_id`);

--
-- Indexes for table `test_series`
--
ALTER TABLE `test_series`
  ADD PRIMARY KEY (`test_series`);

--
-- Indexes for table `test_series_exam_list`
--
ALTER TABLE `test_series_exam_list`
  ADD PRIMARY KEY (`test_series_exam_list_id`);

--
-- Indexes for table `test_series_questions`
--
ALTER TABLE `test_series_questions`
  ADD PRIMARY KEY (`test_series_questions_id`);

--
-- Indexes for table `test_series_result`
--
ALTER TABLE `test_series_result`
  ADD PRIMARY KEY (`test_series_result_id`);

--
-- Indexes for table `test_series_result_details`
--
ALTER TABLE `test_series_result_details`
  ADD PRIMARY KEY (`test_series_result_details_id`);

--
-- Indexes for table `user_login`
--
ALTER TABLE `user_login`
  ADD PRIMARY KEY (`login_id`);

--
-- Indexes for table `videos`
--
ALTER TABLE `videos`
  ADD PRIMARY KEY (`video_id`);

--
-- Indexes for table `yashogatha`
--
ALTER TABLE `yashogatha`
  ADD PRIMARY KEY (`yashogatha_id`);

--
-- Indexes for table `yashogatha_comments`
--
ALTER TABLE `yashogatha_comments`
  ADD PRIMARY KEY (`yashogatha_comments_id`);

--
-- Indexes for table `yashogatha_likes`
--
ALTER TABLE `yashogatha_likes`
  ADD PRIMARY KEY (`yashogatha_likes_id`);

--
-- Indexes for table `yashogatha_saved`
--
ALTER TABLE `yashogatha_saved`
  ADD PRIMARY KEY (`yashogatha_saved_id`);

--
-- AUTO_INCREMENT for dumped tables
--

--
-- AUTO_INCREMENT for table `abhyas_sahitya`
--
ALTER TABLE `abhyas_sahitya`
  MODIFY `abhyas_sahitya_id` int(11) NOT NULL AUTO_INCREMENT, AUTO_INCREMENT=55;

--
-- AUTO_INCREMENT for table `abhyas_sahitya_category`
--
ALTER TABLE `abhyas_sahitya_category`
  MODIFY `abhyas_sahitya_category_id` int(11) NOT NULL AUTO_INCREMENT, AUTO_INCREMENT=11;

--
-- AUTO_INCREMENT for table `abhyas_sahitya_category_subject`
--
ALTER TABLE `abhyas_sahitya_category_subject`
  MODIFY `abhyas_sahitya_category_subject_id` int(11) NOT NULL AUTO_INCREMENT, AUTO_INCREMENT=63;

--
-- AUTO_INCREMENT for table `banner`
--
ALTER TABLE `banner`
  MODIFY `banner_id` int(11) NOT NULL AUTO_INCREMENT, AUTO_INCREMENT=5;

--
-- AUTO_INCREMENT for table `current_affairs`
--
ALTER TABLE `current_affairs`
  MODIFY `current_affair_id` int(11) NOT NULL AUTO_INCREMENT, AUTO_INCREMENT=49;

--
-- AUTO_INCREMENT for table `current_affairs_comments`
--
ALTER TABLE `current_affairs_comments`
  MODIFY `current_affairs_comments_id` int(11) NOT NULL AUTO_INCREMENT, AUTO_INCREMENT=9;

--
-- AUTO_INCREMENT for table `current_affairs_likes`
--
ALTER TABLE `current_affairs_likes`
  MODIFY `current_affairs_likes_id` int(11) NOT NULL AUTO_INCREMENT, AUTO_INCREMENT=38;

--
-- AUTO_INCREMENT for table `current_affairs_saved`
--
ALTER TABLE `current_affairs_saved`
  MODIFY `current_affairs_saved_id` int(11) NOT NULL AUTO_INCREMENT, AUTO_INCREMENT=41;

--
-- AUTO_INCREMENT for table `daily_quiz`
--
ALTER TABLE `daily_quiz`
  MODIFY `quiz_id` int(11) NOT NULL AUTO_INCREMENT, AUTO_INCREMENT=13;

--
-- AUTO_INCREMENT for table `daily_quiz_questions`
--
ALTER TABLE `daily_quiz_questions`
  MODIFY `daily_quiz_questions_id` int(11) NOT NULL AUTO_INCREMENT, AUTO_INCREMENT=32;

--
-- AUTO_INCREMENT for table `doubts`
--
ALTER TABLE `doubts`
  MODIFY `doubt_id` int(11) NOT NULL AUTO_INCREMENT, AUTO_INCREMENT=10;

--
-- AUTO_INCREMENT for table `doubts_comment`
--
ALTER TABLE `doubts_comment`
  MODIFY `doubts_comment_id` int(11) NOT NULL AUTO_INCREMENT, AUTO_INCREMENT=3;

--
-- AUTO_INCREMENT for table `exams`
--
ALTER TABLE `exams`
  MODIFY `exam_id` int(11) NOT NULL AUTO_INCREMENT, AUTO_INCREMENT=5;

--
-- AUTO_INCREMENT for table `gatavarshichya_prashna_patrika`
--
ALTER TABLE `gatavarshichya_prashna_patrika`
  MODIFY `gatavarshichya_prashna_patrika_id` int(11) NOT NULL AUTO_INCREMENT, AUTO_INCREMENT=46;

--
-- AUTO_INCREMENT for table `gatavarshichya_prashna_patrika_live_test`
--
ALTER TABLE `gatavarshichya_prashna_patrika_live_test`
  MODIFY `live_test_id` int(11) NOT NULL AUTO_INCREMENT, AUTO_INCREMENT=241;

--
-- AUTO_INCREMENT for table `gatavarshichya_prashna_patrika_practice_test`
--
ALTER TABLE `gatavarshichya_prashna_patrika_practice_test`
  MODIFY `practice_test_id` int(11) NOT NULL AUTO_INCREMENT, AUTO_INCREMENT=241;

--
-- AUTO_INCREMENT for table `gatavarshichya_prashna_patrika_year`
--
ALTER TABLE `gatavarshichya_prashna_patrika_year`
  MODIFY `year_id` int(11) NOT NULL AUTO_INCREMENT, AUTO_INCREMENT=41;

--
-- AUTO_INCREMENT for table `gatavarshichya_prashna_patrika_year_title`
--
ALTER TABLE `gatavarshichya_prashna_patrika_year_title`
  MODIFY `question_papers_id` int(11) NOT NULL AUTO_INCREMENT, AUTO_INCREMENT=81;

--
-- AUTO_INCREMENT for table `job_alert`
--
ALTER TABLE `job_alert`
  MODIFY `job_alert_id` int(11) NOT NULL AUTO_INCREMENT, AUTO_INCREMENT=5;

--
-- AUTO_INCREMENT for table `masike`
--
ALTER TABLE `masike`
  MODIFY `masike_id` int(11) NOT NULL AUTO_INCREMENT, AUTO_INCREMENT=19;

--
-- AUTO_INCREMENT for table `masike_category`
--
ALTER TABLE `masike_category`
  MODIFY `masike_category_id` int(11) NOT NULL AUTO_INCREMENT, AUTO_INCREMENT=10;

--
-- AUTO_INCREMENT for table `notes_subject`
--
ALTER TABLE `notes_subject`
  MODIFY `notes_subject_id` int(11) NOT NULL AUTO_INCREMENT, AUTO_INCREMENT=6;

--
-- AUTO_INCREMENT for table `notes_subject_content`
--
ALTER TABLE `notes_subject_content`
  MODIFY `notes_subject_content_id` int(11) NOT NULL AUTO_INCREMENT, AUTO_INCREMENT=11;

--
-- AUTO_INCREMENT for table `pariksha_paddhati_abhyaskram`
--
ALTER TABLE `pariksha_paddhati_abhyaskram`
  MODIFY `pariksha_paddhati_abhyaskram_id` int(11) NOT NULL AUTO_INCREMENT, AUTO_INCREMENT=36;

--
-- AUTO_INCREMENT for table `pariksha_paddhati_abhyaskram_last_yearcut`
--
ALTER TABLE `pariksha_paddhati_abhyaskram_last_yearcut`
  MODIFY `pariksha_paddhati_abhyaskram_last_yearcut_id` int(11) NOT NULL AUTO_INCREMENT, AUTO_INCREMENT=36;

--
-- AUTO_INCREMENT for table `pariksha_paddhati_abhyaskram_syllabus`
--
ALTER TABLE `pariksha_paddhati_abhyaskram_syllabus`
  MODIFY `exam_syllabus_syllabus_id` int(11) NOT NULL AUTO_INCREMENT, AUTO_INCREMENT=36;

--
-- AUTO_INCREMENT for table `pariksha_paddhati_abhyaskram_wattage`
--
ALTER TABLE `pariksha_paddhati_abhyaskram_wattage`
  MODIFY `pariksha_paddhati_abhyaskram_wattage_id` int(11) NOT NULL AUTO_INCREMENT, AUTO_INCREMENT=36;

--
-- AUTO_INCREMENT for table `previous_exam_live_test_result`
--
ALTER TABLE `previous_exam_live_test_result`
  MODIFY `previous_exam_live_test_result_id` int(11) NOT NULL AUTO_INCREMENT, AUTO_INCREMENT=7;

--
-- AUTO_INCREMENT for table `previous_exam_live_test_result_details`
--
ALTER TABLE `previous_exam_live_test_result_details`
  MODIFY `previous_exam_live_test_result_details_id` int(11) NOT NULL AUTO_INCREMENT, AUTO_INCREMENT=19;

--
-- AUTO_INCREMENT for table `previous_exam_result`
--
ALTER TABLE `previous_exam_result`
  MODIFY `previous_exam_result_id` int(11) NOT NULL AUTO_INCREMENT, AUTO_INCREMENT=9;

--
-- AUTO_INCREMENT for table `previous_exam_result_details`
--
ALTER TABLE `previous_exam_result_details`
  MODIFY `id` int(11) NOT NULL AUTO_INCREMENT, AUTO_INCREMENT=25;

--
-- AUTO_INCREMENT for table `quiz_result`
--
ALTER TABLE `quiz_result`
  MODIFY `quiz_result_id` int(11) NOT NULL AUTO_INCREMENT, AUTO_INCREMENT=12;

--
-- AUTO_INCREMENT for table `quiz_result_detail`
--
ALTER TABLE `quiz_result_detail`
  MODIFY `id` int(11) NOT NULL AUTO_INCREMENT, AUTO_INCREMENT=34;

--
-- AUTO_INCREMENT for table `quiz_subject`
--
ALTER TABLE `quiz_subject`
  MODIFY `subject_id` int(11) NOT NULL AUTO_INCREMENT, AUTO_INCREMENT=17;

--
-- AUTO_INCREMENT for table `sarav_prashnasanch_question`
--
ALTER TABLE `sarav_prashnasanch_question`
  MODIFY `sarav_prashnasanch_question_id` int(11) NOT NULL AUTO_INCREMENT, AUTO_INCREMENT=106;

--
-- AUTO_INCREMENT for table `sarav_prashnasanch_result`
--
ALTER TABLE `sarav_prashnasanch_result`
  MODIFY `sarav_prashnasanch_result_id` int(11) NOT NULL AUTO_INCREMENT, AUTO_INCREMENT=7;

--
-- AUTO_INCREMENT for table `sarav_prashnasanch_result_details`
--
ALTER TABLE `sarav_prashnasanch_result_details`
  MODIFY `id` int(11) NOT NULL AUTO_INCREMENT, AUTO_INCREMENT=19;

--
-- AUTO_INCREMENT for table `sarav_prashnasanch_subjects`
--
ALTER TABLE `sarav_prashnasanch_subjects`
  MODIFY `sarav_prashnasanch_subjects_id` int(11) NOT NULL AUTO_INCREMENT, AUTO_INCREMENT=36;

--
-- AUTO_INCREMENT for table `test_series_result`
--
ALTER TABLE `test_series_result`
  MODIFY `test_series_result_id` int(11) NOT NULL AUTO_INCREMENT, AUTO_INCREMENT=7;

--
-- AUTO_INCREMENT for table `test_series_result_details`
--
ALTER TABLE `test_series_result_details`
  MODIFY `test_series_result_details_id` int(11) NOT NULL AUTO_INCREMENT, AUTO_INCREMENT=19;

--
-- AUTO_INCREMENT for table `user_login`
--
ALTER TABLE `user_login`
  MODIFY `login_id` int(11) NOT NULL AUTO_INCREMENT, AUTO_INCREMENT=6;
COMMIT;

/*!40101 SET CHARACTER_SET_CLIENT=@OLD_CHARACTER_SET_CLIENT */;
/*!40101 SET CHARACTER_SET_RESULTS=@OLD_CHARACTER_SET_RESULTS */;
/*!40101 SET COLLATION_CONNECTION=@OLD_COLLATION_CONNECTION */;
